file,pid,minute_local,category,calls,success,raw_bytes_attempted,payload_bytes_attempted
vm-io-20261002-145808.log,413172,2026-10-02T14:59:00,compaction,18,18,73977856,17888794
vm-io-20261002-145808.log,413172,2026-10-02T14:59:00,normal,7,7,253952,29749
vm-io-20261002-145808.log,413172,2026-10-02T15:00:00,compaction,48,48,201326592,24573459
vm-io-20261002-145808.log,413172,2026-10-02T15:00:00,normal,222,222,8859648,838804
vm-io-20261002-145808.log,413172,2026-10-02T15:01:00,normal,156,156,2347008,181732
vm-io-20261002-145808.log,413172,2026-10-02T15:01:00,compaction,74,74,306208768,34758374
vm-io-20261002-145808.log,413172,2026-10-02T15:02:00,compaction,89,89,369364992,85210215
vm-io-20261002-145808.log,413172,2026-10-02T15:02:00,normal,89,89,819200,29170
vm-io-20261002-145808.log,413172,2026-10-02T15:03:00,compaction,68,68,282542080,83864485
vm-io-20261002-145808.log,413172,2026-10-02T15:03:00,normal,57,48,757760,91031
vm-io-20261002-145808.log,413172,2026-10-02T15:04:00,normal,91,91,3018752,416568
vm-io-20261002-145808.log,413172,2026-10-02T15:04:00,compaction,103,103,432013312,103227040
vm-io-20261002-145808.log,413172,2026-10-02T15:05:00,normal,125,125,2711552,289729
vm-io-20261002-145808.log,413172,2026-10-02T15:05:00,compaction,93,93,389648384,84098080
vm-io-20261002-145808.log,413172,2026-10-02T15:06:00,normal,300,300,4378624,464025
vm-io-20261002-145808.log,413172,2026-10-02T15:06:00,compaction,53,53,219877376,41243120
vm-io-20261002-145808.log,413172,2026-10-02T15:07:00,normal,214,214,1867776,168354
vm-io-20261002-145808.log,413172,2026-10-02T15:07:00,compaction,213,213,892321792,122732459
vm-io-20261002-145808.log,413172,2026-10-02T15:08:00,normal,111,111,8716288,663999
vm-io-20261002-145808.log,413172,2026-10-02T15:08:00,compaction,155,155,643268608,150449810
vm-io-20261002-145808.log,413172,2026-10-02T15:09:00,compaction,180,180,752230400,219000707
vm-io-20261002-145808.log,413172,2026-10-02T15:09:00,normal,59,58,4313088,372267
vm-io-20261002-145808.log,413172,2026-10-02T15:10:00,compaction,109,107,456867840,119961656
vm-io-20261002-145808.log,413172,2026-10-02T15:10:00,normal,62,60,1183744,125357
vm-io-20261002-145808.log,413172,2026-10-02T15:11:00,compaction,54,54,222478336,57133377
vm-io-20261002-145808.log,413172,2026-10-02T15:11:00,normal,89,89,884736,53071
vm-io-20261002-145808.log,413172,2026-10-02T15:12:00,compaction,36,36,150994944,21964726
vm-io-20261002-145808.log,413172,2026-10-02T15:12:00,normal,68,64,446472,67092
vm-io-20261002-145808.log,413172,2026-10-02T15:13:00,compaction,166,166,692527104,100918581
vm-io-20261002-145808.log,413172,2026-10-02T15:13:00,normal,116,109,4161544,395951
vm-io-20261002-145808.log,413172,2026-10-02T15:14:00,normal,301,292,6107136,568311
vm-io-20261002-145808.log,413172,2026-10-02T15:14:00,compaction,24,24,100663296,34336802
vm-io-20261002-145808.log,413172,2026-10-02T15:15:00,normal,283,283,6180864,396489
vm-io-20261002-145808.log,413172,2026-10-02T15:15:00,compaction,118,118,491626496,96058762
vm-io-20261002-145808.log,413172,2026-10-02T15:16:00,normal,513,513,6942720,680459
vm-io-20261002-145808.log,413172,2026-10-02T15:16:00,compaction,17,17,71303168,2645758
vm-io-20261002-145808.log,413172,2026-10-02T15:17:00,normal,347,347,57245696,274317
vm-io-20261002-145808.log,413172,2026-10-02T15:17:00,compaction,103,103,425111552,32480600
vm-io-20261002-145808.log,413172,2026-10-02T15:18:00,compaction,67,67,278147072,16326241
vm-io-20261002-145808.log,413172,2026-10-02T15:18:00,normal,437,437,114565120,91216
vm-io-20261002-145808.log,413172,2026-10-02T15:19:00,normal,448,448,75341824,234013
vm-io-20261002-145808.log,413172,2026-10-02T15:19:00,compaction,22,22,89677824,5876010
vm-io-20261002-145808.log,413172,2026-10-02T15:20:00,normal,316,316,44163072,101773
vm-io-20261002-145808.log,413172,2026-10-02T15:20:00,compaction,64,64,268435456,18098338
vm-io-20261002-145808.log,413172,2026-10-02T15:21:00,normal,296,284,52019200,123946
vm-io-20261002-145808.log,413172,2026-10-02T15:21:00,compaction,32,32,134217728,7051953
vm-io-20261002-145808.log,413172,2026-10-02T15:22:00,normal,337,336,61431808,113829
vm-io-20261002-145808.log,413172,2026-10-02T15:22:00,compaction,26,26,106786816,7643533
vm-io-20261002-145808.log,413172,2026-10-02T15:23:00,normal,289,280,37376008,240240
vm-io-20261002-145808.log,413172,2026-10-02T15:23:00,compaction,83,83,344526848,40233634
vm-io-20261002-145808.log,413172,2026-10-02T15:24:00,normal,449,448,15433728,763629
vm-io-20261002-145808.log,413172,2026-10-02T15:24:00,compaction,33,33,138412032,43219758
vm-io-20261002-145808.log,413172,2026-10-02T15:25:00,normal,451,451,9781248,430088
vm-io-20261002-145808.log,413172,2026-10-02T15:25:00,compaction,69,69,280289280,16451280
vm-io-20261002-145808.log,413172,2026-10-02T15:26:00,normal,486,486,12664840,826862
vm-io-20261002-145808.log,413172,2026-10-02T15:26:00,compaction,34,34,141164544,8319595
vm-io-20261002-145808.log,413172,2026-10-02T15:27:00,normal,430,430,6328320,422908
vm-io-20261002-145808.log,413172,2026-10-02T15:27:00,compaction,33,33,138412032,8196129
vm-io-20261002-145808.log,413172,2026-10-02T15:28:00,normal,385,385,8859648,654276
vm-io-20261002-145808.log,413172,2026-10-02T15:28:00,compaction,54,54,225366016,12684103
vm-io-20261002-145808.log,413172,2026-10-02T15:29:00,normal,475,475,10625024,610195
vm-io-20261002-145808.log,413172,2026-10-02T15:30:00,normal,326,326,6123520,333164
vm-io-20261002-145808.log,413172,2026-10-02T15:30:00,compaction,81,81,337678336,26748947
vm-io-20261002-145808.log,413172,2026-10-02T15:31:00,normal,358,358,10321920,506819
vm-io-20261002-145808.log,413172,2026-10-02T15:31:00,compaction,77,77,322109440,52063830
vm-io-20261002-145808.log,413172,2026-10-02T15:32:00,compaction,44,44,184524800,12277543
vm-io-20261002-145808.log,413172,2026-10-02T15:32:00,normal,383,383,6512640,398497
vm-io-20261002-145808.log,413172,2026-10-02T15:33:00,compaction,39,39,159727616,10048746
vm-io-20261002-145808.log,413172,2026-10-02T15:33:00,normal,390,390,5820416,442447
vm-io-20261002-145808.log,413172,2026-10-02T15:34:00,normal,317,317,5201944,295042
vm-io-20261002-145808.log,413172,2026-10-02T15:34:00,compaction,31,31,130023424,6930438
vm-io-20261002-145808.log,413172,2026-10-02T15:35:00,normal,307,302,4513792,256631
vm-io-20261002-145808.log,413172,2026-10-02T15:35:00,compaction,25,24,101318656,6149467
vm-io-20261002-145808.log,413172,2026-10-02T15:36:00,normal,234,234,3567616,216382
vm-io-20261002-145808.log,413172,2026-10-02T15:36:00,compaction,33,33,136318976,7639522
vm-io-20261002-145808.log,413172,2026-10-02T15:37:00,normal,206,205,5115904,284775
vm-io-20261002-145808.log,413172,2026-10-02T15:37:00,compaction,74,73,307048448,53995023
vm-io-20261002-145808.log,413172,2026-10-02T15:38:00,normal,217,208,4575232,244099
vm-io-20261002-145808.log,413172,2026-10-02T15:38:00,compaction,73,73,306184192,17557947
vm-io-20261002-145808.log,413172,2026-10-02T15:39:00,compaction,23,23,93716480,15052359
vm-io-20261002-145808.log,413172,2026-10-02T15:39:00,normal,271,271,8785920,622949
vm-io-20261002-145808.log,413172,2026-10-02T15:40:00,normal,228,227,4247552,260970
vm-io-20261002-145808.log,413172,2026-10-02T15:40:00,compaction,48,48,201326592,45543589
vm-io-20261002-145808.log,413172,2026-10-02T15:41:00,normal,247,243,5115912,243505
vm-io-20261002-145808.log,413172,2026-10-02T15:41:00,compaction,49,48,205520896,11443648
vm-io-20261002-145808.log,413172,2026-10-02T15:42:00,normal,241,241,4460544,284312
vm-io-20261002-145808.log,413172,2026-10-02T15:42:00,compaction,88,88,366764032,20484770
vm-io-20261002-145808.log,413172,2026-10-02T15:43:00,compaction,123,123,509607936,26997589
vm-io-20261002-145808.log,413172,2026-10-02T15:43:00,normal,141,141,2363392,145778
vm-io-20261002-145808.log,413172,2026-10-02T15:44:00,normal,264,264,8503296,490464
vm-io-20261002-145808.log,413172,2026-10-02T15:44:00,compaction,27,27,109707264,5464691
vm-io-20261002-145808.log,413172,2026-10-02T15:45:00,normal,222,222,3878912,231143
vm-io-20261002-145808.log,413172,2026-10-02T15:45:00,compaction,76,76,316932096,58029761
vm-io-20261002-145808.log,413172,2026-10-02T15:46:00,normal,213,204,6021128,279814
vm-io-20261002-145808.log,413172,2026-10-02T15:46:00,compaction,40,40,166002688,8244949
vm-io-20261002-145808.log,413172,2026-10-02T15:47:00,normal,175,170,2387968,177196
vm-io-20261002-145808.log,413172,2026-10-02T15:47:00,compaction,96,96,402653184,22258738
vm-io-20261002-145808.log,413172,2026-10-02T15:48:00,compaction,161,161,667283456,48491603
vm-io-20261002-145808.log,413172,2026-10-02T15:48:00,normal,131,129,6873088,524787
vm-io-20261002-145808.log,413172,2026-10-02T15:49:00,normal,104,104,2461696,124016
vm-io-20261002-145808.log,413172,2026-10-02T15:49:00,compaction,161,161,670441472,108731751
vm-io-20261002-145808.log,413172,2026-10-02T15:50:00,compaction,160,160,668000256,125305033
vm-io-20261002-145808.log,413172,2026-10-02T15:50:00,normal,82,78,1449984,76933
vm-io-20261002-145808.log,413172,2026-10-02T15:51:00,compaction,198,198,827846656,136816752
vm-io-20261002-145808.log,413172,2026-10-02T15:51:00,normal,115,110,6242304,488837
vm-io-20261002-145808.log,413172,2026-10-02T15:52:00,normal,84,84,1167360,94872
vm-io-20261002-145808.log,413172,2026-10-02T15:52:00,compaction,166,166,689930240,146045814
vm-io-20261002-145808.log,413172,2026-10-02T15:53:00,compaction,192,192,798826496,127842177
vm-io-20261002-145808.log,413172,2026-10-02T15:53:00,normal,69,68,8286224,373186
vm-io-20261002-145808.log,413172,2026-10-02T15:54:00,compaction,150,150,625311744,96346822
vm-io-20261002-145808.log,413172,2026-10-02T15:54:00,normal,97,97,2514944,77708
vm-io-20261002-145808.log,413172,2026-10-02T15:55:00,normal,93,90,1290240,91476
vm-io-20261002-145808.log,413172,2026-10-02T15:55:00,compaction,181,181,755499008,112664782
vm-io-20261002-145808.log,413172,2026-10-02T15:56:00,normal,197,197,5890048,270281
vm-io-20261002-145808.log,413172,2026-10-02T15:56:00,compaction,158,158,654172160,125945378
vm-io-20261002-145808.log,413172,2026-10-02T15:57:00,normal,191,191,6754304,469163
vm-io-20261002-145808.log,413172,2026-10-02T15:57:00,compaction,143,141,597688320,92170038
vm-io-20261002-145808.log,413172,2026-10-02T15:58:00,compaction,186,185,770957312,163040374
vm-io-20261002-145808.log,413172,2026-10-02T15:58:00,normal,185,185,7647240,374765
vm-io-20261002-145808.log,413172,2026-10-02T15:59:00,normal,178,178,4702216,235075
vm-io-20261002-145808.log,413172,2026-10-02T15:59:00,compaction,156,156,647249920,102286715
vm-io-20261002-145808.log,413172,2026-10-02T16:00:00,compaction,151,151,632033280,88910647
vm-io-20261002-145808.log,413172,2026-10-02T16:00:00,normal,165,165,4124672,207958
vm-io-20261002-145808.log,413172,2026-10-02T16:01:00,normal,198,198,4808704,294090
vm-io-20261002-145808.log,413172,2026-10-02T16:01:00,compaction,145,145,600502272,140393560
vm-io-20261002-145808.log,413172,2026-10-02T16:02:00,normal,255,255,7675904,367477
vm-io-20261002-145808.log,413172,2026-10-02T16:02:00,compaction,115,115,476983296,104700122
vm-io-20261002-145808.log,413172,2026-10-02T16:03:00,compaction,160,160,664285184,121008087
vm-io-20261002-145808.log,413172,2026-10-02T16:03:00,normal,154,154,3510272,231121
vm-io-20261002-145808.log,413172,2026-10-02T16:04:00,compaction,160,160,668479488,115788365
vm-io-20261002-145808.log,413172,2026-10-02T16:04:00,normal,117,117,3768320,173133
vm-io-20261002-145808.log,413172,2026-10-02T16:05:00,compaction,207,207,854929408,148051331
vm-io-20261002-145808.log,413172,2026-10-02T16:05:00,normal,144,144,5566464,302390
vm-io-20261002-145808.log,413172,2026-10-02T16:06:00,compaction,163,163,677130240,114794537
vm-io-20261002-145808.log,413172,2026-10-02T16:06:00,normal,183,183,3928064,231674
vm-io-20261002-145808.log,413172,2026-10-02T16:07:00,compaction,163,163,679485440,152612447
vm-io-20261002-145808.log,413172,2026-10-02T16:07:00,normal,178,178,4648960,296507
vm-io-20261002-145808.log,413172,2026-10-02T16:08:00,normal,114,114,3186688,162277
vm-io-20261002-145808.log,413172,2026-10-02T16:08:00,compaction,209,209,871960576,172078785
vm-io-20261002-145808.log,413172,2026-10-02T16:09:00,normal,157,157,3739656,221950
vm-io-20261002-145808.log,413172,2026-10-02T16:09:00,compaction,157,157,648441856,93608068
vm-io-20261002-145808.log,413172,2026-10-02T16:10:00,compaction,169,169,699437056,122979860
vm-io-20261002-145808.log,413172,2026-10-02T16:10:00,normal,139,138,2699264,189612
vm-io-20261002-145808.log,413172,2026-10-02T16:11:00,compaction,186,186,770953216,101729338
vm-io-20261002-145808.log,413172,2026-10-02T16:11:00,normal,163,163,3690496,220671
vm-io-20261002-145808.log,413172,2026-10-02T16:12:00,compaction,181,181,759169024,171952370
vm-io-20261002-145808.log,413172,2026-10-02T16:12:00,normal,185,185,7589888,458890
vm-io-20261002-145808.log,413172,2026-10-02T16:13:00,normal,109,109,2949120,140990
vm-io-20261002-145808.log,413172,2026-10-02T16:13:00,compaction,210,207,874848256,216161100
vm-io-20261002-145808.log,413172,2026-10-02T16:14:00,normal,116,116,3719168,173503
vm-io-20261002-145808.log,413172,2026-10-02T16:14:00,compaction,221,221,919584768,160331519
vm-io-20261002-145808.log,413172,2026-10-02T16:15:00,compaction,241,241,1007931392,127248787
vm-io-20261002-145808.log,413172,2026-10-02T16:15:00,normal,125,125,3969024,170400
vm-io-20261002-145808.log,413172,2026-10-02T16:16:00,compaction,184,184,766554112,118801108
vm-io-20261002-145808.log,413172,2026-10-02T16:16:00,normal,177,177,4796416,276171
vm-io-20261002-145808.log,413172,2026-10-02T16:17:00,compaction,208,208,860909568,145444482
vm-io-20261002-145808.log,413172,2026-10-02T16:17:00,normal,147,147,7393280,396685
vm-io-20261002-145808.log,413172,2026-10-02T16:18:00,compaction,213,213,890384384,125301940
vm-io-20261002-145808.log,413172,2026-10-02T16:18:00,normal,130,130,3514368,188115
vm-io-20261002-145808.log,413172,2026-10-02T16:19:00,compaction,164,164,687865856,123647698
vm-io-20261002-145808.log,413172,2026-10-02T16:19:00,normal,127,127,2433024,144810
vm-io-20261002-145808.log,413172,2026-10-02T16:20:00,normal,123,123,2027520,160288
vm-io-20261002-145808.log,413172,2026-10-02T16:20:00,compaction,165,165,688541696,141319235
vm-io-20261002-145808.log,413172,2026-10-02T16:21:00,compaction,145,145,604794880,156041120
vm-io-20261002-145808.log,413172,2026-10-02T16:21:00,normal,146,146,3694592,198849
vm-io-20261002-145808.log,413172,2026-10-02T16:22:00,compaction,117,117,488161280,100204201
vm-io-20261002-145808.log,413172,2026-10-02T16:22:00,normal,174,174,3919872,208182
vm-io-20261002-145808.log,413172,2026-10-02T16:23:00,normal,177,177,2957312,215906
vm-io-20261002-145808.log,413172,2026-10-02T16:23:00,compaction,119,119,499122176,84989143
vm-io-20261002-145808.log,413172,2026-10-02T16:24:00,compaction,87,87,358621184,119680003
vm-io-20261002-145808.log,413172,2026-10-02T16:24:00,normal,160,160,3063816,211677
vm-io-20261002-145808.log,413172,2026-10-02T16:25:00,normal,156,156,6729728,404282
vm-io-20261002-145808.log,413172,2026-10-02T16:25:00,compaction,105,105,440401920,69538980
vm-io-20261002-145808.log,413172,2026-10-02T16:26:00,normal,186,186,3670016,212727
vm-io-20261002-145808.log,413172,2026-10-02T16:26:00,compaction,95,95,395550720,88060595
vm-io-20261002-145808.log,413172,2026-10-02T16:27:00,normal,217,217,4706304,255402
vm-io-20261002-145808.log,413172,2026-10-02T16:27:00,compaction,69,69,289406976,20658314
vm-io-20261002-145808.log,413172,2026-10-02T16:28:00,normal,245,245,5177352,293320
vm-io-20261002-145808.log,413172,2026-10-02T16:28:00,compaction,29,29,119685120,13055866
vm-io-20261002-145808.log,413172,2026-10-02T16:29:00,normal,179,179,4272136,266008
vm-io-20261002-145808.log,413172,2026-10-02T16:29:00,compaction,103,103,429400064,29454652
vm-io-20261002-145808.log,413172,2026-10-02T16:30:00,normal,219,219,4702208,275022
vm-io-20261002-145808.log,413172,2026-10-02T16:30:00,compaction,58,56,240861184,21142146
vm-io-20261002-145808.log,413172,2026-10-02T16:31:00,normal,182,182,6397952,510001
vm-io-20261002-145808.log,413172,2026-10-02T16:31:00,compaction,88,88,369098752,26424999
vm-io-20261002-145808.log,413172,2026-10-02T16:32:00,normal,256,256,4878336,276155
vm-io-20261002-145808.log,413172,2026-10-02T16:32:00,compaction,54,54,222912512,59203304
vm-io-20261002-145808.log,413172,2026-10-02T16:33:00,compaction,108,108,452984832,42928911
vm-io-20261002-145808.log,413172,2026-10-02T16:33:00,normal,166,166,4915208,258795
vm-io-20261002-145808.log,413172,2026-10-02T16:34:00,compaction,108,108,451051520,50130222
vm-io-20261002-145808.log,413172,2026-10-02T16:34:00,normal,156,156,2207744,168879
vm-io-20261002-145808.log,413172,2026-10-02T16:35:00,normal,211,211,11722752,833595
vm-io-20261002-145808.log,413172,2026-10-02T16:35:00,compaction,75,75,314572800,47800113
vm-io-20261002-145808.log,413172,2026-10-02T16:36:00,compaction,67,67,281018368,40236265
vm-io-20261002-145808.log,413172,2026-10-02T16:36:00,normal,254,254,8409088,368022
vm-io-20261002-145808.log,413172,2026-10-02T16:37:00,normal,180,180,9048064,730672
vm-io-20261002-145808.log,413172,2026-10-02T16:37:00,compaction,98,98,408477696,85940511
vm-io-20261002-145808.log,413172,2026-10-02T16:38:00,compaction,90,90,377487360,49161690
vm-io-20261002-145808.log,413172,2026-10-02T16:38:00,normal,176,176,4788224,266566
vm-io-20261002-145808.log,413172,2026-10-02T16:39:00,normal,175,175,5103616,280087
vm-io-20261002-145808.log,413172,2026-10-02T16:39:00,compaction,120,120,503316480,53988363
vm-io-20261002-145808.log,413172,2026-10-02T16:40:00,normal,161,159,3936256,211109
vm-io-20261002-145808.log,413172,2026-10-02T16:40:00,compaction,107,107,447328256,96512877
vm-io-20261002-145808.log,413172,2026-10-02T16:41:00,normal,228,228,5562368,264124
vm-io-20261002-145808.log,413172,2026-10-02T16:41:00,compaction,55,55,229380096,14556174
vm-io-20261002-145808.log,413172,2026-10-02T16:42:00,normal,158,158,3887104,193818
vm-io-20261002-145808.log,413172,2026-10-02T16:42:00,compaction,118,118,491671552,68725281
vm-io-20261002-145808.log,413172,2026-10-02T16:43:00,compaction,92,92,385875968,21662883
vm-io-20261002-145808.log,413172,2026-10-02T16:43:00,normal,304,304,5791744,337727
vm-io-20261002-145808.log,413172,2026-10-02T16:44:00,normal,321,321,8749056,442004
vm-io-20261002-145808.log,413172,2026-10-02T16:44:00,compaction,96,96,401866752,22256843
vm-io-20261002-145808.log,413172,2026-10-02T16:45:00,normal,316,316,8581120,408257
vm-io-20261002-145808.log,413172,2026-10-02T16:45:00,compaction,107,107,443568128,27575917
vm-io-20261002-145808.log,413172,2026-10-02T16:46:00,normal,444,444,8105984,467241
vm-io-20261002-145808.log,413172,2026-10-02T16:46:00,compaction,48,48,201326592,11858603
vm-io-20261002-145808.log,413172,2026-10-02T16:47:00,normal,374,374,11505664,368435
vm-io-20261002-145808.log,413172,2026-10-02T16:47:00,compaction,48,48,201326592,64889832
vm-io-20261002-145808.log,413172,2026-10-02T16:48:00,normal,301,301,4288512,386893
vm-io-20261002-145808.log,413172,2026-10-02T16:48:00,compaction,48,48,201326592,12435414
vm-io-20261002-145808.log,413172,2026-10-02T16:49:00,normal,267,267,5472256,311126
vm-io-20261002-145808.log,413172,2026-10-02T16:49:00,compaction,95,95,398458880,21760050
vm-io-20261002-145808.log,413172,2026-10-02T16:50:00,normal,359,359,8032256,338688
vm-io-20261002-145808.log,413172,2026-10-02T16:50:00,compaction,34,33,142606336,7583375
vm-io-20261002-145808.log,413172,2026-10-02T16:51:00,normal,357,357,5738496,432273
vm-io-20261002-145808.log,413172,2026-10-02T16:51:00,compaction,49,49,202117120,31967491
vm-io-20261002-145808.log,413172,2026-10-02T16:52:00,normal,390,390,12410880,689080
vm-io-20261002-145808.log,413172,2026-10-02T16:52:00,compaction,55,55,230686720,15583975
vm-io-20261002-145808.log,413172,2026-10-02T16:53:00,compaction,89,89,373293056,23375421
vm-io-20261002-145808.log,413172,2026-10-02T16:53:00,normal,334,334,7053312,462694
vm-io-20261002-145808.log,413172,2026-10-02T16:54:00,normal,387,387,9875456,462438
vm-io-20261002-145808.log,413172,2026-10-02T16:54:00,compaction,32,32,134217728,44922397
vm-io-20261002-145808.log,413172,2026-10-02T16:55:00,normal,309,309,9273344,448588
vm-io-20261002-145808.log,413172,2026-10-02T16:55:00,compaction,48,48,201326592,31865181
vm-io-20261002-145808.log,413172,2026-10-02T16:56:00,normal,263,263,4063232,312292
vm-io-20261002-145808.log,413172,2026-10-02T16:56:00,compaction,43,43,177479680,11058116
vm-io-20261002-145808.log,413172,2026-10-02T16:57:00,compaction,70,70,293601280,17250604
vm-io-20261002-145808.log,413172,2026-10-02T16:57:00,normal,227,227,4587520,321472
vm-io-20261002-145808.log,413172,2026-10-02T16:58:00,normal,319,319,9281536,384922
vm-io-20261002-145808.log,413172,2026-10-02T16:58:00,compaction,32,32,134217728,6519282
vm-io-20261002-145808.log,413172,2026-10-02T16:59:00,normal,198,198,3969024,266036
vm-io-20261002-145808.log,413172,2026-10-02T16:59:00,compaction,109,109,455344128,52304605
vm-io-20261002-145808.log,413172,2026-10-02T17:00:00,normal,258,258,7221248,314219
vm-io-20261002-145808.log,413172,2026-10-02T17:00:00,compaction,49,49,202997760,12423285
vm-io-20261002-145808.log,413172,2026-10-02T17:01:00,normal,262,262,5038080,299440
vm-io-20261002-145808.log,413172,2026-10-02T17:01:00,compaction,48,48,201326592,12643916
vm-io-20261002-145808.log,413172,2026-10-02T17:02:00,compaction,62,62,256512000,16915211
vm-io-20261002-145808.log,413172,2026-10-02T17:02:00,normal,237,237,4661248,208670
vm-io-20261002-145808.log,413172,2026-10-02T17:03:00,normal,213,213,4898816,258398
vm-io-20261002-145808.log,413172,2026-10-02T17:03:00,compaction,79,79,331350016,38287653
vm-io-20261002-145808.log,413172,2026-10-02T17:04:00,normal,235,235,4141056,241959
vm-io-20261002-145808.log,413172,2026-10-02T17:04:00,compaction,65,65,272629760,15797926
vm-io-20261002-145808.log,413172,2026-10-02T17:05:00,normal,252,252,6565888,201756
vm-io-20261002-145808.log,413172,2026-10-02T17:05:00,compaction,43,43,174759936,10343359
vm-io-20261002-145808.log,413172,2026-10-02T17:06:00,normal,308,308,6852608,332706
vm-io-20261002-145808.log,413172,2026-10-02T17:06:00,compaction,1,1,4194304,264061
vm-io-20261002-145808.log,413172,2026-10-02T17:07:00,normal,181,181,8396800,313730
vm-io-20261002-145808.log,413172,2026-10-02T17:07:00,compaction,107,107,445251584,115871267
vm-io-20261002-145808.log,413172,2026-10-02T17:08:00,normal,201,201,6303744,322913
vm-io-20261002-145808.log,413172,2026-10-02T17:08:00,compaction,96,96,402653184,23199030
vm-io-20261002-145808.log,413172,2026-10-02T17:09:00,normal,237,237,5345280,265893
vm-io-20261002-145808.log,413172,2026-10-02T17:09:00,compaction,60,60,246489088,13144555
vm-io-20261002-145808.log,413172,2026-10-02T17:10:00,compaction,51,51,213909504,16890129
vm-io-20261002-145808.log,413172,2026-10-02T17:10:00,normal,266,266,5091328,289910
vm-io-20261002-145808.log,413172,2026-10-02T17:11:00,normal,216,216,2347008,196617
vm-io-20261002-145808.log,413172,2026-10-02T17:11:00,compaction,71,71,291184640,39695609
vm-io-20261002-145808.log,413172,2026-10-02T17:12:00,normal,277,277,5517312,355057
vm-io-20261002-145808.log,413172,2026-10-02T17:12:00,compaction,32,32,134217728,40937117
vm-io-20261002-145808.log,413172,2026-10-02T17:13:00,normal,199,199,3383296,222333
vm-io-20261002-145808.log,413172,2026-10-02T17:13:00,compaction,105,105,433786880,30240833
vm-io-20261002-145808.log,413172,2026-10-02T17:14:00,normal,288,288,8507392,421766
vm-io-20261002-145808.log,413172,2026-10-02T17:14:00,compaction,16,16,67108864,4208602
vm-io-20261002-145808.log,413172,2026-10-02T17:15:00,normal,264,264,4464640,285457
vm-io-20261002-145808.log,413172,2026-10-02T17:15:00,compaction,41,41,168427520,9263973
vm-io-20261002-145808.log,413172,2026-10-02T17:16:00,compaction,39,39,160313344,12933889
vm-io-20261002-145808.log,413172,2026-10-02T17:16:00,normal,280,280,7835648,482587
vm-io-20261002-145808.log,413172,2026-10-02T17:17:00,compaction,67,66,274927616,52220861
vm-io-20261002-145808.log,413172,2026-10-02T17:17:00,normal,226,226,3796992,236293
vm-io-20261002-145808.log,413172,2026-10-02T17:18:00,normal,245,245,3506176,306475
vm-io-20261002-145808.log,413172,2026-10-02T17:18:00,compaction,63,63,264241152,14928357
vm-io-20261002-145808.log,413172,2026-10-02T17:19:00,normal,216,216,7323648,300168
vm-io-20261002-145808.log,413172,2026-10-02T17:19:00,compaction,89,89,373293056,24377422
vm-io-20261002-145808.log,413172,2026-10-02T17:20:00,compaction,64,64,263061504,53124050
vm-io-20261002-145808.log,413172,2026-10-02T17:20:00,normal,242,242,7888896,312644
vm-io-20261002-145808.log,413172,2026-10-02T17:21:00,normal,315,315,6782976,468198
vm-io-20261002-145808.log,413172,2026-10-02T17:21:00,compaction,24,24,100663296,10468739
vm-io-20261002-145808.log,413172,2026-10-02T17:22:00,normal,280,280,8749056,296953
vm-io-20261002-145808.log,413172,2026-10-02T17:22:00,compaction,84,84,348536832,26990929
vm-io-20261002-145808.log,413172,2026-10-02T17:23:00,normal,228,228,4268032,338458
vm-io-20261002-145808.log,413172,2026-10-02T17:23:00,compaction,77,77,321126400,62094605
vm-io-20261002-145808.log,413172,2026-10-02T17:24:00,normal,263,263,11304960,289830
vm-io-20261002-145808.log,413172,2026-10-02T17:24:00,compaction,43,43,176816128,8506567
vm-io-20261002-145808.log,413172,2026-10-02T17:25:00,normal,264,264,7942144,300436
vm-io-20261002-145808.log,413172,2026-10-02T17:25:00,compaction,48,48,201326592,10971958
vm-io-20261002-145808.log,413172,2026-10-02T17:26:00,normal,263,263,5947392,352778
vm-io-20261002-145808.log,413172,2026-10-02T17:26:00,compaction,43,43,176816128,10264851
vm-io-20261002-145808.log,413172,2026-10-02T17:27:00,normal,235,235,4898816,251081
vm-io-20261002-145808.log,413172,2026-10-02T17:27:00,compaction,63,63,258412544,21970136
vm-io-20261002-145808.log,413172,2026-10-02T17:28:00,normal,237,237,2420736,215945
vm-io-20261002-145808.log,413172,2026-10-02T17:28:00,compaction,89,89,366813184,19924664
vm-io-20261002-145808.log,413172,2026-10-02T17:29:00,normal,210,210,3911680,344380
vm-io-20261002-145808.log,413172,2026-10-02T17:29:00,compaction,80,80,335544320,20523230
vm-io-20261002-145808.log,413172,2026-10-02T17:30:00,normal,194,194,3997696,182354
vm-io-20261002-145808.log,413172,2026-10-02T17:30:00,compaction,120,120,497942528,34399731
vm-io-20261002-145808.log,413172,2026-10-02T17:31:00,normal,292,292,6246400,361162
vm-io-20261002-145808.log,413172,2026-10-02T17:31:00,compaction,16,16,67108864,4369704
vm-io-20261002-145808.log,413172,2026-10-02T17:32:00,normal,272,271,3448832,239239
vm-io-20261002-145808.log,413172,2026-10-02T17:32:00,compaction,43,43,176816128,10912971
vm-io-20261002-145808.log,413172,2026-10-02T17:33:00,normal,255,255,7577600,420359
vm-io-20261002-145808.log,413172,2026-10-02T17:33:00,compaction,52,52,213061632,19436787
vm-io-20261002-145808.log,413172,2026-10-02T17:34:00,normal,199,199,5435392,188645
vm-io-20261002-145808.log,413172,2026-10-02T17:34:00,compaction,106,106,441057280,23247462
vm-io-20261002-145808.log,413172,2026-10-02T17:35:00,compaction,35,35,146800640,12555865
vm-io-20261002-145808.log,413172,2026-10-02T17:35:00,normal,250,250,5828608,234641
vm-io-20261002-145808.log,413172,2026-10-02T17:36:00,compaction,45,45,182165504,46520554
vm-io-20261002-145808.log,413172,2026-10-02T17:36:00,normal,276,276,5533696,281874
vm-io-20261002-145808.log,413172,2026-10-02T17:37:00,normal,200,200,3878912,175430
vm-io-20261002-145808.log,413172,2026-10-02T17:37:00,compaction,100,100,417595392,63600307
vm-io-20261002-145808.log,413172,2026-10-02T17:38:00,compaction,52,52,214564864,16057163
vm-io-20261002-145808.log,413172,2026-10-02T17:38:00,normal,258,258,7450624,585601
vm-io-20261002-145808.log,413172,2026-10-02T17:39:00,normal,218,218,4247552,231011
vm-io-20261002-145808.log,413172,2026-10-02T17:39:00,compaction,68,68,285212672,19603969
vm-io-20261002-145808.log,413172,2026-10-02T17:40:00,compaction,55,55,227147776,13263955
vm-io-20261002-145808.log,413172,2026-10-02T17:40:00,normal,246,246,4739072,279124
vm-io-20261002-145808.log,413172,2026-10-02T17:41:00,normal,220,220,7442432,283581
vm-io-20261002-145808.log,413172,2026-10-02T17:41:00,compaction,67,67,275636224,26849390
vm-io-20261002-145808.log,413172,2026-10-02T17:42:00,normal,282,282,9789440,365264
vm-io-20261002-145808.log,413172,2026-10-02T17:42:00,compaction,27,27,109707264,38749071
vm-io-20261002-145808.log,413172,2026-10-02T17:43:00,normal,235,235,5103616,163423
vm-io-20261002-145808.log,413172,2026-10-02T17:43:00,compaction,64,64,268435456,17485587
vm-io-20261002-145808.log,413172,2026-10-02T17:44:00,normal,150,150,3018752,146616
vm-io-20261002-145808.log,413172,2026-10-02T17:44:00,compaction,132,132,549728256,37994622
vm-io-20261002-145808.log,413172,2026-10-02T17:45:00,normal,119,119,4038656,290307
vm-io-20261002-145808.log,413172,2026-10-02T17:45:00,compaction,145,145,603758592,75136395
vm-io-20261002-145808.log,413172,2026-10-02T17:46:00,compaction,151,151,629075968,68797047
vm-io-20261002-145808.log,413172,2026-10-02T17:46:00,normal,131,131,5648384,139709
vm-io-20261002-145808.log,413172,2026-10-02T17:47:00,normal,328,328,14577664,371018
vm-io-20261002-145808.log,413172,2026-10-02T17:48:00,normal,315,315,6246400,427201
vm-io-20261002-145808.log,413172,2026-10-02T17:49:00,normal,321,321,13553664,340554
vm-io-20261002-145808.log,413172,2026-10-02T17:50:00,normal,283,283,7671808,409768
vm-io-20261002-145808.log,413172,2026-10-02T17:51:00,normal,312,312,7184384,356405
vm-io-20261002-145808.log,413172,2026-10-02T17:52:00,normal,296,296,10244096,372709
vm-io-20261002-145808.log,413172,2026-10-02T17:53:00,normal,295,295,7602176,497325
vm-io-20261002-145808.log,413172,2026-10-02T17:54:00,normal,304,304,8351744,383846
vm-io-20261002-145808.log,413172,2026-10-02T17:55:00,normal,306,306,7708672,316151
vm-io-20261002-145808.log,413172,2026-10-02T17:56:00,normal,299,299,11845632,361346
vm-io-20261002-145808.log,413172,2026-10-02T17:57:00,normal,310,310,8163328,372757
vm-io-20261002-145808.log,413172,2026-10-02T17:58:00,normal,301,301,9703424,337747
vm-io-20261002-145808.log,413172,2026-10-02T17:59:00,normal,298,298,10891264,418816
vm-io-20261002-145808.log,413172,2026-10-02T18:00:00,normal,288,288,7544832,293747
vm-io-20261002-145808.log,413172,2026-10-02T18:01:00,normal,307,307,13164544,317462
vm-io-20261002-145808.log,413172,2026-10-02T18:02:00,normal,306,306,8531968,306316
vm-io-20261002-145808.log,413172,2026-10-02T18:03:00,normal,325,325,14962688,389294
vm-io-20261002-145808.log,413172,2026-10-02T18:04:00,normal,295,292,9768960,248797
vm-io-20261002-145808.log,413172,2026-10-02T18:05:00,normal,321,321,13033472,351211
vm-io-20261002-145808.log,413172,2026-10-02T18:06:00,normal,308,308,9842688,301924
vm-io-20261002-145808.log,413172,2026-10-02T18:07:00,normal,322,322,16039936,339268
vm-io-20261002-145808.log,413172,2026-10-02T18:08:00,normal,299,299,11538432,340406
vm-io-20261002-145808.log,413172,2026-10-02T18:09:00,normal,313,313,11890688,336796
vm-io-20261002-145808.log,413172,2026-10-02T18:10:00,normal,294,294,13365248,351894
vm-io-20261002-145808.log,413172,2026-10-02T18:11:00,normal,296,296,15855616,220684
vm-io-20261002-145808.log,413172,2026-10-02T18:12:00,normal,285,285,10170368,279421
vm-io-20261002-145808.log,413172,2026-10-02T18:13:00,normal,325,325,11595776,434991
vm-io-20261002-145808.log,413172,2026-10-02T18:14:00,normal,307,307,13307904,326178
vm-io-20261002-145808.log,413172,2026-10-02T18:15:00,normal,296,296,19906560,348038
vm-io-20261002-145808.log,413172,2026-10-02T18:16:00,normal,306,306,17408000,350730
vm-io-20261002-145808.log,413172,2026-10-02T18:17:00,normal,310,310,12783616,338743
vm-io-20261002-145808.log,413172,2026-10-02T18:18:00,normal,301,301,10362880,359254
vm-io-20261002-145808.log,413172,2026-10-02T18:19:00,normal,279,279,9453568,482404
vm-io-20261002-145808.log,413172,2026-10-02T18:20:00,normal,294,294,10145792,359043
vm-io-20261002-145808.log,413172,2026-10-02T18:21:00,normal,275,275,5742592,386772
vm-io-20261002-145808.log,413172,2026-10-02T18:22:00,normal,364,363,6434816,451191
vm-io-20261002-145808.log,413172,2026-10-02T18:23:00,normal,449,449,8359936,543803
vm-io-20261002-145808.log,413172,2026-10-02T18:24:00,normal,462,462,9216000,643532
vm-io-20261002-145808.log,413172,2026-10-02T18:25:00,normal,479,479,13971456,911695
vm-io-20261002-145808.log,413172,2026-10-02T18:26:00,normal,490,490,7888896,630129
vm-io-20261002-145808.log,413172,2026-10-02T18:27:00,normal,518,518,18141184,1185261
vm-io-20261002-145808.log,413172,2026-10-02T18:28:00,normal,507,507,14151680,877142
vm-io-20261002-145808.log,413172,2026-10-02T18:29:00,normal,478,478,8208384,565219
vm-io-20261002-145808.log,413172,2026-10-02T18:30:00,normal,512,512,10936320,692076
vm-io-20261002-145808.log,413172,2026-10-02T18:31:00,normal,415,415,7483392,493235
vm-io-20261002-145808.log,413172,2026-10-02T18:32:00,normal,318,318,5738496,405103
vm-io-20261002-145808.log,413172,2026-10-02T18:33:00,normal,338,338,6848512,541903
vm-io-20261002-145808.log,413172,2026-10-02T18:34:00,normal,336,336,9895936,629160
vm-io-20261002-145808.log,413172,2026-10-02T18:35:00,normal,312,312,5877760,391037
vm-io-20261002-145808.log,413172,2026-10-02T18:36:00,normal,318,318,6852608,429528
vm-io-20261002-145808.log,413172,2026-10-02T18:37:00,normal,317,317,9629696,631128
vm-io-20261002-145808.log,413172,2026-10-02T18:38:00,normal,314,314,6598656,425956
vm-io-20261002-145808.log,413172,2026-10-02T18:39:00,normal,309,309,7618560,481587
vm-io-20261002-145808.log,413172,2026-10-02T18:40:00,normal,310,310,10555392,606866
vm-io-20261002-145808.log,413172,2026-10-02T18:41:00,normal,296,296,11689984,559051
vm-io-20261002-145808.log,413172,2026-10-02T18:42:00,normal,299,299,8716288,477727
vm-io-20261002-145808.log,413172,2026-10-02T18:43:00,normal,293,293,5361664,368791
vm-io-20261002-145808.log,413172,2026-10-02T18:44:00,normal,279,279,3719168,311724
vm-io-20261002-145808.log,413172,2026-10-02T18:45:00,normal,293,293,8065024,539528
vm-io-20261002-145808.log,413172,2026-10-02T18:46:00,normal,299,299,8245248,582533
vm-io-20261002-145808.log,413172,2026-10-02T18:47:00,normal,286,286,5636096,453914
vm-io-20261002-145808.log,413172,2026-10-02T18:48:00,normal,301,301,9371648,726454
vm-io-20261002-145808.log,413172,2026-10-02T18:49:00,normal,323,323,6631424,393819
vm-io-20261002-145808.log,413172,2026-10-02T18:50:00,normal,293,293,5488640,327234
vm-io-20261002-145808.log,413172,2026-10-02T18:51:00,normal,293,293,4825088,399547
vm-io-20261002-145808.log,413172,2026-10-02T18:52:00,normal,289,289,10727424,740620
vm-io-20261002-145808.log,413172,2026-10-02T18:53:00,normal,279,279,4788224,350498
vm-io-20261002-145808.log,413172,2026-10-02T18:54:00,normal,299,299,5648384,449345
vm-io-20261002-145808.log,413172,2026-10-02T18:55:00,normal,291,291,11333632,767960
vm-io-20261002-145808.log,413172,2026-10-02T18:56:00,normal,283,283,5459968,391652
vm-io-20261002-145808.log,413172,2026-10-02T18:57:00,normal,290,290,4808704,337453
vm-io-20261002-145808.log,413172,2026-10-02T18:58:00,normal,303,303,4960256,376678
vm-io-20261002-145808.log,413172,2026-10-02T18:59:00,normal,282,282,9138176,553948
vm-io-20261002-145808.log,413172,2026-10-02T19:00:00,normal,287,287,5226496,358999
vm-io-20261002-145808.log,413172,2026-10-02T19:01:00,normal,285,285,4124672,346399
vm-io-20261002-145808.log,413172,2026-10-02T19:02:00,normal,301,301,19816448,1030933
vm-io-20261002-145808.log,413172,2026-10-02T19:03:00,normal,295,295,5017600,358861
vm-io-20261002-145808.log,413172,2026-10-02T19:04:00,normal,292,292,6311936,391093
vm-io-20261002-145808.log,413172,2026-10-02T19:05:00,normal,294,294,8916992,705699
vm-io-20261002-145808.log,413172,2026-10-02T19:06:00,normal,306,306,8933376,584151
vm-io-20261002-145808.log,413172,2026-10-02T19:07:00,normal,296,296,4968448,435887
vm-io-20261002-145808.log,413172,2026-10-02T19:08:00,normal,297,297,5308416,417158
vm-io-20261002-145808.log,413172,2026-10-02T19:09:00,normal,311,311,7979008,466237
vm-io-20261002-145808.log,413172,2026-10-02T19:10:00,normal,296,296,10317824,630730
vm-io-20261002-145808.log,413172,2026-10-02T19:11:00,normal,311,311,12656640,701462
vm-io-20261002-145808.log,413172,2026-10-02T19:12:00,normal,313,313,3624960,330203
vm-io-20261002-145808.log,413172,2026-10-02T19:13:00,normal,313,313,10743808,744867
vm-io-20261002-145808.log,413172,2026-10-02T19:14:00,normal,303,303,8900608,674926
vm-io-20261002-145808.log,413172,2026-10-02T19:15:00,normal,304,304,5251072,365326
vm-io-20261002-145808.log,413172,2026-10-02T19:16:00,normal,302,302,4489216,378611
vm-io-20261002-145808.log,413172,2026-10-02T19:17:00,normal,318,318,8470528,464007
vm-io-20261002-145808.log,413172,2026-10-02T19:18:00,normal,301,301,5443584,390889
vm-io-20261002-145808.log,413172,2026-10-02T19:19:00,normal,288,288,6000640,409726
vm-io-20261002-145808.log,413172,2026-10-02T19:20:00,normal,284,284,3743744,296991
vm-io-20261002-145808.log,413172,2026-10-02T19:21:00,normal,286,286,7548928,382542
vm-io-20261002-145808.log,413172,2026-10-02T19:22:00,normal,299,299,5701632,365773
vm-io-20261002-145808.log,413172,2026-10-02T19:23:00,normal,283,283,4403200,349711
vm-io-20261002-145808.log,413172,2026-10-02T19:24:00,normal,324,324,6840320,445377
vm-io-20261002-145808.log,413172,2026-10-02T19:25:00,normal,274,274,9601024,698331
vm-io-20261002-145808.log,413172,2026-10-02T19:26:00,normal,293,293,10948608,717996
vm-io-20261002-145808.log,413172,2026-10-02T19:27:00,normal,313,313,4743168,364500
vm-io-20261002-145808.log,413172,2026-10-02T19:28:00,normal,274,274,4337664,331477
vm-io-20261002-145808.log,413172,2026-10-02T19:29:00,normal,317,317,5791744,379342
vm-io-20261002-145808.log,413172,2026-10-02T19:30:00,normal,280,280,9658368,671781
vm-io-20261002-145808.log,413172,2026-10-02T19:31:00,normal,294,294,5537792,344872
vm-io-20261002-145808.log,413172,2026-10-02T19:32:00,normal,288,288,6516736,421960
vm-io-20261002-145808.log,413172,2026-10-02T19:33:00,normal,276,276,5234688,345512
vm-io-20261002-145808.log,413172,2026-10-02T19:34:00,normal,308,308,12619776,1009291
vm-io-20261002-145808.log,413172,2026-10-02T19:35:00,normal,305,305,9007104,761519
vm-io-20261002-145808.log,413172,2026-10-02T19:36:00,normal,275,275,3563520,301563
vm-io-20261002-145808.log,413172,2026-10-02T19:37:00,normal,303,303,6160384,401352
vm-io-20261002-145808.log,413172,2026-10-02T19:38:00,normal,241,241,5861376,338663
vm-io-20261002-201718.log,683253,2026-10-02T20:18:00,compaction,80,80,335544320,134714469
vm-io-20261002-201718.log,683253,2026-10-02T20:18:00,normal,2,2,8192,329
vm-io-20261002-201718.log,683253,2026-10-02T20:19:00,compaction,40,40,166260736,9958857
vm-io-20261002-201718.log,683253,2026-10-02T20:19:00,normal,51,51,1273856,25904
vm-io-20261002-201718.log,683253,2026-10-02T20:20:00,compaction,63,63,264241152,16622462
vm-io-20261002-201718.log,683253,2026-10-02T20:20:00,normal,173,173,1961984,130286
vm-io-20261002-201718.log,683253,2026-10-02T20:21:00,normal,109,109,962560,168414
vm-io-20261002-201718.log,683253,2026-10-02T20:21:00,compaction,93,93,390070272,33444390
vm-io-20261002-201718.log,683253,2026-10-02T20:22:00,compaction,202,202,841641984,68688727
vm-io-20261002-201718.log,683253,2026-10-02T20:22:00,normal,64,64,1396736,139177
vm-io-20261002-201718.log,683253,2026-10-02T20:23:00,compaction,179,179,745086976,83227695
vm-io-20261002-201718.log,683253,2026-10-02T20:23:00,normal,8,8,94208,6746
vm-io-20261002-201718.log,683253,2026-10-02T20:24:00,compaction,194,194,813158400,108536370
vm-io-20261002-201718.log,683253,2026-10-02T20:24:00,normal,29,29,651264,42591
vm-io-20261002-201718.log,683253,2026-10-02T20:25:00,compaction,208,208,865603584,201720864
vm-io-20261002-201718.log,683253,2026-10-02T20:25:00,normal,15,15,360448,34450
vm-io-20261002-201718.log,683253,2026-10-02T20:26:00,compaction,189,189,785805312,125612269
vm-io-20261002-201718.log,683253,2026-10-02T20:26:00,normal,46,46,892928,183932
vm-io-20261002-201718.log,683253,2026-10-02T20:27:00,compaction,235,235,977498112,132538162
vm-io-20261002-201718.log,683253,2026-10-02T20:27:00,normal,37,37,401408,39246
vm-io-20261002-201718.log,683253,2026-10-02T20:28:00,compaction,241,241,1005785088,138492271
vm-io-20261002-201718.log,683253,2026-10-02T20:28:00,normal,12,12,659456,45152
vm-io-20261002-201718.log,683253,2026-10-02T20:29:00,compaction,163,163,679936000,102698500
vm-io-20261002-201718.log,683253,2026-10-02T20:29:00,normal,120,120,23097344,729188
vm-io-20261002-201718.log,683253,2026-10-02T20:30:00,normal,163,163,12292096,793841
vm-io-20261002-201718.log,683253,2026-10-02T20:30:00,compaction,69,69,289406976,51738857
vm-io-20261002-201718.log,683253,2026-10-02T20:31:00,compaction,101,101,418578432,114923848
vm-io-20261002-201718.log,683253,2026-10-02T20:31:00,normal,41,41,745472,43477
vm-io-20261002-201718.log,683253,2026-10-02T20:32:00,compaction,108,108,451149824,65826246
vm-io-20261002-201718.log,683253,2026-10-02T20:32:00,normal,149,149,2838528,223021
vm-io-20261002-201718.log,683253,2026-10-02T20:33:00,normal,218,218,6172672,298932
vm-io-20261002-201718.log,683253,2026-10-02T20:33:00,compaction,92,92,382930944,69913187
vm-io-20261002-201718.log,683253,2026-10-02T20:34:00,normal,318,318,8159232,543243
vm-io-20261002-201718.log,683253,2026-10-02T20:34:00,compaction,16,16,67108864,40570528
vm-io-20261002-201718.log,683253,2026-10-02T20:35:00,compaction,64,64,268435456,60796944
vm-io-20261002-201718.log,683253,2026-10-02T20:35:00,normal,178,178,4042752,205000
vm-io-20261002-201718.log,683253,2026-10-02T20:36:00,normal,155,155,5287936,227467
vm-io-20261002-201718.log,683253,2026-10-02T20:36:00,compaction,77,77,321126400,45525494
vm-io-20261002-201718.log,683253,2026-10-02T20:37:00,normal,105,105,2211840,195586
vm-io-20261002-201718.log,683253,2026-10-02T20:37:00,compaction,157,157,655847424,38041944
vm-io-20261002-201718.log,683253,2026-10-02T20:38:00,normal,108,108,2772992,202305
vm-io-20261002-201718.log,683253,2026-10-02T20:38:00,compaction,91,91,375136256,28007507
vm-io-20261002-201718.log,683253,2026-10-02T20:39:00,normal,95,95,4669440,218401
vm-io-20261002-201718.log,683253,2026-10-02T20:39:00,compaction,114,114,478150656,56248830
vm-io-20261002-201718.log,683253,2026-10-02T20:40:00,compaction,194,194,810213376,162339985
vm-io-20261002-201718.log,683253,2026-10-02T20:40:00,normal,20,20,184320,21771
vm-io-20261002-201718.log,683253,2026-10-02T20:41:00,compaction,214,214,891064320,148253595
vm-io-20261002-201718.log,683253,2026-10-02T20:41:00,normal,6,6,69632,7370
vm-io-20261002-201718.log,683253,2026-10-02T20:42:00,compaction,223,223,928182272,194716266
vm-io-20261002-201718.log,683253,2026-10-02T20:42:00,normal,14,14,778240,77178
vm-io-20261002-201718.log,683253,2026-10-02T20:43:00,compaction,240,240,1004277760,229312832
vm-io-20261002-201718.log,683253,2026-10-02T20:44:00,compaction,230,230,960704512,164021199
vm-io-20261002-201718.log,683253,2026-10-02T20:44:00,normal,4,4,90112,3352
vm-io-20261002-201718.log,683253,2026-10-02T20:45:00,normal,10,10,65536,8828
vm-io-20261002-201718.log,683253,2026-10-02T20:45:00,compaction,213,213,889372672,169117895
vm-io-20261002-201718.log,683253,2026-10-02T20:46:00,compaction,262,262,1091694592,226976334
vm-io-20261002-201718.log,683253,2026-10-02T20:46:00,normal,7,7,32768,6498
vm-io-20261002-201718.log,683253,2026-10-02T20:47:00,compaction,251,251,1046216704,264526340
vm-io-20261002-201718.log,683253,2026-10-02T20:47:00,normal,6,6,57344,5362
vm-io-20261002-201718.log,683253,2026-10-02T20:48:00,compaction,254,254,1057116160,158023440
vm-io-20261002-201718.log,683253,2026-10-02T20:48:00,normal,5,5,53248,5488
vm-io-20261002-201718.log,683253,2026-10-02T20:49:00,compaction,243,243,1004306432,249131339
vm-io-20261002-201718.log,683253,2026-10-02T20:49:00,normal,8,8,204800,26137
vm-io-20261002-201718.log,683253,2026-10-02T20:50:00,compaction,234,234,969797632,184709692
vm-io-20261002-201718.log,683253,2026-10-02T20:51:00,compaction,213,213,889516032,215157716
vm-io-20261002-201718.log,683253,2026-10-02T20:51:00,normal,78,78,1331200,77611
vm-io-20261002-201718.log,683253,2026-10-02T20:52:00,normal,123,123,5156864,655860
vm-io-20261002-201718.log,683253,2026-10-02T20:52:00,compaction,190,190,794562560,148862521
vm-io-20261002-201718.log,683253,2026-10-02T20:53:00,compaction,236,236,978890752,168954086
vm-io-20261002-201718.log,683253,2026-10-02T20:53:00,normal,58,58,1040384,69787
vm-io-20261002-201718.log,683253,2026-10-02T20:54:00,compaction,196,196,819331072,219299463
vm-io-20261002-201718.log,683253,2026-10-02T20:54:00,normal,67,67,2572288,256253
vm-io-20261002-201718.log,683253,2026-10-02T20:55:00,compaction,122,122,509083648,114702664
vm-io-20261002-201718.log,683253,2026-10-02T20:55:00,normal,178,178,17965056,3182642
vm-io-20261002-201718.log,683253,2026-10-02T20:56:00,normal,135,135,6860800,693507
vm-io-20261002-201718.log,683253,2026-10-02T20:56:00,compaction,166,166,693305344,187965477
vm-io-20261002-201718.log,683253,2026-10-02T20:57:00,normal,110,110,8994816,1186426
vm-io-20261002-201718.log,683253,2026-10-02T20:57:00,compaction,186,186,775110656,216619043
vm-io-20261002-201718.log,683253,2026-10-02T20:58:00,compaction,190,190,794230784,144172480
vm-io-20261002-201718.log,683253,2026-10-02T20:58:00,normal,51,51,3592192,1038558
vm-io-20261002-201718.log,683253,2026-10-02T20:59:00,normal,56,56,3514368,534704
vm-io-20261002-201718.log,683253,2026-10-02T20:59:00,compaction,211,211,875839488,216092038
vm-io-20261002-201718.log,683253,2026-10-02T21:00:00,compaction,190,190,794193920,161912374
vm-io-20261002-201718.log,683253,2026-10-02T21:00:00,normal,72,72,12886016,2186269
vm-io-20261002-201718.log,683253,2026-10-02T21:01:00,normal,90,90,8826880,1910318
vm-io-20261002-201718.log,683253,2026-10-02T21:01:00,compaction,206,206,857755648,188844978
vm-io-20261002-201718.log,683253,2026-10-02T21:02:00,compaction,221,221,921223168,132389120
vm-io-20261002-201718.log,683253,2026-10-02T21:02:00,normal,92,92,14794752,3498211
vm-io-20261002-201718.log,683253,2026-10-02T21:03:00,compaction,209,209,874905600,176575394
vm-io-20261002-201718.log,683253,2026-10-02T21:03:00,normal,65,65,14131200,3833681
vm-io-20261002-201718.log,683253,2026-10-02T21:04:00,compaction,192,192,799236096,124757513
vm-io-20261002-201718.log,683253,2026-10-02T21:04:00,normal,93,93,9711616,2318852
vm-io-20261002-201718.log,683253,2026-10-02T21:05:00,compaction,166,166,688369664,95051643
vm-io-20261002-201718.log,683253,2026-10-02T21:05:00,normal,150,150,3715072,157202
vm-io-20261002-201718.log,683253,2026-10-02T21:06:00,normal,81,81,1228800,82042
vm-io-20261002-201718.log,683253,2026-10-02T21:06:00,compaction,186,186,774324224,99455474
vm-io-20261002-201718.log,683253,2026-10-02T21:07:00,compaction,180,180,743661568,74428611
vm-io-20261002-201718.log,683253,2026-10-02T21:07:00,normal,95,95,1617920,93090
vm-io-20261002-201718.log,683253,2026-10-02T21:08:00,compaction,245,245,1012727808,213806216
vm-io-20261002-201718.log,683253,2026-10-02T21:08:00,normal,44,44,761856,57494
vm-io-20261002-201718.log,683253,2026-10-02T21:09:00,compaction,223,223,926011392,158398168
vm-io-20261002-201718.log,683253,2026-10-02T21:09:00,normal,47,47,1003520,55980
vm-io-20261002-201718.log,683253,2026-10-02T21:10:00,compaction,203,203,843255808,262883952
vm-io-20261002-201718.log,683253,2026-10-02T21:10:00,normal,67,67,2289664,87189
vm-io-20261002-201718.log,683253,2026-10-02T21:11:00,compaction,204,204,851124224,192687377
vm-io-20261002-201718.log,683253,2026-10-02T21:11:00,normal,36,36,724992,41590
vm-io-20261002-201718.log,683253,2026-10-02T21:12:00,compaction,188,188,778513536,143422821
vm-io-20261002-201718.log,683253,2026-10-02T21:12:00,normal,36,36,1724416,70410
vm-io-20261002-201718.log,683253,2026-10-02T21:13:00,compaction,196,196,818085888,119728910
vm-io-20261002-201718.log,683253,2026-10-02T21:13:00,normal,22,22,1290240,54041
vm-io-20261002-201718.log,683253,2026-10-02T21:14:00,compaction,205,205,853598208,126565972
vm-io-20261002-201718.log,683253,2026-10-02T21:14:00,normal,3,3,12288,470
vm-io-20261002-201718.log,683253,2026-10-02T21:15:00,compaction,224,224,929751040,127926023
vm-io-20261002-201718.log,683253,2026-10-02T21:15:00,normal,1,1,4096,88
vm-io-20261002-201718.log,683253,2026-10-02T21:16:00,compaction,236,236,983244800,167702917
vm-io-20261002-201718.log,683253,2026-10-02T21:16:00,normal,9,9,98304,8374
vm-io-20261002-201718.log,683253,2026-10-02T21:17:00,compaction,216,216,896655360,247100068
vm-io-20261002-201718.log,683253,2026-10-02T21:17:00,normal,2,2,57344,7243
vm-io-20261002-201718.log,683253,2026-10-02T21:18:00,compaction,243,243,1006583808,149865140
vm-io-20261002-201718.log,683253,2026-10-02T21:19:00,compaction,203,203,847642624,196181583
vm-io-20261002-201718.log,683253,2026-10-02T21:19:00,normal,48,48,3432448,239449
vm-io-20261002-201718.log,683253,2026-10-02T21:20:00,compaction,242,242,997036032,111550420
vm-io-20261002-201718.log,683253,2026-10-02T21:20:00,normal,25,25,1720320,103876
vm-io-20261002-201718.log,683253,2026-10-02T21:21:00,compaction,197,197,824393728,89307720
vm-io-20261002-201718.log,683253,2026-10-02T21:21:00,normal,81,81,5603328,203621
vm-io-20261002-201718.log,683253,2026-10-02T21:22:00,compaction,238,238,987144192,188051254
vm-io-20261002-201718.log,683253,2026-10-02T21:22:00,normal,21,21,958464,24710
vm-io-20261002-201718.log,683253,2026-10-02T21:23:00,compaction,203,203,849739776,162288344
vm-io-20261002-201718.log,683253,2026-10-02T21:23:00,normal,24,24,454656,24923
vm-io-20261002-201718.log,683253,2026-10-02T21:24:00,compaction,239,239,1002438656,324550272
vm-io-20261002-201718.log,683253,2026-10-02T21:24:00,normal,31,31,1777664,29746
vm-io-20261002-201718.log,683253,2026-10-02T21:25:00,compaction,239,239,999555072,233929486
vm-io-20261002-201718.log,683253,2026-10-02T21:25:00,normal,20,20,405504,9850
vm-io-20261002-201718.log,683253,2026-10-02T21:26:00,compaction,240,240,1006632960,264196363
vm-io-20261002-201718.log,683253,2026-10-02T21:26:00,normal,11,11,606208,19902
vm-io-20261002-201718.log,683253,2026-10-02T21:27:00,compaction,263,263,1101631488,288473658
vm-io-20261002-201718.log,683253,2026-10-02T21:27:00,normal,22,22,1789952,53556
vm-io-20261002-201718.log,683253,2026-10-02T21:28:00,compaction,260,260,1088684032,234174918
vm-io-20261002-201718.log,683253,2026-10-02T21:28:00,normal,15,15,233472,30770
vm-io-20261002-201718.log,683253,2026-10-02T21:29:00,compaction,268,268,1120272384,290696546
vm-io-20261002-201718.log,683253,2026-10-02T21:29:00,normal,7,7,335872,16581
vm-io-20261002-201718.log,683253,2026-10-02T21:30:00,compaction,280,280,1167982592,299662634
vm-io-20261002-201718.log,683253,2026-10-02T21:30:00,normal,6,6,212992,4090
vm-io-20261002-201718.log,683253,2026-10-02T21:31:00,compaction,253,253,1057067008,362332721
vm-io-20261002-201718.log,683253,2026-10-02T21:31:00,normal,15,15,491520,17257
vm-io-20261002-201718.log,683253,2026-10-02T21:32:00,compaction,301,301,1260728320,272662018
vm-io-20261002-201718.log,683253,2026-10-02T21:33:00,compaction,185,185,775946240,205271042
vm-io-20261002-201718.log,683253,2026-10-02T21:33:00,normal,18,18,749568,51588
vm-io-20261002-201718.log,683253,2026-10-02T21:34:00,compaction,240,240,999845888,226795862
vm-io-20261002-201718.log,683253,2026-10-02T21:34:00,normal,6,6,94208,13039
vm-io-20261002-201718.log,683253,2026-10-02T21:35:00,compaction,269,269,1124405248,224915961
vm-io-20261002-201718.log,683253,2026-10-02T21:35:00,normal,6,6,32768,4957
vm-io-20261002-201718.log,683253,2026-10-02T21:36:00,compaction,250,250,1045430272,291158125
vm-io-20261002-201718.log,683253,2026-10-02T21:36:00,normal,2,2,69632,419
vm-io-20261002-201718.log,683253,2026-10-02T21:37:00,compaction,242,242,1010626560,267370205
vm-io-20261002-201718.log,683253,2026-10-02T21:37:00,normal,32,32,17272832,6837863
vm-io-20261002-201718.log,683253,2026-10-02T21:38:00,compaction,241,241,1005867008,262164320
vm-io-20261002-201718.log,683253,2026-10-02T21:38:00,normal,25,25,12705792,2709292
vm-io-20261002-201718.log,683253,2026-10-02T21:39:00,normal,22,22,8986624,2830233
vm-io-20261002-201718.log,683253,2026-10-02T21:39:00,compaction,246,246,1031360512,215478602
vm-io-20261002-201718.log,683253,2026-10-02T21:40:00,compaction,258,258,1081278464,231496803
vm-io-20261002-201718.log,683253,2026-10-02T21:40:00,normal,26,26,10543104,3204448
vm-io-20261002-201718.log,683253,2026-10-02T21:41:00,compaction,221,221,916123648,424318066
vm-io-20261002-201718.log,683253,2026-10-02T21:41:00,normal,52,52,39354368,10369784
vm-io-20261002-201718.log,683253,2026-10-02T21:42:00,compaction,236,236,967864320,289353147
vm-io-20261002-201718.log,683253,2026-10-02T21:42:00,normal,37,37,19976192,5496126
vm-io-20261002-201718.log,683253,2026-10-02T21:43:00,normal,30,30,1921024,302537
vm-io-20261002-201718.log,683253,2026-10-02T21:43:00,compaction,248,248,1033146368,216033607
vm-io-20261002-201718.log,683253,2026-10-02T21:44:00,compaction,265,265,1093275648,308444758
vm-io-20261002-201718.log,683253,2026-10-02T21:44:00,normal,23,23,3956736,1187581
vm-io-20261002-201718.log,683253,2026-10-02T21:45:00,compaction,250,250,1038319616,137923637
vm-io-20261002-201718.log,683253,2026-10-02T21:45:00,normal,6,6,1921024,432410
vm-io-20261002-201718.log,683253,2026-10-02T21:46:00,compaction,258,258,1072623616,256647079
vm-io-20261002-201718.log,683253,2026-10-02T21:46:00,normal,9,9,2289664,844109
vm-io-20261002-201718.log,683253,2026-10-02T21:47:00,normal,22,22,16896000,6940192
vm-io-20261002-201718.log,683253,2026-10-02T21:47:00,compaction,238,238,981368832,324521580
vm-io-20261002-201718.log,683253,2026-10-02T21:48:00,compaction,235,235,971972608,310015844
vm-io-20261002-201718.log,683253,2026-10-02T21:48:00,normal,44,41,29925376,10417009
vm-io-20261002-201718.log,683253,2026-10-02T21:49:00,compaction,231,231,963133440,204089514
vm-io-20261002-201718.log,683253,2026-10-02T21:49:00,normal,42,42,14331904,4887976
vm-io-20261002-201718.log,683253,2026-10-02T21:50:00,compaction,238,238,992272384,198978514
vm-io-20261002-201718.log,683253,2026-10-02T21:50:00,normal,27,27,12210176,3924101
vm-io-20261002-201718.log,683253,2026-10-02T21:51:00,normal,49,49,18165760,5364858
vm-io-20261002-201718.log,683253,2026-10-02T21:51:00,compaction,237,237,976224256,271960882
vm-io-20261002-201718.log,683253,2026-10-02T21:52:00,compaction,211,211,872673280,209841373
vm-io-20261002-201718.log,683253,2026-10-02T21:52:00,normal,65,64,34914304,13395572
vm-io-20261002-201718.log,683253,2026-10-02T21:53:00,compaction,239,239,983019520,259699380
vm-io-20261002-201718.log,683253,2026-10-02T21:53:00,normal,43,41,6234112,1478793
vm-io-20261002-201718.log,683253,2026-10-02T21:54:00,compaction,232,232,965210112,265959151
vm-io-20261002-201718.log,683253,2026-10-02T21:54:00,normal,44,44,3096576,1349949
vm-io-20261002-201718.log,683253,2026-10-02T21:55:00,compaction,240,240,992600064,253702225
vm-io-20261002-201718.log,683253,2026-10-02T21:55:00,normal,41,41,8282112,2490868
vm-io-20261002-201718.log,683253,2026-10-02T21:56:00,compaction,220,220,917164032,250966421
vm-io-20261002-201718.log,683253,2026-10-02T21:56:00,normal,52,52,10391552,4087020
vm-io-20261002-201718.log,683253,2026-10-02T21:57:00,compaction,207,207,854949888,239525782
vm-io-20261002-201718.log,683253,2026-10-02T21:57:00,normal,69,69,14401536,5702574
vm-io-20261002-201718.log,683253,2026-10-02T21:58:00,compaction,227,227,939417600,191773070
vm-io-20261002-201718.log,683253,2026-10-02T21:58:00,normal,43,43,6766592,2710970
vm-io-20261002-201718.log,683253,2026-10-02T21:59:00,compaction,235,235,978726912,281345359
vm-io-20261002-201718.log,683253,2026-10-02T21:59:00,normal,57,57,9064448,3327333
vm-io-20261002-201718.log,683253,2026-10-02T22:00:00,compaction,228,228,952193024,168126662
vm-io-20261002-201718.log,683253,2026-10-02T22:00:00,normal,36,36,5636096,1728168
vm-io-20261002-201718.log,683253,2026-10-02T22:01:00,compaction,235,235,973221888,205832437
vm-io-20261002-201718.log,683253,2026-10-02T22:01:00,normal,41,41,7471104,2686127
vm-io-20261002-201718.log,683253,2026-10-02T22:02:00,compaction,214,214,891219968,201461313
vm-io-20261002-201718.log,683253,2026-10-02T22:02:00,normal,56,56,5283840,1964696
vm-io-20261002-201718.log,683253,2026-10-02T22:03:00,compaction,226,226,945053696,203365237
vm-io-20261002-201718.log,683253,2026-10-02T22:03:00,normal,61,61,11849728,4000084
vm-io-20261002-201718.log,683253,2026-10-02T22:04:00,compaction,203,203,834375680,241632268
vm-io-20261002-201718.log,683253,2026-10-02T22:04:00,normal,81,81,16424960,5344104
vm-io-20261002-201718.log,683253,2026-10-02T22:05:00,compaction,207,207,859090944,174073867
vm-io-20261002-201718.log,683253,2026-10-02T22:05:00,normal,49,49,7680000,2987196
vm-io-20261002-201718.log,683253,2026-10-02T22:06:00,compaction,235,235,977969152,221594643
vm-io-20261002-201718.log,683253,2026-10-02T22:06:00,normal,55,55,5795840,1909970
vm-io-20261002-201718.log,683253,2026-10-02T22:07:00,compaction,215,215,894394368,215927643
vm-io-20261002-201718.log,683253,2026-10-02T22:07:00,normal,55,55,13266944,4933391
vm-io-20261002-201718.log,683253,2026-10-02T22:08:00,compaction,238,238,985583616,192395513
vm-io-20261002-201718.log,683253,2026-10-02T22:08:00,normal,59,59,8159232,3745287
vm-io-20261002-201718.log,683253,2026-10-02T22:09:00,normal,65,65,5296128,1749281
vm-io-20261002-201718.log,683253,2026-10-02T22:09:00,compaction,219,219,906682368,199154690
vm-io-20261002-201718.log,683253,2026-10-02T22:10:00,compaction,232,232,962093056,191212444
vm-io-20261002-201718.log,683253,2026-10-02T22:10:00,normal,44,44,3448832,1871085
vm-io-20261002-201718.log,683253,2026-10-02T22:11:00,normal,64,61,5840896,2200696
vm-io-20261002-201718.log,683253,2026-10-02T22:11:00,compaction,206,206,857010176,211194603
vm-io-20261002-201718.log,683253,2026-10-02T22:12:00,compaction,220,220,919085056,205058721
vm-io-20261002-201718.log,683253,2026-10-02T22:12:00,normal,42,42,8769536,3608773
vm-io-20261002-201718.log,683253,2026-10-02T22:13:00,normal,56,56,7192576,3638710
vm-io-20261002-201718.log,683253,2026-10-02T22:13:00,compaction,227,227,946401280,187524154
vm-io-20261002-201718.log,683253,2026-10-02T22:14:00,normal,60,60,10276864,4128649
vm-io-20261002-201718.log,683253,2026-10-02T22:14:00,compaction,225,225,933916672,205259950
vm-io-20261002-201718.log,683253,2026-10-02T22:15:00,compaction,226,226,936931328,118010990
vm-io-20261002-201718.log,683253,2026-10-02T22:15:00,normal,32,32,14598144,6132973
vm-io-20261002-201718.log,683253,2026-10-02T22:16:00,compaction,208,208,858906624,158219076
vm-io-20261002-201718.log,683253,2026-10-02T22:16:00,normal,53,53,8876032,4075553
vm-io-20261002-201718.log,683253,2026-10-02T22:17:00,compaction,212,212,877654016,208651824
vm-io-20261002-201718.log,683253,2026-10-02T22:17:00,normal,65,65,11890688,5676796
vm-io-20261002-201718.log,683253,2026-10-02T22:18:00,compaction,218,218,905277440,175650349
vm-io-20261002-201718.log,683253,2026-10-02T22:18:00,normal,37,37,4272128,1950622
vm-io-20261002-201718.log,683253,2026-10-02T22:19:00,compaction,252,252,1048092672,176708037
vm-io-20261002-201718.log,683253,2026-10-02T22:19:00,normal,8,8,1286144,492554
vm-io-20261002-201718.log,683253,2026-10-02T22:20:00,compaction,190,190,784044032,118181430
vm-io-20261002-201718.log,683253,2026-10-02T22:20:00,normal,15,15,471040,32730
vm-io-20261002-201718.log,683253,2026-10-02T22:21:00,compaction,205,184,854589440,172932318
vm-io-20261002-201718.log,683253,2026-10-02T22:21:00,normal,24,24,671744,136735
vm-io-20261002-201718.log,683253,2026-10-02T22:22:00,compaction,226,226,935694336,171514387
vm-io-20261002-201718.log,683253,2026-10-02T22:22:00,normal,22,22,442368,62606
vm-io-20261002-201718.log,683253,2026-10-02T22:23:00,compaction,209,209,867098624,163224950
vm-io-20261002-201718.log,683253,2026-10-02T22:23:00,normal,30,30,1564672,301821
vm-io-20261002-201718.log,683253,2026-10-02T22:24:00,normal,33,33,1417216,219823
vm-io-20261002-201718.log,683253,2026-10-02T22:24:00,compaction,225,223,938516480,195604587
vm-io-20261002-201718.log,683253,2026-10-02T22:25:00,compaction,225,225,938409984,140413728
vm-io-20261002-201718.log,683253,2026-10-02T22:25:00,normal,23,23,1359872,234409
vm-io-20261002-201718.log,683253,2026-10-02T22:26:00,compaction,228,228,955580416,200313265
vm-io-20261002-201718.log,683253,2026-10-02T22:26:00,normal,36,36,1126400,274221
vm-io-20261002-201718.log,683253,2026-10-02T22:27:00,normal,35,35,1425408,359011
vm-io-20261002-201718.log,683253,2026-10-02T22:27:00,compaction,219,219,906838016,210365499
vm-io-20261002-201718.log,683253,2026-10-02T22:28:00,normal,29,29,1474560,153366
vm-io-20261002-201718.log,683253,2026-10-02T22:28:00,compaction,233,233,970846208,141103850
vm-io-20261002-201718.log,683253,2026-10-02T22:29:00,normal,45,45,1302528,154835
vm-io-20261002-201718.log,683253,2026-10-02T22:29:00,compaction,225,225,934158336,235563063
vm-io-20261002-201718.log,683253,2026-10-02T22:30:00,compaction,210,210,867405824,119084343
vm-io-20261002-201718.log,683253,2026-10-02T22:30:00,normal,31,31,1150976,385023
vm-io-20261002-201718.log,683253,2026-10-02T22:31:00,compaction,230,230,952897536,175987120
vm-io-20261002-201718.log,683253,2026-10-02T22:31:00,normal,33,33,1208320,172108
vm-io-20261002-201718.log,683253,2026-10-02T22:32:00,compaction,234,234,975466496,158087157
vm-io-20261002-201718.log,683253,2026-10-02T22:32:00,normal,42,42,3440640,875154
vm-io-20261002-201718.log,683253,2026-10-02T22:33:00,compaction,248,248,1036451840,152981237
vm-io-20261002-201718.log,683253,2026-10-02T22:33:00,normal,34,34,2125824,478590
vm-io-20261002-201718.log,683253,2026-10-02T22:34:00,compaction,219,219,909164544,187475307
vm-io-20261002-201718.log,683253,2026-10-02T22:34:00,normal,43,43,1888256,430346
vm-io-20261002-201718.log,683253,2026-10-02T22:35:00,compaction,209,209,876609536,154786389
vm-io-20261002-201718.log,683253,2026-10-02T22:35:00,normal,33,33,2273280,424682
vm-io-20261002-201718.log,683253,2026-10-02T22:36:00,compaction,213,213,892604416,177572011
vm-io-20261002-201718.log,683253,2026-10-02T22:36:00,normal,23,23,610304,54615
vm-io-20261002-201718.log,683253,2026-10-02T22:37:00,compaction,225,225,941436928,248815714
vm-io-20261002-201718.log,683253,2026-10-02T22:37:00,normal,41,41,2174976,587193
vm-io-20261002-201718.log,683253,2026-10-02T22:38:00,compaction,188,188,787939328,174479130
vm-io-20261002-201718.log,683253,2026-10-02T22:38:00,normal,19,19,942080,202583
vm-io-20261002-201718.log,683253,2026-10-02T22:39:00,compaction,218,218,906895360,238651349
vm-io-20261002-201718.log,683253,2026-10-02T22:39:00,normal,41,41,1830912,305210
vm-io-20261002-201718.log,683253,2026-10-02T22:40:00,compaction,185,185,775946240,116946256
vm-io-20261002-201718.log,683253,2026-10-02T22:40:00,normal,21,21,749568,206235
vm-io-20261002-201718.log,683253,2026-10-02T22:41:00,compaction,218,218,913854464,207256455
vm-io-20261002-201718.log,683253,2026-10-02T22:41:00,normal,19,19,720896,159474
vm-io-20261002-201718.log,683253,2026-10-02T22:42:00,normal,29,29,1032192,133920
vm-io-20261002-201718.log,683253,2026-10-02T22:42:00,compaction,189,189,792723456,226561876
vm-io-20261002-201718.log,683253,2026-10-02T22:43:00,normal,56,56,2793472,885848
vm-io-20261002-201718.log,683253,2026-10-02T22:43:00,compaction,210,210,878063616,209075788
vm-io-20261002-201718.log,683253,2026-10-02T22:44:00,compaction,199,199,831062016,170895802
vm-io-20261002-201718.log,683253,2026-10-02T22:44:00,normal,16,16,815104,51929
vm-io-20261002-201718.log,683253,2026-10-02T22:45:00,compaction,264,264,1107296256,147877954
vm-io-20261002-201718.log,683253,2026-10-02T22:45:00,normal,19,19,307200,33100
vm-io-20261002-201718.log,683253,2026-10-02T22:46:00,compaction,239,239,999751680,190079443
vm-io-20261002-201718.log,683253,2026-10-02T22:46:00,normal,18,18,204800,18575
vm-io-20261002-201718.log,683253,2026-10-02T22:47:00,normal,31,31,921600,88462
vm-io-20261002-201718.log,683253,2026-10-02T22:47:00,compaction,175,175,727326720,203321476
vm-io-20261002-201718.log,683253,2026-10-02T22:48:00,compaction,154,154,645922816,156290765
vm-io-20261002-201718.log,683253,2026-10-02T22:48:00,normal,28,28,552960,75777
vm-io-20261002-201718.log,683253,2026-10-02T22:49:00,compaction,93,93,387960832,111531027
vm-io-20261002-201718.log,683253,2026-10-02T22:49:00,normal,58,58,1859584,290668
vm-io-20261002-201718.log,683253,2026-10-02T22:50:00,compaction,127,127,523493376,96452766
vm-io-20261002-201718.log,683253,2026-10-02T22:50:00,normal,103,103,7352320,944215
vm-io-20261002-201718.log,683253,2026-10-02T22:51:00,normal,198,198,9670656,1151057
vm-io-20261002-201718.log,683253,2026-10-02T22:51:00,compaction,90,90,372760576,26485552
vm-io-20261002-201718.log,683253,2026-10-02T22:52:00,normal,253,253,17383424,1850009
vm-io-20261002-201718.log,683253,2026-10-02T22:52:00,compaction,66,66,276824064,18922796
vm-io-20261002-201718.log,683253,2026-10-02T22:53:00,compaction,74,74,306208768,69010457
vm-io-20261002-201718.log,683253,2026-10-02T22:53:00,normal,276,276,16031744,1279744
vm-io-20261002-201718.log,683253,2026-10-02T22:54:00,normal,231,231,21217280,1558924
vm-io-20261002-201718.log,683253,2026-10-02T22:54:00,compaction,82,82,339513344,38836622
vm-io-20261002-201718.log,683253,2026-10-02T22:55:00,normal,179,179,16711680,1025721
vm-io-20261002-201718.log,683253,2026-10-02T22:55:00,compaction,135,135,562810880,114599204
vm-io-20261002-201718.log,683253,2026-10-02T22:56:00,normal,177,177,5107712,421564
vm-io-20261002-201718.log,683253,2026-10-02T22:56:00,compaction,119,119,498192384,103796058
vm-io-20261002-201718.log,683253,2026-10-02T22:57:00,compaction,117,117,487870464,106257854
vm-io-20261002-201718.log,683253,2026-10-02T22:57:00,normal,167,167,4415488,449325
vm-io-20261002-201718.log,683253,2026-10-02T22:58:00,normal,235,235,20549632,1348342
vm-io-20261002-201718.log,683253,2026-10-02T22:58:00,compaction,99,99,410144768,43110265
vm-io-20261002-201718.log,683253,2026-10-02T22:59:00,normal,339,339,6578176,408642
vm-io-20261002-201718.log,683253,2026-10-02T22:59:00,compaction,39,39,159481856,10417138
vm-io-20261002-201718.log,683253,2026-10-02T23:00:00,normal,244,244,4382720,257461
vm-io-20261002-201718.log,683253,2026-10-02T23:00:00,compaction,113,113,468250624,99014125
vm-io-20261002-201718.log,683253,2026-10-02T23:01:00,normal,80,80,1781760,82882
vm-io-20261002-201718.log,683253,2026-10-02T23:01:00,compaction,183,183,763555840,136524676
vm-io-20261002-201718.log,683253,2026-10-02T23:02:00,compaction,106,106,442159104,105130012
vm-io-20261002-201718.log,683253,2026-10-02T23:02:00,normal,151,151,5451776,174998
vm-io-20261002-201718.log,683253,2026-10-02T23:03:00,compaction,68,68,283660288,71710885
vm-io-20261002-201718.log,683253,2026-10-02T23:03:00,normal,318,318,9187328,317710
vm-io-20261002-201718.log,683253,2026-10-02T23:04:00,normal,177,177,3936256,234145
vm-io-20261002-201718.log,683253,2026-10-02T23:04:00,compaction,98,98,410853376,87258878
vm-io-20261002-201718.log,683253,2026-10-02T23:05:00,normal,70,70,1454080,91378
vm-io-20261002-201718.log,683253,2026-10-02T23:05:00,compaction,170,170,707706880,134916422
vm-io-20261002-201718.log,683253,2026-10-02T23:06:00,compaction,64,64,264888320,27456355
vm-io-20261002-201718.log,683253,2026-10-02T23:06:00,normal,214,214,5337088,272721
vm-io-20261002-201718.log,683253,2026-10-02T23:07:00,compaction,50,50,208494592,18405014
vm-io-20261002-201718.log,683253,2026-10-02T23:07:00,normal,232,232,5103616,285833
vm-io-20261002-201718.log,683253,2026-10-02T23:08:00,normal,313,313,6684672,279977
vm-io-20261002-201718.log,683253,2026-10-02T23:08:00,compaction,59,59,243859456,10728545
vm-io-20261002-201718.log,683253,2026-10-02T23:09:00,normal,193,193,4366336,178540
vm-io-20261002-201718.log,683253,2026-10-02T23:09:00,compaction,103,103,429043712,72029431
vm-io-20261002-201718.log,683253,2026-10-02T23:10:00,compaction,207,207,864145408,94111252
vm-io-20261002-201718.log,683253,2026-10-02T23:10:00,normal,30,30,684032,11643
vm-io-20261002-201718.log,683253,2026-10-02T23:11:00,compaction,238,238,985681920,216618721
vm-io-20261002-201718.log,683253,2026-10-02T23:11:00,normal,23,23,438272,20121
vm-io-20261002-201718.log,683253,2026-10-02T23:12:00,compaction,222,222,929767424,165222872
vm-io-20261002-201718.log,683253,2026-10-02T23:12:00,normal,16,16,311296,11219
vm-io-20261002-201718.log,683253,2026-10-02T23:13:00,compaction,209,209,867430400,271541691
vm-io-20261002-201718.log,683253,2026-10-02T23:13:00,normal,7,7,32768,1128
vm-io-20261002-201718.log,683253,2026-10-02T23:14:00,compaction,194,194,810307584,122222837
vm-io-20261002-201718.log,683253,2026-10-02T23:14:00,normal,7,7,28672,616
vm-io-20261002-201718.log,683253,2026-10-02T23:15:00,compaction,225,225,941207552,276302264
vm-io-20261002-201718.log,683253,2026-10-02T23:15:00,normal,5,5,81920,893
vm-io-20261002-201718.log,683253,2026-10-02T23:16:00,normal,9,9,36864,2366
vm-io-20261002-201718.log,683253,2026-10-02T23:16:00,compaction,215,215,896696320,193723027
vm-io-20261002-201718.log,683253,2026-10-02T23:17:00,compaction,244,244,1021444096,239183089
vm-io-20261002-201718.log,683253,2026-10-02T23:17:00,normal,6,6,86016,2555
vm-io-20261002-201718.log,683253,2026-10-02T23:18:00,compaction,226,226,945627136,224781824
vm-io-20261002-201718.log,683253,2026-10-02T23:18:00,normal,13,13,53248,3111
vm-io-20261002-201718.log,683253,2026-10-02T23:19:00,compaction,209,209,873304064,234182137
vm-io-20261002-201718.log,683253,2026-10-02T23:19:00,normal,15,15,61440,6184
vm-io-20261002-201718.log,683253,2026-10-02T23:20:00,compaction,250,250,1040244736,251185482
vm-io-20261002-201718.log,683253,2026-10-02T23:20:00,normal,6,6,86016,464
vm-io-20261002-201718.log,683253,2026-10-02T23:21:00,compaction,233,233,974041088,301002892
vm-io-20261002-201718.log,683253,2026-10-02T23:21:00,normal,6,6,24576,1368
vm-io-20261002-201718.log,683253,2026-10-02T23:22:00,compaction,225,225,935587840,179762068
vm-io-20261002-201718.log,683253,2026-10-02T23:22:00,normal,7,7,28672,616
vm-io-20261002-201718.log,683253,2026-10-02T23:23:00,compaction,231,231,968224768,291621813
vm-io-20261002-201718.log,683253,2026-10-02T23:23:00,normal,5,5,81920,376
vm-io-20261002-201718.log,683253,2026-10-02T23:24:00,compaction,266,266,1106817024,283807106
vm-io-20261002-201718.log,683253,2026-10-02T23:24:00,normal,1,1,4096,88
vm-io-20261002-201718.log,683253,2026-10-02T23:25:00,compaction,213,213,884350976,206399660
vm-io-20261002-201718.log,683253,2026-10-02T23:25:00,normal,49,49,471040,81059
vm-io-20261002-201718.log,683253,2026-10-02T23:26:00,compaction,212,212,889192448,252975168
vm-io-20261002-201718.log,683253,2026-10-02T23:26:00,normal,30,30,278528,47191
vm-io-20261002-201718.log,683253,2026-10-02T23:27:00,compaction,216,216,892145664,143908140
vm-io-20261002-201718.log,683253,2026-10-02T23:27:00,normal,39,39,315392,52006
vm-io-20261002-201718.log,683253,2026-10-02T23:28:00,compaction,242,242,1008836608,194099947
vm-io-20261002-201718.log,683253,2026-10-02T23:28:00,normal,21,21,122880,24098
vm-io-20261002-201718.log,683253,2026-10-02T23:29:00,compaction,222,222,922689536,214795605
vm-io-20261002-201718.log,683253,2026-10-02T23:29:00,normal,18,18,5488640,2005669
vm-io-20261002-201718.log,683253,2026-10-02T23:30:00,compaction,239,239,998887424,241233778
vm-io-20261002-201718.log,683253,2026-10-02T23:30:00,normal,28,28,3682304,1427755
vm-io-20261002-201718.log,683253,2026-10-02T23:31:00,compaction,236,236,989855744,188719510
vm-io-20261002-201718.log,683253,2026-10-02T23:31:00,normal,26,26,7155712,3952672
vm-io-20261002-201718.log,683253,2026-10-02T23:32:00,compaction,216,216,898150400,172189646
vm-io-20261002-201718.log,683253,2026-10-02T23:32:00,normal,42,42,4702216,2600570
vm-io-20261002-201718.log,683253,2026-10-02T23:33:00,compaction,217,217,910163968,186391386
vm-io-20261002-201718.log,683253,2026-10-02T23:33:00,normal,30,30,4141056,2125730
vm-io-20261002-201718.log,683253,2026-10-02T23:34:00,compaction,210,210,875749376,222936352
vm-io-20261002-201718.log,683253,2026-10-02T23:34:00,normal,57,57,13422592,4855976
vm-io-20261002-201718.log,683253,2026-10-02T23:35:00,compaction,225,225,940392448,138400822
vm-io-20261002-201718.log,683253,2026-10-02T23:35:00,normal,38,38,3395584,1056709
vm-io-20261002-201718.log,683253,2026-10-02T23:36:00,compaction,228,228,952786944,256986215
vm-io-20261002-201718.log,683253,2026-10-02T23:36:00,normal,34,34,5984256,2050392
vm-io-20261002-201718.log,683253,2026-10-02T23:37:00,compaction,202,202,840314880,207529187
vm-io-20261002-201718.log,683253,2026-10-02T23:37:00,normal,60,60,6053888,3384113
vm-io-20261002-201718.log,683253,2026-10-02T23:38:00,compaction,77,59,322908160,56128367
vm-io-20261002-201718.log,683253,2026-10-02T23:38:00,normal,15,15,1396736,955061
vm-io-20261002-201718.log,683253,2026-10-02T23:39:00,compaction,36,0,150994944,25566006
vm-io-20261002-201718.log,683253,2026-10-02T23:40:00,compaction,190,190,794247168,99512553
vm-io-20261002-201718.log,683253,2026-10-02T23:40:00,normal,31,31,2502656,697578
vm-io-20261002-201718.log,683253,2026-10-02T23:41:00,compaction,158,158,658608128,116292403
vm-io-20261002-201718.log,683253,2026-10-02T23:41:00,normal,26,26,13459456,5253148
vm-io-20261002-201718.log,683253,2026-10-02T23:42:00,compaction,187,187,777621504,128241975
vm-io-20261002-201718.log,683253,2026-10-02T23:42:00,normal,30,30,1961984,584891
vm-io-20261002-201718.log,683253,2026-10-02T23:43:00,compaction,211,211,879419392,190272356
vm-io-20261002-201718.log,683253,2026-10-02T23:43:00,normal,31,31,5079040,1822778
vm-io-20261002-201718.log,683253,2026-10-02T23:44:00,compaction,217,217,898711552,142459608
vm-io-20261002-201718.log,683253,2026-10-02T23:44:00,normal,27,27,5058560,1790169
vm-io-20261002-201718.log,683253,2026-10-02T23:45:00,compaction,204,204,843988992,183146667
vm-io-20261002-201718.log,683253,2026-10-02T23:45:00,normal,30,30,5533696,2789108
vm-io-20261002-201718.log,683253,2026-10-02T23:46:00,compaction,208,208,865558528,133670183
vm-io-20261002-201718.log,683253,2026-10-02T23:46:00,normal,28,28,6557696,2196864
vm-io-20261002-201718.log,683253,2026-10-02T23:47:00,compaction,198,198,829685760,180563801
vm-io-20261002-201718.log,683253,2026-10-02T23:47:00,normal,44,44,17694720,7706736
vm-io-20261002-201718.log,683253,2026-10-02T23:48:00,compaction,202,202,842362880,219952926
vm-io-20261002-201718.log,683253,2026-10-02T23:48:00,normal,39,39,7811072,3161883
vm-io-20261002-201718.log,683253,2026-10-02T23:49:00,compaction,198,198,830472192,175945161
vm-io-20261002-201718.log,683253,2026-10-02T23:49:00,normal,34,34,10207240,4601894
vm-io-20261002-201718.log,683253,2026-10-02T23:50:00,normal,36,36,9973760,3879932
vm-io-20261002-201718.log,683253,2026-10-02T23:50:00,compaction,201,201,843055104,131774836
vm-io-20261002-201718.log,683253,2026-10-02T23:51:00,compaction,193,193,803774464,173498793
vm-io-20261002-201718.log,683253,2026-10-02T23:51:00,normal,51,51,10469376,4130054
vm-io-20261002-201718.log,683253,2026-10-02T23:52:00,compaction,181,179,755056640,191785091
vm-io-20261002-201718.log,683253,2026-10-02T23:52:00,normal,66,66,23707648,10321392
vm-io-20261002-201718.log,683253,2026-10-02T23:53:00,normal,39,38,8450048,2539431
vm-io-20261002-201718.log,683253,2026-10-02T23:53:00,compaction,202,198,838938624,158588579
vm-io-20261002-201718.log,683253,2026-10-02T23:54:00,compaction,207,206,864301056,169987182
vm-io-20261002-201718.log,683253,2026-10-02T23:54:00,normal,45,45,10092544,3934092
vm-io-20261002-201718.log,683253,2026-10-02T23:55:00,compaction,215,203,895184896,110730438
vm-io-20261002-201718.log,683253,2026-10-02T23:55:00,normal,32,31,12091392,4627426
vm-io-20261002-201718.log,683253,2026-10-02T23:56:00,normal,37,37,3870720,1539926
vm-io-20261002-201718.log,683253,2026-10-02T23:56:00,compaction,224,224,932659200,203180689
vm-io-20261002-201718.log,683253,2026-10-02T23:57:00,compaction,186,184,772947968,139608974
vm-io-20261002-201718.log,683253,2026-10-02T23:57:00,normal,79,79,13037568,5547225
vm-io-20261002-201718.log,683253,2026-10-02T23:58:00,compaction,220,220,917999616,218604489
vm-io-20261002-201718.log,683253,2026-10-02T23:58:00,normal,61,61,12124160,4524335
vm-io-20261002-201718.log,683253,2026-10-02T23:59:00,compaction,216,214,900710400,194140981
vm-io-20261002-201718.log,683253,2026-10-02T23:59:00,normal,63,62,16334848,5076526
vm-io-20261002-201718.log,683253,2026-10-03T00:00:00,compaction,193,188,809373696,124391680
vm-io-20261002-201718.log,683253,2026-10-03T00:00:00,normal,48,48,9703424,3867780
vm-io-20261002-201718.log,683253,2026-10-03T00:01:00,compaction,200,197,834330624,129658801
vm-io-20261002-201718.log,683253,2026-10-03T00:01:00,normal,45,43,8384512,2662977
vm-io-20261002-201718.log,683253,2026-10-03T00:02:00,normal,54,54,17223680,7168426
vm-io-20261002-201718.log,683253,2026-10-03T00:02:00,compaction,182,181,762048512,201805510
vm-io-20261002-201718.log,683253,2026-10-03T00:03:00,compaction,198,198,827756544,155621171
vm-io-20261002-201718.log,683253,2026-10-03T00:03:00,normal,35,35,9158656,3800660
vm-io-20261002-201718.log,683253,2026-10-03T00:04:00,normal,40,40,18186240,6630204
vm-io-20261002-201718.log,683253,2026-10-03T00:04:00,compaction,220,219,919203840,191326314
vm-io-20261002-201718.log,683253,2026-10-03T00:05:00,compaction,186,184,780140544,155775349
vm-io-20261002-201718.log,683253,2026-10-03T00:05:00,normal,71,71,18022400,6808989
vm-io-20261002-201718.log,683253,2026-10-03T00:06:00,compaction,166,165,694816768,177990210
vm-io-20261002-201718.log,683253,2026-10-03T00:06:00,normal,35,35,6950912,2560426
vm-io-20261002-201718.log,683253,2026-10-03T00:07:00,normal,35,35,5079040,1519786
vm-io-20261002-201718.log,683253,2026-10-03T00:07:00,compaction,230,230,964689920,198916111
vm-io-20261002-201718.log,683253,2026-10-03T00:08:00,compaction,203,202,851443712,163892164
vm-io-20261002-201718.log,683253,2026-10-03T00:08:00,normal,39,39,13303808,5637755
vm-io-20261002-201718.log,683253,2026-10-03T00:09:00,compaction,172,172,721420288,216669021
vm-io-20261002-201718.log,683253,2026-10-03T00:09:00,normal,22,15,761856,135874
vm-io-20261002-201718.log,683253,2026-10-03T00:10:00,normal,18,18,1019904,110279
vm-io-20261002-201718.log,683253,2026-10-03T00:10:00,compaction,198,198,823250944,162873935
vm-io-20261002-201718.log,683253,2026-10-03T00:11:00,compaction,184,183,768905216,171931321
vm-io-20261002-201718.log,683253,2026-10-03T00:11:00,normal,25,22,974848,151773
vm-io-20261002-201718.log,683253,2026-10-03T00:12:00,compaction,121,118,507510784,130789199
vm-io-20261002-201718.log,683253,2026-10-03T00:12:00,normal,48,48,2600960,317303
vm-io-20261002-201718.log,683253,2026-10-03T00:13:00,compaction,179,179,750780416,209169091
vm-io-20261002-201718.log,683253,2026-10-03T00:13:00,normal,35,35,1937408,213955
vm-io-20261002-201718.log,683253,2026-10-03T00:14:00,compaction,193,193,809472000,158817174
vm-io-20261002-201718.log,683253,2026-10-03T00:14:00,normal,38,38,1552384,134897
vm-io-20261002-201718.log,683253,2026-10-03T00:15:00,compaction,203,203,849797120,193210808
vm-io-20261002-201718.log,683253,2026-10-03T00:15:00,normal,36,33,978944,82271
vm-io-20261002-201718.log,683253,2026-10-03T00:16:00,compaction,218,216,910819328,161822330
vm-io-20261002-201718.log,683253,2026-10-03T00:16:00,normal,27,27,1683456,257064
vm-io-20261002-201718.log,683253,2026-10-03T00:17:00,compaction,219,218,912412672,165413556
vm-io-20261002-201718.log,683253,2026-10-03T00:17:00,normal,30,30,1298432,142772
vm-io-20261002-201718.log,683253,2026-10-03T00:18:00,normal,36,33,2203648,161186
vm-io-20261002-201718.log,683253,2026-10-03T00:18:00,compaction,195,195,813498368,124487036
vm-io-20261002-201718.log,683253,2026-10-03T00:19:00,compaction,167,167,697098240,117782377
vm-io-20261002-201718.log,683253,2026-10-03T00:19:00,normal,40,34,2945024,1180728
vm-io-20261002-201718.log,683253,2026-10-03T00:20:00,compaction,221,221,923684864,260212437
vm-io-20261002-201718.log,683253,2026-10-03T00:20:00,normal,32,32,1388544,153967
vm-io-20261002-201718.log,683253,2026-10-03T00:21:00,normal,32,32,1142784,258606
vm-io-20261002-201718.log,683253,2026-10-03T00:21:00,compaction,186,186,779993088,139881532
vm-io-20261002-201718.log,683253,2026-10-03T00:22:00,compaction,190,190,791609344,154158449
vm-io-20261002-201718.log,683253,2026-10-03T00:22:00,normal,57,49,2187264,396936
vm-io-20261002-201718.log,683253,2026-10-03T00:23:00,compaction,217,217,905662464,183797621
vm-io-20261002-201718.log,683253,2026-10-03T00:23:00,normal,42,38,2469888,761329
vm-io-20261002-201718.log,683253,2026-10-03T00:24:00,compaction,148,148,619859968,153416890
vm-io-20261002-201718.log,683253,2026-10-03T00:24:00,normal,45,42,1511424,160646
vm-io-20261002-201718.log,683253,2026-10-03T00:25:00,normal,45,45,1880064,221257
vm-io-20261002-201718.log,683253,2026-10-03T00:25:00,compaction,211,211,884101120,226681605
vm-io-20261002-201718.log,683253,2026-10-03T00:26:00,compaction,201,201,838217728,208600100
vm-io-20261002-201718.log,683253,2026-10-03T00:26:00,normal,67,64,2621440,798517
vm-io-20261002-201718.log,683253,2026-10-03T00:27:00,compaction,135,135,559947776,148459615
vm-io-20261002-201718.log,683253,2026-10-03T00:27:00,normal,62,53,2555904,410629
vm-io-20261002-201718.log,683253,2026-10-03T00:28:00,compaction,197,197,826277888,224792698
vm-io-20261002-201718.log,683253,2026-10-03T00:28:00,normal,44,38,2682880,440242
vm-io-20261002-201718.log,683253,2026-10-03T00:29:00,compaction,210,210,878116864,204764869
vm-io-20261002-201718.log,683253,2026-10-03T00:29:00,normal,39,39,909312,111828
vm-io-20261002-201718.log,683253,2026-10-03T00:30:00,compaction,228,228,951595008,224050847
vm-io-20261002-201718.log,683253,2026-10-03T00:30:00,normal,38,38,1634304,196297
vm-io-20261002-201718.log,683253,2026-10-03T00:31:00,compaction,223,223,927277056,182974358
vm-io-20261002-201718.log,683253,2026-10-03T00:31:00,normal,38,38,1363968,253065
vm-io-20261002-201718.log,683253,2026-10-03T00:32:00,compaction,208,208,864251904,222437249
vm-io-20261002-201718.log,683253,2026-10-03T00:32:00,normal,56,53,2195456,298977
vm-io-20261002-201718.log,683253,2026-10-03T00:33:00,compaction,235,235,981934080,236282151
vm-io-20261002-201718.log,683253,2026-10-03T00:33:00,normal,35,35,2715648,980528
vm-io-20261002-201718.log,683253,2026-10-03T00:34:00,normal,34,34,1388544,135973
vm-io-20261002-201718.log,683253,2026-10-03T00:34:00,compaction,232,232,971243520,194076564
vm-io-20261002-201718.log,683253,2026-10-03T00:35:00,normal,42,40,2494464,274381
vm-io-20261002-201718.log,683253,2026-10-03T00:35:00,compaction,229,229,955289600,183832560
vm-io-20261002-201718.log,683253,2026-10-03T00:36:00,compaction,230,230,956977152,223719164
vm-io-20261002-201718.log,683253,2026-10-03T00:36:00,normal,48,41,1581056,154866
vm-io-20261002-201718.log,683253,2026-10-03T00:37:00,normal,52,52,2899968,604776
vm-io-20261002-201718.log,683253,2026-10-03T00:37:00,compaction,238,238,996683776,240810578
vm-io-20261002-201718.log,683253,2026-10-03T00:38:00,compaction,233,233,973606912,178485369
vm-io-20261002-201718.log,683253,2026-10-03T00:38:00,normal,38,35,2019328,238804
vm-io-20261002-201718.log,683253,2026-10-03T00:39:00,compaction,231,231,967901184,247469791
vm-io-20261002-201718.log,683253,2026-10-03T00:39:00,normal,45,33,2338816,713915
vm-io-20261002-201718.log,683253,2026-10-03T00:40:00,compaction,206,206,850456576,186464945
vm-io-20261002-201718.log,683253,2026-10-03T00:40:00,normal,52,49,3174400,498248
vm-io-20261002-201718.log,683253,2026-10-03T00:41:00,normal,62,56,2768896,405761
vm-io-20261002-201718.log,683253,2026-10-03T00:41:00,compaction,210,210,879865856,200797916
vm-io-20261002-201718.log,683253,2026-10-03T00:42:00,compaction,219,219,917946368,207385172
vm-io-20261002-201718.log,683253,2026-10-03T00:42:00,normal,56,56,5824512,1558575
vm-io-20261002-201718.log,683253,2026-10-03T00:43:00,normal,59,56,4247552,1048341
vm-io-20261002-201718.log,683253,2026-10-03T00:43:00,compaction,206,206,854138880,229157286
vm-io-20261002-201718.log,683253,2026-10-03T00:44:00,compaction,162,162,675348480,122194241
vm-io-20261002-201718.log,683253,2026-10-03T00:44:00,normal,38,38,1200128,210441
vm-io-20261002-201718.log,683253,2026-10-03T00:45:00,compaction,163,159,674447360,162144352
vm-io-20261002-201718.log,683253,2026-10-03T00:45:00,normal,12,10,225280,27488
vm-io-20261002-201718.log,683253,2026-10-03T00:46:00,compaction,219,219,908410880,207640437
vm-io-20261002-201718.log,683253,2026-10-03T00:46:00,normal,18,18,2375680,870157
vm-io-20261002-201718.log,683253,2026-10-03T00:47:00,compaction,187,186,780861440,192449773
vm-io-20261002-201718.log,683253,2026-10-03T00:47:00,normal,31,31,6643712,1920922
vm-io-20261002-201718.log,683253,2026-10-03T00:48:00,compaction,222,222,924467200,194395401
vm-io-20261002-201718.log,683253,2026-10-03T00:48:00,normal,32,32,6340608,2457436
vm-io-20261002-201718.log,683253,2026-10-03T00:49:00,compaction,201,201,832716800,211780358
vm-io-20261002-201718.log,683253,2026-10-03T00:49:00,normal,32,32,2961408,1100996
vm-io-20261002-201718.log,683253,2026-10-03T00:50:00,compaction,190,190,786272256,142924532
vm-io-20261002-201718.log,683253,2026-10-03T00:50:00,normal,31,31,5476352,1733370
vm-io-20261002-201718.log,683253,2026-10-03T00:51:00,compaction,197,197,819683328,213125216
vm-io-20261002-201718.log,683253,2026-10-03T00:51:00,normal,37,37,2682880,565309
vm-io-20261002-201718.log,683253,2026-10-03T00:52:00,normal,42,42,7495680,2142552
vm-io-20261002-201718.log,683253,2026-10-03T00:52:00,compaction,221,221,926941184,216911748
vm-io-20261002-201718.log,683253,2026-10-03T00:53:00,compaction,186,186,778035200,210160657
vm-io-20261002-201718.log,683253,2026-10-03T00:53:00,normal,68,59,3022848,311487
vm-io-20261002-201718.log,683253,2026-10-03T00:54:00,compaction,209,209,870486016,166396608
vm-io-20261002-201718.log,683253,2026-10-03T00:54:00,normal,42,42,7266304,2750488
vm-io-20261002-201718.log,683253,2026-10-03T00:55:00,compaction,214,214,893689856,223608596
vm-io-20261002-201718.log,683253,2026-10-03T00:55:00,normal,44,41,2551808,671386
vm-io-20261002-201718.log,683253,2026-10-03T00:56:00,compaction,217,217,905711616,180622880
vm-io-20261002-201718.log,683253,2026-10-03T00:56:00,normal,40,40,5140480,1886240
vm-io-20261002-201718.log,683253,2026-10-03T00:57:00,compaction,203,203,845930496,198330076
vm-io-20261002-201718.log,683253,2026-10-03T00:57:00,normal,71,71,16617472,6267091
vm-io-20261002-201718.log,683253,2026-10-03T00:58:00,compaction,203,203,842153984,157629073
vm-io-20261002-201718.log,683253,2026-10-03T00:58:00,normal,69,69,4460544,830893
vm-io-20261002-201718.log,683253,2026-10-03T00:59:00,compaction,237,237,990478336,189854754
vm-io-20261002-201718.log,683253,2026-10-03T00:59:00,normal,37,37,4341760,1625282
vm-io-20261002-201718.log,683253,2026-10-03T01:00:00,compaction,182,182,759648256,152060781
vm-io-20261002-201718.log,683253,2026-10-03T01:00:00,normal,54,54,12423168,4972439
vm-io-20261002-201718.log,683253,2026-10-03T01:01:00,compaction,177,177,736632832,124151823
vm-io-20261002-201718.log,683253,2026-10-03T01:01:00,normal,46,45,11030528,4050713
vm-io-20261002-201718.log,683253,2026-10-03T01:02:00,compaction,199,199,832634880,226115692
vm-io-20261002-201718.log,683253,2026-10-03T01:02:00,normal,62,62,8642560,2630702
vm-io-20261002-201718.log,683253,2026-10-03T01:03:00,compaction,208,208,864878592,113577127
vm-io-20261002-201718.log,683253,2026-10-03T01:03:00,normal,61,61,12292096,4550438
vm-io-20261002-201718.log,683253,2026-10-03T01:04:00,compaction,209,209,873857024,158795189
vm-io-20261002-201718.log,683253,2026-10-03T01:04:00,normal,36,36,4575232,1498453
vm-io-20261002-201718.log,683253,2026-10-03T01:05:00,compaction,201,201,841297920,189674090
vm-io-20261002-201718.log,683253,2026-10-03T01:05:00,normal,59,59,15556608,6016619
vm-io-20261002-201718.log,683253,2026-10-03T01:06:00,compaction,232,232,968654848,195004348
vm-io-20261002-201718.log,683253,2026-10-03T01:06:00,normal,45,45,10698752,3543965
vm-io-20261002-201718.log,683253,2026-10-03T01:07:00,compaction,214,214,891990016,155023986
vm-io-20261002-201718.log,683253,2026-10-03T01:07:00,normal,49,46,7913472,2593016
vm-io-20261002-201718.log,683253,2026-10-03T01:08:00,compaction,234,234,980361216,209132792
vm-io-20261002-201718.log,683253,2026-10-03T01:08:00,normal,41,39,11960320,4630814
vm-io-20261002-201718.log,683253,2026-10-03T01:09:00,normal,57,53,9203712,3359948
vm-io-20261002-201718.log,683253,2026-10-03T01:09:00,compaction,224,224,933027840,176706006
vm-io-20261002-201718.log,683253,2026-10-03T01:10:00,compaction,226,226,940453888,202431131
vm-io-20261002-201718.log,683253,2026-10-03T01:10:00,normal,40,40,4354048,943210
vm-io-20261002-201718.log,683253,2026-10-03T01:11:00,normal,46,46,13762560,4121219
vm-io-20261002-201718.log,683253,2026-10-03T01:11:00,compaction,206,206,859533312,139109063
vm-io-20261002-201718.log,683253,2026-10-03T01:12:00,compaction,222,222,917102592,182115641
vm-io-20261002-201718.log,683253,2026-10-03T01:12:00,normal,50,48,21516288,7969694
vm-io-20261002-201718.log,683253,2026-10-03T01:13:00,normal,55,46,18288640,6545435
vm-io-20261002-201718.log,683253,2026-10-03T01:13:00,compaction,229,229,960311296,184978962
vm-io-20261002-201718.log,683253,2026-10-03T01:14:00,compaction,214,214,891695104,187816749
vm-io-20261002-201718.log,683253,2026-10-03T01:14:00,normal,52,51,9588736,3782529
vm-io-20261002-201718.log,683253,2026-10-03T01:15:00,compaction,216,216,900751360,184992295
vm-io-20261002-201718.log,683253,2026-10-03T01:15:00,normal,61,58,11829248,3956834
vm-io-20261002-201718.log,683253,2026-10-03T01:16:00,compaction,190,190,789139456,165977935
vm-io-20261002-201718.log,683253,2026-10-03T01:16:00,normal,39,39,3170304,1248654
vm-io-20261002-201718.log,683253,2026-10-03T01:17:00,compaction,228,228,948838400,270692779
vm-io-20261002-201718.log,683253,2026-10-03T01:17:00,normal,76,76,35561472,12614721
vm-io-20261002-201718.log,683253,2026-10-03T01:18:00,compaction,214,214,896409600,155321994
vm-io-20261002-201718.log,683253,2026-10-03T01:18:00,normal,52,52,2625536,850769
vm-io-20261002-201718.log,683253,2026-10-03T01:19:00,compaction,184,184,771751936,130937063
vm-io-20261002-201718.log,683253,2026-10-03T01:19:00,normal,47,47,16805888,5650964
vm-io-20261002-201718.log,683253,2026-10-03T01:20:00,normal,60,60,10915840,4423743
vm-io-20261002-201718.log,683253,2026-10-03T01:20:00,compaction,138,138,577437696,85660877
vm-io-20261002-201718.log,683253,2026-10-03T01:21:00,compaction,176,176,738197504,106688747
vm-io-20261002-201718.log,683253,2026-10-03T01:21:00,normal,57,54,4595712,1031224
vm-io-20261002-201718.log,683253,2026-10-03T01:22:00,compaction,105,105,436756480,95095572
vm-io-20261002-201718.log,683253,2026-10-03T01:22:00,normal,124,118,24412160,8746933
vm-io-20261002-201718.log,683253,2026-10-03T01:23:00,normal,80,77,16850944,6469081
vm-io-20261002-201718.log,683253,2026-10-03T01:23:00,compaction,141,141,590938112,92022209
vm-io-20261002-201718.log,683253,2026-10-03T01:24:00,compaction,107,107,448790528,95576991
vm-io-20261002-201718.log,683253,2026-10-03T01:24:00,normal,169,162,48332800,17268657
vm-io-20261002-201718.log,683253,2026-10-03T01:25:00,normal,154,146,40529920,13090654
vm-io-20261002-201718.log,683253,2026-10-03T01:25:00,compaction,83,83,348127232,72934634
vm-io-20261002-201718.log,683253,2026-10-03T01:26:00,normal,53,53,2482176,309558
vm-io-20261002-201718.log,683253,2026-10-03T01:26:00,compaction,81,81,339738624,97248457
vm-io-20261002-201718.log,683253,2026-10-03T01:27:00,compaction,116,116,483946496,70234754
vm-io-20261002-201718.log,683253,2026-10-03T01:27:00,normal,50,47,1732608,258856
vm-io-20261002-201718.log,683253,2026-10-03T01:28:00,compaction,119,119,493375488,114861735
vm-io-20261002-201718.log,683253,2026-10-03T01:28:00,normal,63,60,4964352,873009
vm-io-20261002-201718.log,683253,2026-10-03T01:29:00,normal,63,60,5963776,1410479
vm-io-20261002-201718.log,683253,2026-10-03T01:29:00,compaction,110,110,461373440,84402160
vm-io-20261002-201718.log,683253,2026-10-03T01:30:00,compaction,131,131,549453824,94506288
vm-io-20261002-201718.log,683253,2026-10-03T01:30:00,normal,74,74,6803456,2187720
vm-io-20261002-201718.log,683253,2026-10-03T01:31:00,compaction,101,101,417599488,107880363
vm-io-20261002-201718.log,683253,2026-10-03T01:31:00,normal,95,92,9945088,2509443
vm-io-20261002-201718.log,683253,2026-10-03T01:32:00,normal,108,102,7073792,829402
vm-io-20261002-201718.log,683253,2026-10-03T01:32:00,compaction,123,123,515899392,192546381
vm-io-20261002-201718.log,683253,2026-10-03T01:33:00,normal,59,53,4239360,619486
vm-io-20261002-201718.log,683253,2026-10-03T01:33:00,compaction,189,189,788598784,150242628
vm-io-20261002-201718.log,683253,2026-10-03T01:34:00,compaction,159,159,666894336,116787773
vm-io-20261002-201718.log,683253,2026-10-03T01:34:00,normal,50,47,4333568,416417
vm-io-20261002-201718.log,683253,2026-10-03T01:35:00,compaction,162,162,679477248,155333521
vm-io-20261002-201718.log,683253,2026-10-03T01:35:00,normal,61,61,5660672,973167
vm-io-20261002-201718.log,683253,2026-10-03T01:36:00,compaction,158,158,659210240,163417698
vm-io-20261002-201718.log,683253,2026-10-03T01:36:00,normal,99,93,7299072,1254880
vm-io-20261002-201718.log,683253,2026-10-03T01:37:00,compaction,151,151,633339904,172205203
vm-io-20261002-201718.log,683253,2026-10-03T01:37:00,normal,93,84,4448256,560662
vm-io-20261002-201718.log,683253,2026-10-03T01:38:00,compaction,142,142,595591168,152801479
vm-io-20261002-201718.log,683253,2026-10-03T01:38:00,normal,56,56,4657152,801152
vm-io-20261002-201718.log,683253,2026-10-03T01:39:00,normal,62,62,5103616,1439824
vm-io-20261002-201718.log,683253,2026-10-03T01:39:00,compaction,161,161,673447936,129835738
vm-io-20261002-201718.log,683253,2026-10-03T01:40:00,normal,96,85,3248128,480034
vm-io-20261002-201718.log,683253,2026-10-03T01:40:00,compaction,113,113,470134784,88119660
vm-io-20261002-201718.log,683253,2026-10-03T01:41:00,compaction,150,150,622018560,93382919
vm-io-20261002-201718.log,683253,2026-10-03T01:41:00,normal,75,71,3284992,582232
vm-io-20261002-201718.log,683253,2026-10-03T01:42:00,compaction,131,131,549453824,106652120
vm-io-20261002-201718.log,683253,2026-10-03T01:42:00,normal,102,98,9752576,1392353
vm-io-20261002-201718.log,683253,2026-10-03T01:43:00,normal,175,164,12726272,2076178
vm-io-20261002-201718.log,683253,2026-10-03T01:43:00,compaction,96,96,402653184,78279511
vm-io-20261002-201718.log,683253,2026-10-03T01:44:00,normal,165,142,9056256,1647961
vm-io-20261002-201718.log,683253,2026-10-03T01:44:00,compaction,113,113,473038848,87981794
vm-io-20261002-201718.log,683253,2026-10-03T01:45:00,compaction,138,138,577662976,89019183
vm-io-20261002-201718.log,683253,2026-10-03T01:45:00,normal,154,150,9736192,2672537
vm-io-20261002-201718.log,683253,2026-10-03T01:46:00,compaction,146,146,612368384,124453524
vm-io-20261002-201718.log,683253,2026-10-03T01:46:00,normal,119,107,9379840,1202736
vm-io-20261002-201718.log,683253,2026-10-03T01:47:00,compaction,113,113,473956352,120693807
vm-io-20261002-201718.log,683253,2026-10-03T01:47:00,normal,140,140,7483392,1153334
vm-io-20261002-201718.log,683253,2026-10-03T01:48:00,compaction,163,163,683671552,140317171
vm-io-20261002-201718.log,683253,2026-10-03T01:48:00,normal,86,86,5402624,1194233
vm-io-20261002-201718.log,683253,2026-10-03T01:49:00,normal,80,80,5324800,906392
vm-io-20261002-201718.log,683253,2026-10-03T01:49:00,compaction,149,149,624820224,185106446
vm-io-20261002-201718.log,683253,2026-10-03T01:50:00,compaction,131,131,548700160,92850376
vm-io-20261002-201718.log,683253,2026-10-03T01:50:00,normal,154,142,6955008,1227983
vm-io-20261002-201718.log,683253,2026-10-03T01:51:00,compaction,113,113,473956352,129123547
vm-io-20261002-201718.log,683253,2026-10-03T01:51:00,normal,200,189,13250560,3629618
vm-io-20261002-201718.log,683253,2026-10-03T01:52:00,compaction,87,87,364904448,57762331
vm-io-20261002-201718.log,683253,2026-10-03T01:52:00,normal,203,196,11890688,2126659
vm-io-20261002-201718.log,683253,2026-10-03T01:53:00,normal,266,257,15056896,3391667
vm-io-20261002-201718.log,683253,2026-10-03T01:53:00,compaction,59,59,247463936,69667576
vm-io-20261002-201718.log,683253,2026-10-03T01:54:00,compaction,131,131,545718272,86686261
vm-io-20261002-201718.log,683253,2026-10-03T01:54:00,normal,141,141,12333056,2903188
vm-io-20261002-201718.log,683253,2026-10-03T01:55:00,compaction,101,101,423624704,61821219
vm-io-20261002-201718.log,683253,2026-10-03T01:55:00,normal,212,200,11636736,2846960
vm-io-20261002-201718.log,683253,2026-10-03T01:56:00,normal,257,245,9773056,2254122
vm-io-20261002-201718.log,683253,2026-10-03T01:56:00,compaction,60,60,251658240,36777616
vm-io-20261002-201718.log,683253,2026-10-03T01:57:00,normal,185,185,5574656,953256
vm-io-20261002-201718.log,683253,2026-10-03T01:57:00,compaction,105,105,440401920,88443624
vm-io-20261002-201718.log,683253,2026-10-03T01:58:00,normal,129,126,3022848,247089
vm-io-20261002-201718.log,683253,2026-10-03T01:58:00,compaction,123,123,515899392,99586307
vm-io-20261002-201718.log,683253,2026-10-03T01:59:00,normal,100,92,4472832,1332350
vm-io-20261002-201718.log,683253,2026-10-03T01:59:00,compaction,142,142,589127680,64919265
vm-io-20261002-201718.log,683253,2026-10-03T02:00:00,compaction,95,95,398458880,51312612
vm-io-20261002-201718.log,683253,2026-10-03T02:00:00,normal,189,182,9330688,2096720
vm-io-20261002-201718.log,683253,2026-10-03T02:01:00,normal,202,199,10350592,1889815
vm-io-20261002-201718.log,683253,2026-10-03T02:01:00,compaction,93,93,390070272,112882242
vm-io-20261002-201718.log,683253,2026-10-03T02:02:00,compaction,138,138,578813952,117363511
vm-io-20261002-201718.log,683253,2026-10-03T02:02:00,normal,142,136,5693440,1026338
vm-io-20261002-201718.log,683253,2026-10-03T02:03:00,normal,163,163,8327168,2025872
vm-io-20261002-201718.log,683253,2026-10-03T02:03:00,compaction,123,123,512364544,121420231
vm-io-20261002-201718.log,683253,2026-10-03T02:04:00,compaction,36,36,149291008,19693939
vm-io-20261002-201718.log,683253,2026-10-03T02:04:00,normal,317,311,13766656,2124431
vm-io-20261002-201718.log,683253,2026-10-03T02:05:00,normal,292,256,14630912,1906432
vm-io-20261002-201718.log,683253,2026-10-03T02:05:00,compaction,33,33,138412032,54004361
vm-io-20261002-201718.log,683253,2026-10-03T02:06:00,compaction,47,47,197132288,12533932
vm-io-20261002-201718.log,683253,2026-10-03T02:06:00,normal,289,280,11370496,554632
vm-io-20261002-201718.log,683253,2026-10-03T02:07:00,normal,223,220,6451200,334453
vm-io-20261002-201718.log,683253,2026-10-03T02:07:00,compaction,64,64,268435456,95069623
vm-io-20261002-201718.log,683253,2026-10-03T02:08:00,normal,144,120,5165056,736148
vm-io-20261002-201718.log,683253,2026-10-03T02:08:00,compaction,60,60,248496128,16195851
vm-io-20261002-201718.log,683253,2026-10-03T02:09:00,normal,162,135,7880704,1161191
vm-io-20261002-201718.log,683253,2026-10-03T02:09:00,compaction,94,94,393412608,77726737
vm-io-20261002-201718.log,683253,2026-10-03T02:10:00,normal,235,211,6750208,835741
vm-io-20261002-201718.log,683253,2026-10-03T02:10:00,compaction,64,64,268435456,18555342
vm-io-20261002-201718.log,683253,2026-10-03T02:11:00,normal,171,156,4505600,1076281
vm-io-20261002-201718.log,683253,2026-10-03T02:11:00,compaction,55,55,227069952,59909430
vm-io-20261002-201718.log,683253,2026-10-03T02:12:00,compaction,48,48,198529024,24312330
vm-io-20261002-201718.log,683253,2026-10-03T02:12:00,normal,124,88,2719744,708733
vm-io-20261002-201718.log,683253,2026-10-03T02:13:00,normal,276,261,8454144,1289906
vm-io-20261002-201718.log,683253,2026-10-03T02:13:00,compaction,64,64,268435456,62734174
vm-io-20261002-201718.log,683253,2026-10-03T02:14:00,normal,138,138,4546560,217535
vm-io-20261002-201718.log,683253,2026-10-03T02:14:00,compaction,31,31,130023424,21588962
vm-io-20261002-201718.log,683253,2026-10-03T02:15:00,compaction,108,108,452984832,43521349
vm-io-20261002-201718.log,683253,2026-10-03T02:15:00,normal,143,92,6242304,1603239
vm-io-20261002-201718.log,683253,2026-10-03T02:16:00,normal,232,232,5107712,376316
vm-io-20261002-201718.log,683253,2026-10-03T02:16:00,compaction,33,33,115145108,8146798
vm-io-20261002-201718.log,683253,2026-10-03T02:17:00,compaction,51,51,213909504,49875411
vm-io-20261002-201718.log,683253,2026-10-03T02:17:00,normal,209,209,3751936,345031
vm-io-20261002-201718.log,683253,2026-10-03T02:18:00,normal,154,104,7626752,1646859
vm-io-20261002-201718.log,683253,2026-10-03T02:18:00,compaction,119,119,478944287,71906119
vm-io-20261002-201718.log,683253,2026-10-03T02:19:00,compaction,44,44,184549376,57492270
vm-io-20261002-201718.log,683253,2026-10-03T02:19:00,normal,227,226,6041600,346975
vm-io-20261002-201718.log,683253,2026-10-03T02:20:00,normal,217,217,7086080,391777
vm-io-20261002-201718.log,683253,2026-10-03T02:20:00,compaction,32,32,134217728,8954252
vm-io-20261002-201718.log,683253,2026-10-03T02:21:00,normal,29,29,827392,46700
vm-io-20261002-201718.log,683253,2026-10-03T02:21:00,compaction,92,92,384045056,63102359
vm-io-20261002-201718.log,683253,2026-10-03T02:22:00,normal,217,166,7618560,1724181
vm-io-20261002-201718.log,683253,2026-10-03T02:22:00,compaction,33,33,127491938,19796950
vm-io-20261002-201718.log,683253,2026-10-03T02:23:00,normal,173,173,3932160,261162
vm-io-20261002-201718.log,683253,2026-10-03T02:23:00,compaction,80,80,335544320,68725109
vm-io-20261002-201718.log,683253,2026-10-03T02:24:00,normal,139,93,5455872,1586997
vm-io-20261002-201718.log,683253,2026-10-03T02:24:00,compaction,41,41,171966464,20360123
vm-io-20261002-201718.log,683253,2026-10-03T02:25:00,normal,63,54,1257472,104536
vm-io-20261002-201718.log,683253,2026-10-03T02:25:00,compaction,35,35,145367040,73324571
vm-io-20261002-201718.log,683253,2026-10-03T02:26:00,compaction,32,32,134217728,8786885
vm-io-20261002-201718.log,683253,2026-10-03T02:26:00,normal,332,332,99217408,37444525
vm-io-20261002-201718.log,683253,2026-10-03T02:27:00,normal,175,175,4820992,254429
vm-io-20261002-201718.log,683253,2026-10-03T02:27:00,compaction,93,93,388169728,77866424
vm-io-20261002-201718.log,683253,2026-10-03T02:28:00,normal,121,70,4747264,1546312
vm-io-20261002-201718.log,683253,2026-10-03T02:28:00,compaction,52,52,218103808,13395821
vm-io-20261002-201718.log,683253,2026-10-03T02:29:00,compaction,55,55,229642240,49870885
vm-io-20261002-201718.log,683253,2026-10-03T02:29:00,normal,216,216,5996544,319662
vm-io-20261002-201718.log,683253,2026-10-03T02:30:00,normal,163,112,7065600,1642027
vm-io-20261002-201718.log,683253,2026-10-03T02:30:00,compaction,60,59,251658240,64259671
vm-io-20261002-201718.log,683253,2026-10-03T02:31:00,compaction,54,54,226492416,16765013
vm-io-20261002-201718.log,683253,2026-10-03T02:31:00,normal,203,187,6725632,804476
vm-io-20261002-201718.log,683253,2026-10-03T02:32:00,normal,134,99,4268032,1133437
vm-io-20261002-201718.log,683253,2026-10-03T02:32:00,compaction,91,91,380698624,120528029
vm-io-20261002-201718.log,683253,2026-10-03T02:33:00,compaction,105,105,440401920,195685289
vm-io-20261002-201718.log,683253,2026-10-03T02:33:00,normal,56,56,1613824,78189
vm-io-20261002-201718.log,683253,2026-10-03T02:34:00,normal,21,21,163840,21460
vm-io-20261002-201718.log,683253,2026-10-03T02:34:00,compaction,148,148,620756992,266453482
vm-io-20261002-201718.log,683253,2026-10-03T02:35:00,compaction,129,129,541065216,148478774
vm-io-20261002-201718.log,683253,2026-10-03T02:35:00,normal,32,32,966656,39295
vm-io-20261002-201718.log,683253,2026-10-03T02:36:00,compaction,137,137,574619648,187688704
vm-io-20261002-201718.log,683253,2026-10-03T02:36:00,normal,52,52,1671168,78369
vm-io-20261002-201718.log,683253,2026-10-03T02:37:00,normal,89,75,1658880,297037
vm-io-20261002-201718.log,683253,2026-10-03T02:37:00,compaction,106,106,444596224,187429150
vm-io-20261002-201718.log,683253,2026-10-03T02:38:00,normal,61,24,4059136,1315505
vm-io-20261002-201718.log,683253,2026-10-03T02:38:00,compaction,111,111,465436672,192560436
vm-io-20261002-201718.log,683253,2026-10-03T02:39:00,normal,33,33,311296,33622
vm-io-20261002-201718.log,683253,2026-10-03T02:39:00,compaction,138,138,578813952,249557026
vm-io-20261002-201718.log,683253,2026-10-03T02:40:00,compaction,127,127,532676608,249723180
vm-io-20261002-201718.log,683253,2026-10-03T02:40:00,normal,14,14,77824,11344
vm-io-20261002-201718.log,683253,2026-10-03T02:41:00,normal,22,22,147456,37080
vm-io-20261002-201718.log,683253,2026-10-03T02:41:00,compaction,152,152,637534208,261242695
vm-io-20261002-201718.log,683253,2026-10-03T02:42:00,compaction,159,159,662835200,337675859
vm-io-20261002-201718.log,683253,2026-10-03T02:42:00,normal,7,7,671744,19645
vm-io-20261002-201718.log,683253,2026-10-03T02:43:00,compaction,186,186,780140544,356174002
vm-io-20261002-201718.log,683253,2026-10-03T02:43:00,normal,3,3,77824,2947
vm-io-20261002-201718.log,683253,2026-10-03T02:44:00,compaction,137,137,574619648,166393889
vm-io-20261002-201718.log,683253,2026-10-03T02:44:00,normal,17,17,565248,25805
vm-io-20261002-201718.log,683253,2026-10-03T02:45:00,compaction,157,157,658505728,103536237
vm-io-20261002-201718.log,683253,2026-10-03T02:45:00,normal,12,12,450560,19462
vm-io-20261002-201718.log,683253,2026-10-03T02:46:00,compaction,147,147,616562688,108637496
vm-io-20261002-201718.log,683253,2026-10-03T02:46:00,normal,45,45,3661824,104660
vm-io-20261002-201718.log,683253,2026-10-03T02:47:00,normal,73,73,4792320,157175
vm-io-20261002-201718.log,683253,2026-10-03T02:47:00,compaction,112,112,469762048,137396296
vm-io-20261002-201718.log,683253,2026-10-03T02:48:00,compaction,138,138,578813952,162982375
vm-io-20261002-201718.log,683253,2026-10-03T02:48:00,normal,34,34,2342912,82667
vm-io-20261002-201718.log,683253,2026-10-03T02:49:00,compaction,119,119,497078272,89959174
vm-io-20261002-201718.log,683253,2026-10-03T02:49:00,normal,37,37,1257472,46837
vm-io-20261002-201718.log,683253,2026-10-03T02:50:00,compaction,123,123,515899392,123128745
vm-io-20261002-201718.log,683253,2026-10-03T02:50:00,normal,42,42,1662976,68730
vm-io-20261002-201718.log,683253,2026-10-03T02:51:00,compaction,137,137,574619648,150729604
vm-io-20261002-201718.log,683253,2026-10-03T02:51:00,normal,45,26,2871296,928718
vm-io-20261002-201718.log,683253,2026-10-03T02:52:00,compaction,150,150,629145600,196416106
vm-io-20261002-201718.log,683253,2026-10-03T02:52:00,normal,48,16,2170880,618732
vm-io-20261002-201718.log,683253,2026-10-03T02:53:00,compaction,166,166,696254464,129577592
vm-io-20261002-201718.log,683253,2026-10-03T02:53:00,normal,13,13,442368,20379
vm-io-20261002-201718.log,683253,2026-10-03T02:54:00,compaction,138,138,578813952,150771006
vm-io-20261002-201718.log,683253,2026-10-03T02:54:00,normal,51,51,4468736,139761
vm-io-20261002-201718.log,683253,2026-10-03T02:55:00,compaction,120,120,499458048,197445407
vm-io-20261002-201718.log,683253,2026-10-03T02:55:00,normal,25,25,839680,44342
vm-io-20261002-201718.log,683253,2026-10-03T02:56:00,compaction,141,141,587464704,263581474
vm-io-20261002-201718.log,683253,2026-10-03T02:56:00,normal,14,14,217088,20538
vm-io-20261002-201718.log,683253,2026-10-03T02:57:00,compaction,191,191,798818304,280486942
vm-io-20261002-201718.log,683253,2026-10-03T02:57:00,normal,8,8,151552,10965
vm-io-20261002-201718.log,683253,2026-10-03T02:58:00,compaction,143,143,599785472,167197303
vm-io-20261002-201718.log,683253,2026-10-03T02:58:00,normal,26,26,8155136,544830
vm-io-20261002-201718.log,683253,2026-10-03T02:59:00,compaction,123,123,515899392,149219166
vm-io-20261002-201718.log,683253,2026-10-03T02:59:00,normal,12,12,991232,49082
vm-io-20261002-201718.log,683253,2026-10-03T03:00:00,compaction,169,169,708837376,190034409
vm-io-20261002-201718.log,683253,2026-10-03T03:00:00,normal,21,21,2326528,122148
vm-io-20261002-201718.log,683253,2026-10-03T03:01:00,compaction,136,136,569921536,173025283
vm-io-20261002-201718.log,683253,2026-10-03T03:01:00,normal,22,22,2359296,148133
vm-io-20261002-201718.log,683253,2026-10-03T03:02:00,normal,22,22,2596864,75554
vm-io-20261002-201718.log,683253,2026-10-03T03:02:00,compaction,152,152,637534208,188624954
vm-io-20261002-201718.log,683253,2026-10-03T03:03:00,compaction,127,127,532676608,109010389
vm-io-20261002-201718.log,683253,2026-10-03T03:03:00,normal,53,53,2621440,122519
vm-io-20261002-201718.log,683253,2026-10-03T03:04:00,normal,47,47,2326528,121392
vm-io-20261002-201718.log,683253,2026-10-03T03:04:00,compaction,97,97,406847488,103798776
vm-io-20261002-201718.log,683253,2026-10-03T03:05:00,compaction,96,96,399794176,113376348
vm-io-20261002-201718.log,683253,2026-10-03T03:05:00,normal,70,70,3977216,295213
vm-io-20261002-201718.log,683253,2026-10-03T03:06:00,compaction,89,89,373293056,126695034
vm-io-20261002-201718.log,683253,2026-10-03T03:06:00,normal,73,73,4460544,178355
vm-io-20261002-201718.log,683253,2026-10-03T03:07:00,compaction,53,53,218365952,43781686
vm-io-20261002-201718.log,683253,2026-10-03T03:07:00,normal,102,87,5836800,252011
vm-io-20261002-201718.log,683253,2026-10-03T03:08:00,compaction,71,71,297795584,51948495
vm-io-20261002-201718.log,683253,2026-10-03T03:08:00,normal,119,112,8192000,298786
vm-io-20261002-201718.log,683253,2026-10-03T03:09:00,normal,97,83,5763072,1032824
vm-io-20261002-201718.log,683253,2026-10-03T03:09:00,compaction,87,87,364904448,100183490
vm-io-20261002-201718.log,683253,2026-10-03T03:10:00,compaction,91,91,378433536,149361038
vm-io-20261002-201718.log,683253,2026-10-03T03:10:00,normal,60,60,2412544,99355
vm-io-20261002-201718.log,683253,2026-10-03T03:11:00,compaction,86,86,360710144,203085402
vm-io-20261002-201718.log,683253,2026-10-03T03:11:00,normal,96,85,5029888,681103
vm-io-20261002-201718.log,683253,2026-10-03T03:12:00,compaction,124,124,519331840,256539437
vm-io-20261002-201718.log,683253,2026-10-03T03:12:00,normal,73,69,1052672,72838
vm-io-20261002-201718.log,683253,2026-10-03T03:13:00,normal,46,46,1359872,81114
vm-io-20261002-201718.log,683253,2026-10-03T03:13:00,compaction,129,129,540164096,267623004
vm-io-20261002-201718.log,683253,2026-10-03T03:14:00,compaction,138,138,567545856,230338933
vm-io-20261002-201718.log,683253,2026-10-03T03:14:00,normal,40,40,1609728,57548
vm-io-20261002-201718.log,683253,2026-10-03T03:15:00,compaction,136,136,552583168,153775366
vm-io-20261002-201718.log,683253,2026-10-03T03:15:00,normal,62,62,2170880,114913
vm-io-20261002-201718.log,683253,2026-10-03T03:16:00,compaction,143,143,584097792,233819620
vm-io-20261002-201718.log,683253,2026-10-03T03:16:00,normal,23,23,253952,30363
vm-io-20261002-201718.log,683253,2026-10-03T03:17:00,compaction,171,171,695713792,127270861
vm-io-20261002-201718.log,683253,2026-10-03T03:17:00,normal,40,40,1167360,58475
vm-io-20261002-201718.log,683253,2026-10-03T03:18:00,normal,81,81,4296704,156242
vm-io-20261002-201718.log,683253,2026-10-03T03:18:00,compaction,106,106,439222272,53523864
vm-io-20261002-201718.log,683253,2026-10-03T03:19:00,compaction,98,98,408309760,96025077
vm-io-20261002-201718.log,683253,2026-10-03T03:19:00,normal,50,50,1839104,91052
vm-io-20261002-201718.log,683253,2026-10-03T03:20:00,compaction,160,160,656728064,197408797
vm-io-20261002-201718.log,683253,2026-10-03T03:20:00,normal,34,33,1708032,59797
vm-io-20261002-201718.log,683253,2026-10-03T03:21:00,compaction,131,131,540565504,123608722
vm-io-20261002-201718.log,683253,2026-10-03T03:21:00,normal,49,41,946176,63455
vm-io-20261002-201718.log,683253,2026-10-03T03:22:00,compaction,137,137,560328704,152954355
vm-io-20261002-201718.log,683253,2026-10-03T03:22:00,normal,33,19,2183168,407897
vm-io-20261002-201718.log,683253,2026-10-03T03:23:00,compaction,162,162,679477248,129643720
vm-io-20261002-201718.log,683253,2026-10-03T03:23:00,normal,28,18,1224704,213951
vm-io-20261002-201718.log,683253,2026-10-03T03:24:00,compaction,88,88,367525888,96886538
vm-io-20261002-201718.log,683253,2026-10-03T03:24:00,normal,109,94,5398528,1066063
vm-io-20261002-201718.log,683253,2026-10-03T03:25:00,normal,61,61,5234688,445623
vm-io-20261002-201718.log,683253,2026-10-03T03:25:00,compaction,121,121,505954304,334227821
vm-io-20261002-201718.log,683253,2026-10-03T03:26:00,compaction,136,136,568066048,183954889
vm-io-20261002-201718.log,683253,2026-10-03T03:26:00,normal,27,27,655360,37049
vm-io-20261002-201718.log,683253,2026-10-03T03:27:00,compaction,191,191,799211520,260363737
vm-io-20261002-201718.log,683253,2026-10-03T03:27:00,normal,31,31,1003520,48503
vm-io-20261002-201718.log,683253,2026-10-03T03:28:00,normal,30,30,208896,25340
vm-io-20261002-201718.log,683253,2026-10-03T03:28:00,compaction,148,148,616960000,111325908
vm-io-20261002-201718.log,683253,2026-10-03T03:29:00,compaction,97,97,401014784,98300329
vm-io-20261002-201718.log,683253,2026-10-03T03:29:00,normal,16,16,4808704,302464
vm-io-20261002-201718.log,683253,2026-10-03T03:30:00,normal,26,26,847872,50700
vm-io-20261002-201718.log,683253,2026-10-03T03:30:00,compaction,160,160,668270592,209258684
vm-io-20261002-201718.log,683253,2026-10-03T03:31:00,compaction,135,135,566231040,43564199
vm-io-20261002-201718.log,683253,2026-10-03T03:31:00,normal,59,56,3215360,249953
vm-io-20261002-201718.log,683253,2026-10-03T03:32:00,normal,77,77,9240576,691157
vm-io-20261002-201718.log,683253,2026-10-03T03:32:00,compaction,110,110,461373440,67702137
vm-io-20261002-201718.log,683253,2026-10-03T03:33:00,normal,55,54,5324800,275857
vm-io-20261002-201718.log,683253,2026-10-03T03:33:00,compaction,125,125,524288000,136784523
vm-io-20261002-201718.log,683253,2026-10-03T03:34:00,normal,142,137,6053888,225440
vm-io-20261002-201718.log,683253,2026-10-03T03:34:00,compaction,83,83,347230208,139169045
vm-io-20261002-201718.log,683253,2026-10-03T03:35:00,compaction,114,114,478150656,101072564
vm-io-20261002-201718.log,683253,2026-10-03T03:35:00,normal,74,49,1961984,614418
vm-io-20261002-201718.log,683253,2026-10-03T03:36:00,compaction,118,118,494927872,118448437
vm-io-20261002-201718.log,683253,2026-10-03T03:36:00,normal,39,38,1396736,51046
vm-io-20261002-201718.log,683253,2026-10-03T03:37:00,normal,108,108,3764224,141937
vm-io-20261002-201718.log,683253,2026-10-03T03:37:00,compaction,87,87,364904448,95507466
vm-io-20261002-201718.log,683253,2026-10-03T03:38:00,normal,75,61,2920448,388203
vm-io-20261002-201718.log,683253,2026-10-03T03:38:00,compaction,95,95,397766656,101165889
vm-io-20261002-201718.log,683253,2026-10-03T03:39:00,compaction,88,88,367001600,160984237
vm-io-20261002-201718.log,683253,2026-10-03T03:39:00,normal,40,34,1454080,593141
vm-io-20261002-201718.log,683253,2026-10-03T03:40:00,compaction,101,101,421724160,101693759
vm-io-20261002-201718.log,683253,2026-10-03T03:40:00,normal,59,58,2224128,118777
vm-io-20261002-201718.log,683253,2026-10-03T03:41:00,compaction,115,115,480444416,83293199
vm-io-20261002-201718.log,683253,2026-10-03T03:41:00,normal,85,85,3862528,149768
vm-io-20261002-201718.log,683253,2026-10-03T03:42:00,normal,95,95,4042752,156745
vm-io-20261002-201718.log,683253,2026-10-03T03:42:00,compaction,100,100,419430400,77136304
vm-io-20261002-201718.log,683253,2026-10-03T03:43:00,compaction,117,117,490733568,133470426
vm-io-20261002-201718.log,683253,2026-10-03T03:43:00,normal,44,44,1527808,59811
vm-io-20261002-201718.log,683253,2026-10-03T03:44:00,compaction,78,78,327155712,125916364
vm-io-20261002-201718.log,683253,2026-10-03T03:44:00,normal,66,66,1654784,88686
vm-io-20261002-201718.log,683253,2026-10-03T03:45:00,compaction,97,97,403341312,110773590
vm-io-20261002-201718.log,683253,2026-10-03T03:45:00,normal,53,53,2293760,76079
vm-io-20261002-201718.log,683253,2026-10-03T03:46:00,compaction,134,134,559157248,153803132
vm-io-20261002-201718.log,683253,2026-10-03T03:46:00,normal,19,19,98304,12473
vm-io-20261002-201718.log,683253,2026-10-03T03:47:00,normal,135,108,63885312,23976653
vm-io-20261002-201718.log,683253,2026-10-03T03:47:00,compaction,80,80,335544320,72461265
vm-io-20261002-201718.log,683253,2026-10-03T03:48:00,compaction,114,114,478150656,192740152
vm-io-20261002-201718.log,683253,2026-10-03T03:48:00,normal,62,59,33214464,12743464
vm-io-20261002-201718.log,683253,2026-10-03T03:49:00,compaction,131,131,549453824,173088256
vm-io-20261002-201718.log,683253,2026-10-03T03:49:00,normal,43,43,626688,46930
vm-io-20261002-201718.log,683253,2026-10-03T03:50:00,compaction,100,100,419430400,61224356
vm-io-20261002-201718.log,683253,2026-10-03T03:50:00,normal,88,76,3559424,945913
vm-io-20261002-201718.log,683253,2026-10-03T03:51:00,normal,51,48,2826240,137988
vm-io-20261002-201718.log,683253,2026-10-03T03:51:00,compaction,109,109,457179136,122846323
vm-io-20261002-201718.log,683253,2026-10-03T03:52:00,compaction,129,129,540282880,79146861
vm-io-20261002-201718.log,683253,2026-10-03T03:52:00,normal,58,58,2072576,100292
vm-io-20261002-201718.log,683253,2026-10-03T03:53:00,compaction,127,127,532676608,134770710
vm-io-20261002-201718.log,683253,2026-10-03T03:53:00,normal,24,24,360448,34733
vm-io-20261002-201718.log,683253,2026-10-03T03:54:00,compaction,126,126,527032320,134925592
vm-io-20261002-201718.log,683253,2026-10-03T03:54:00,normal,71,65,819200,81327
vm-io-20261002-201718.log,683253,2026-10-03T03:55:00,normal,105,105,2904064,154977
vm-io-20261002-201718.log,683253,2026-10-03T03:55:00,compaction,86,86,360710144,83990776
vm-io-20261002-201718.log,683253,2026-10-03T03:56:00,normal,54,54,2359296,96394
vm-io-20261002-201718.log,683253,2026-10-03T03:56:00,compaction,100,100,419430400,78546802
vm-io-20261002-201718.log,683253,2026-10-03T03:57:00,compaction,104,104,436207616,124364909
vm-io-20261002-201718.log,683253,2026-10-03T03:57:00,normal,94,94,1785856,123354
vm-io-20261002-201718.log,683253,2026-10-03T03:58:00,compaction,86,86,360710144,125512195
vm-io-20261002-201718.log,683253,2026-10-03T03:58:00,normal,142,139,16830464,932926
vm-io-20261002-201718.log,683253,2026-10-03T03:59:00,normal,78,70,6336512,531428
vm-io-20261002-201718.log,683253,2026-10-03T03:59:00,compaction,69,69,289406976,52466288
vm-io-20261002-201718.log,683253,2026-10-03T04:00:00,normal,66,44,6500352,874567
vm-io-20261002-201718.log,683253,2026-10-03T04:00:00,compaction,84,84,349110272,49961854
vm-io-20261002-201718.log,683253,2026-10-03T04:01:00,compaction,103,103,432013312,104503851
vm-io-20261002-201718.log,683253,2026-10-03T04:01:00,normal,72,72,7487488,506667
vm-io-20261002-201718.log,683253,2026-10-03T04:02:00,compaction,101,101,421556224,270184530
vm-io-20261002-201718.log,683253,2026-10-03T04:02:00,normal,98,98,3072000,163552
vm-io-20261002-201718.log,683253,2026-10-03T04:03:00,compaction,150,150,629145600,275498046
vm-io-20261002-201718.log,683253,2026-10-03T04:03:00,normal,25,25,1425408,58319
vm-io-20261002-201718.log,683253,2026-10-03T04:04:00,compaction,169,169,703266816,193391825
vm-io-20261002-201718.log,683253,2026-10-03T04:04:00,normal,22,22,1249280,50113
vm-io-20261002-201718.log,683253,2026-10-03T04:05:00,compaction,149,149,624533504,156644515
vm-io-20261002-201718.log,683253,2026-10-03T04:05:00,normal,29,29,3452928,93230
vm-io-20261002-201718.log,683253,2026-10-03T04:06:00,compaction,74,74,308084736,79876346
vm-io-20261002-201718.log,683253,2026-10-03T04:06:00,normal,80,62,4673536,975087
vm-io-20261002-201718.log,683253,2026-10-03T04:07:00,compaction,144,144,602320896,65558809
vm-io-20261002-201718.log,683253,2026-10-03T04:07:00,normal,42,42,3424256,95643
vm-io-20261002-201718.log,683253,2026-10-03T04:08:00,compaction,125,125,524288000,31592319
vm-io-20261002-201718.log,683253,2026-10-03T04:08:00,normal,73,73,6447104,212638
vm-io-20261002-201718.log,683253,2026-10-03T04:09:00,normal,107,74,6348800,747814
vm-io-20261002-201718.log,683253,2026-10-03T04:09:00,compaction,62,62,260046848,15533933
vm-io-20261002-201718.log,683253,2026-10-03T04:10:00,compaction,124,124,520093696,72961063
vm-io-20261002-201718.log,683253,2026-10-03T04:10:00,normal,62,62,2461696,84550
vm-io-20261002-201718.log,683253,2026-10-03T04:11:00,compaction,125,125,524288000,106867974
vm-io-20261002-201718.log,683253,2026-10-03T04:11:00,normal,58,58,2830336,115518
vm-io-20261002-201718.log,683253,2026-10-03T04:12:00,compaction,122,122,510418944,86210212
vm-io-20261002-201718.log,683253,2026-10-03T04:12:00,normal,48,48,2568192,88955
vm-io-20261002-201718.log,683253,2026-10-03T04:13:00,compaction,124,124,520093696,123834686
vm-io-20261002-201718.log,683253,2026-10-03T04:13:00,normal,39,39,843776,61296
vm-io-20261002-201718.log,683253,2026-10-03T04:14:00,compaction,113,113,471535616,104447516
vm-io-20261002-201718.log,683253,2026-10-03T04:14:00,normal,34,34,1482752,68118
vm-io-20261002-201718.log,683253,2026-10-03T04:15:00,compaction,126,126,528482304,133505516
vm-io-20261002-201718.log,683253,2026-10-03T04:15:00,normal,39,39,282624,29465
vm-io-20261002-201718.log,683253,2026-10-03T04:16:00,normal,54,54,1941504,381234
vm-io-20261002-201718.log,683253,2026-10-03T04:16:00,compaction,86,86,357392384,99546079
vm-io-20261002-201718.log,683253,2026-10-03T04:17:00,compaction,126,126,526352384,144181086
vm-io-20261002-201718.log,683253,2026-10-03T04:17:00,normal,55,46,12312576,4064485
vm-io-20261002-201718.log,683253,2026-10-03T04:18:00,compaction,163,163,683159552,241902845
vm-io-20261002-201718.log,683253,2026-10-03T04:18:00,normal,16,13,163840,24323
vm-io-20261002-201718.log,683253,2026-10-03T04:19:00,compaction,143,143,599785472,136176576
vm-io-20261002-201718.log,683253,2026-10-03T04:19:00,normal,23,17,2281472,852886
vm-io-20261002-201718.log,683253,2026-10-03T04:20:00,compaction,154,154,645922816,138497398
vm-io-20261002-201718.log,683253,2026-10-03T04:20:00,normal,17,17,1744896,44020
vm-io-20261002-201718.log,683253,2026-10-03T04:21:00,compaction,169,169,708837376,132634907
vm-io-20261002-201718.log,683253,2026-10-03T04:21:00,normal,11,11,303104,18082
vm-io-20261002-201718.log,683253,2026-10-03T04:22:00,compaction,148,148,620756992,59645082
vm-io-20261002-201718.log,683253,2026-10-03T04:22:00,normal,6,6,24576,1579
vm-io-20261002-201718.log,683253,2026-10-03T04:23:00,compaction,153,153,641728512,84091884
vm-io-20261002-201718.log,683253,2026-10-03T04:23:00,normal,1,1,626688,11330
vm-io-20261002-201718.log,683253,2026-10-03T04:24:00,compaction,215,215,901775360,98465527
vm-io-20261002-201718.log,683253,2026-10-03T04:24:00,normal,3,3,12288,337
vm-io-20261002-201718.log,683253,2026-10-03T04:25:00,compaction,174,174,727777280,64916225
vm-io-20261002-201718.log,683253,2026-10-03T04:25:00,normal,1,1,8192,603
vm-io-20261002-201718.log,683253,2026-10-03T04:26:00,compaction,149,149,624951296,56458336
vm-io-20261002-201718.log,683253,2026-10-03T04:26:00,normal,1,1,8192,4439
vm-io-20261002-201718.log,683253,2026-10-03T04:27:00,compaction,78,78,327155712,39096481
vm-io-20261002-201718.log,683253,2026-10-03T04:28:00,compaction,218,218,914358272,97965713
vm-io-20261002-201718.log,683253,2026-10-03T04:28:00,normal,2,2,8192,1303
vm-io-20261002-201718.log,683253,2026-10-03T04:29:00,compaction,187,187,784334848,73212183
vm-io-20261002-201718.log,683253,2026-10-03T04:29:00,normal,2,2,12288,7218
vm-io-20261002-201718.log,683253,2026-10-03T04:30:00,compaction,134,134,559284224,48811844
vm-io-20261002-201718.log,683253,2026-10-03T04:30:00,normal,2,2,8192,1514
vm-io-20261002-201718.log,683253,2026-10-03T04:31:00,compaction,241,241,1010827264,77681575
vm-io-20261002-201718.log,683253,2026-10-03T04:31:00,normal,1,1,4096,2127
vm-io-20261002-201718.log,683253,2026-10-03T04:32:00,compaction,178,178,746586112,61539120
vm-io-20261002-201718.log,683253,2026-10-03T04:32:00,normal,2,2,8192,839
vm-io-20261002-201718.log,683253,2026-10-03T04:33:00,compaction,96,96,402653184,42494819
vm-io-20261002-201718.log,683253,2026-10-03T04:33:00,normal,1,1,98304,7754
vm-io-20261002-201718.log,683253,2026-10-03T04:34:00,compaction,201,201,843055104,65298557
vm-io-20261002-201718.log,683253,2026-10-03T04:35:00,compaction,200,200,838860800,68810462
vm-io-20261002-201718.log,683253,2026-10-03T04:36:00,compaction,223,223,933560320,106017364
vm-io-20261002-201718.log,683253,2026-10-03T04:37:00,compaction,186,186,780140544,63389124
vm-io-20261002-201718.log,683253,2026-10-03T04:37:00,normal,3,3,180224,7564
vm-io-20261002-201718.log,683253,2026-10-03T04:38:00,compaction,178,178,743047168,96972873
vm-io-20261002-201718.log,683253,2026-10-03T04:39:00,compaction,183,183,767557632,94620051
vm-io-20261002-201718.log,683253,2026-10-03T04:39:00,normal,1,1,4096,23
vm-io-20261002-201718.log,683253,2026-10-03T04:40:00,compaction,238,238,998244352,81219334
vm-io-20261002-201718.log,683253,2026-10-03T04:40:00,normal,1,1,4096,43
vm-io-20261002-201718.log,683253,2026-10-03T04:41:00,compaction,188,188,788529152,68045615
vm-io-20261002-201718.log,683253,2026-10-03T04:42:00,compaction,119,119,498204672,40908991
vm-io-20261002-201718.log,683253,2026-10-03T04:43:00,compaction,168,168,704643072,54643645
vm-io-20261002-201718.log,683253,2026-10-03T04:44:00,compaction,189,189,792723456,69892097
vm-io-20261002-201718.log,683253,2026-10-03T04:44:00,normal,4,4,65536,24401
vm-io-20261002-201718.log,683253,2026-10-03T04:45:00,compaction,190,190,796917760,66862006
vm-io-20261002-201718.log,683253,2026-10-03T04:46:00,compaction,235,235,985661440,88205789
vm-io-20261002-201718.log,683253,2026-10-03T04:46:00,normal,3,3,4206592,1783350
vm-io-20261002-201718.log,683253,2026-10-03T04:47:00,compaction,199,199,834666496,66827499
vm-io-20261002-201718.log,683253,2026-10-03T04:47:00,normal,1,1,4096,20
vm-io-20261002-201718.log,683253,2026-10-03T04:48:00,compaction,167,167,700448768,59144232
vm-io-20261002-201718.log,683253,2026-10-03T04:48:00,normal,4,4,7163904,3168227
vm-io-20261002-201718.log,683253,2026-10-03T04:49:00,compaction,138,136,578813952,74052979
vm-io-20261002-201718.log,683253,2026-10-03T04:49:00,normal,3,3,12288,1277
vm-io-20261002-201718.log,683253,2026-10-03T04:50:00,compaction,212,210,889192448,77783841
vm-io-20261002-201718.log,683253,2026-10-03T04:50:00,normal,5,5,8400896,2281174
vm-io-20261002-201718.log,683253,2026-10-03T04:51:00,compaction,173,173,725614592,60391824
vm-io-20261002-201718.log,683253,2026-10-03T04:51:00,normal,1,1,4096,23
vm-io-20261002-201718.log,683253,2026-10-03T04:52:00,compaction,120,120,503316480,41967517
vm-io-20261002-201718.log,683253,2026-10-03T04:52:00,normal,1,1,4096,415
vm-io-20261002-201718.log,683253,2026-10-03T04:53:00,compaction,229,229,957218816,79255911
vm-io-20261002-201718.log,683253,2026-10-03T04:53:00,normal,1,1,4096,201
vm-io-20261002-201718.log,683253,2026-10-03T04:54:00,compaction,170,170,713031680,58864579
vm-io-20261002-201718.log,683253,2026-10-03T04:54:00,normal,1,1,4194304,1837092
vm-io-20261002-201718.log,683253,2026-10-03T04:55:00,compaction,136,136,570425344,52521540
vm-io-20261002-201718.log,683253,2026-10-03T04:56:00,compaction,228,228,956301312,75419455
vm-io-20261002-201718.log,683253,2026-10-03T04:56:00,normal,7,4,8347648,3588072
vm-io-20261002-201718.log,683253,2026-10-03T04:57:00,compaction,191,191,801112064,64432451
vm-io-20261002-201718.log,683253,2026-10-03T04:57:00,normal,5,2,8437760,3451366
vm-io-20261002-201718.log,683253,2026-10-03T04:58:00,compaction,229,229,960495616,81592773
vm-io-20261002-201718.log,683253,2026-10-03T04:58:00,normal,2,2,8192,201
vm-io-20261002-201718.log,683253,2026-10-03T04:59:00,compaction,227,227,952107008,81872188
vm-io-20261002-201718.log,683253,2026-10-03T04:59:00,normal,2,2,8192,3475
vm-io-20261002-201718.log,683253,2026-10-03T05:00:00,compaction,254,254,1063256064,84621196
vm-io-20261002-201718.log,683253,2026-10-03T05:00:00,normal,2,2,4198400,1424662
vm-io-20261002-201718.log,683253,2026-10-03T05:01:00,compaction,280,280,1174405120,96807582
vm-io-20261002-201718.log,683253,2026-10-03T05:01:00,normal,7,4,8433664,3523747
vm-io-20261002-201718.log,683253,2026-10-03T05:02:00,compaction,183,183,767557632,62103887
vm-io-20261002-201718.log,683253,2026-10-03T05:02:00,normal,4,1,20480,5241
vm-io-20261002-201718.log,683253,2026-10-03T05:03:00,compaction,250,250,1048576000,93073208
vm-io-20261002-201718.log,683253,2026-10-03T05:03:00,normal,18,5,9232384,3834300
vm-io-20261002-201718.log,683253,2026-10-03T05:04:00,compaction,262,262,1095974912,86059976
vm-io-20261002-201718.log,683253,2026-10-03T05:04:00,normal,9,4,4677632,2004089
vm-io-20261002-201718.log,683253,2026-10-03T05:05:00,compaction,205,205,856903680,78315888
vm-io-20261002-201718.log,683253,2026-10-03T05:05:00,normal,11,8,16859136,6675481
vm-io-20261002-201718.log,683253,2026-10-03T05:06:00,compaction,248,248,1040187392,89833841
vm-io-20261002-201718.log,683253,2026-10-03T05:06:00,normal,1,1,720896,325087
vm-io-20261002-201718.log,683253,2026-10-03T05:07:00,compaction,277,277,1161822208,95703155
vm-io-20261002-201718.log,683253,2026-10-03T05:07:00,normal,1,1,4096,20
vm-io-20261002-201718.log,683253,2026-10-03T05:08:00,compaction,207,207,868220928,82764146
vm-io-20261002-201718.log,683253,2026-10-03T05:09:00,compaction,249,249,1044381696,82527871
vm-io-20261002-201718.log,683253,2026-10-03T05:09:00,normal,2,2,8192,1569
vm-io-20261002-201718.log,683253,2026-10-03T05:10:00,compaction,280,280,1174011904,106039791
vm-io-20261002-201718.log,683253,2026-10-03T05:10:00,normal,3,3,12288,759
vm-io-20261002-201718.log,683253,2026-10-03T05:11:00,compaction,237,237,994050048,79693327
vm-io-20261002-201718.log,683253,2026-10-03T05:11:00,normal,1,1,4096,23
vm-io-20261002-201718.log,683253,2026-10-03T05:12:00,compaction,198,198,830472192,70667747
vm-io-20261002-201718.log,683253,2026-10-03T05:12:00,normal,2,2,8192,949
vm-io-20261002-201718.log,683253,2026-10-03T05:13:00,compaction,268,268,1124073472,96223660
vm-io-20261002-201718.log,683253,2026-10-03T05:14:00,compaction,238,238,998244352,88208231
vm-io-20261002-201718.log,683253,2026-10-03T05:14:00,normal,3,3,16384,2115
vm-io-20261002-201718.log,683253,2026-10-03T05:15:00,compaction,220,220,919011328,74747212
vm-io-20261002-201718.log,683253,2026-10-03T05:15:00,normal,3,3,12288,214
vm-io-20261002-201718.log,683253,2026-10-03T05:16:00,compaction,286,286,1199570944,141944731
vm-io-20261002-201718.log,683253,2026-10-03T05:16:00,normal,3,3,12288,1579
vm-io-20261002-201718.log,683253,2026-10-03T05:17:00,compaction,219,219,915886080,77229186
vm-io-20261002-201718.log,683253,2026-10-03T05:17:00,normal,2,2,8192,441
vm-io-20261002-201718.log,683253,2026-10-03T05:18:00,compaction,227,227,952107008,82372215
vm-io-20261002-201718.log,683253,2026-10-03T05:18:00,normal,2,2,8192,2003
vm-io-20261002-201718.log,683253,2026-10-03T05:19:00,compaction,272,272,1140850688,97508789
vm-io-20261002-201718.log,683253,2026-10-03T05:19:00,normal,4,4,20480,4289
vm-io-20261002-201718.log,683253,2026-10-03T05:20:00,compaction,236,236,989855744,91322769
vm-io-20261002-201718.log,683253,2026-10-03T05:20:00,normal,2,2,8192,591
vm-io-20261002-201718.log,683253,2026-10-03T05:21:00,compaction,196,196,822083584,69400675
vm-io-20261002-201718.log,683253,2026-10-03T05:21:00,normal,4,4,16384,2883
vm-io-20261002-201718.log,683253,2026-10-03T05:22:00,compaction,255,255,1069547520,87509923
vm-io-20261002-201718.log,683253,2026-10-03T05:22:00,normal,4,4,16384,2568
vm-io-20261002-201718.log,683253,2026-10-03T05:23:00,compaction,246,246,1031798784,119999883
vm-io-20261002-201718.log,683253,2026-10-03T05:23:00,normal,3,3,12288,1892
vm-io-20261002-201718.log,683253,2026-10-03T05:24:00,compaction,221,221,924983296,110496087
vm-io-20261002-201718.log,683253,2026-10-03T05:24:00,normal,2,2,8192,189
vm-io-20261002-201718.log,683253,2026-10-03T05:25:00,compaction,276,276,1157627904,98486612
vm-io-20261002-201718.log,683253,2026-10-03T05:25:00,normal,8,5,36864,9850
vm-io-20261002-201718.log,683253,2026-10-03T05:26:00,compaction,212,212,889192448,69569407
vm-io-20261002-201718.log,683253,2026-10-03T05:26:00,normal,6,3,24576,1367
vm-io-20261002-201718.log,683253,2026-10-03T05:27:00,compaction,237,237,993411072,82222326
vm-io-20261002-201718.log,683253,2026-10-03T05:27:00,normal,7,4,102400,12235
vm-io-20261002-201718.log,683253,2026-10-03T05:28:00,compaction,266,266,1115684864,93898283
vm-io-20261002-201718.log,683253,2026-10-03T05:28:00,normal,14,5,1671168,849297
vm-io-20261002-201718.log,683253,2026-10-03T05:29:00,compaction,203,203,851443712,70042393
vm-io-20261002-201718.log,683253,2026-10-03T05:29:00,normal,5,5,20480,3765
vm-io-20261002-201718.log,683253,2026-10-03T05:30:00,compaction,221,221,926941184,79048323
vm-io-20261002-201718.log,683253,2026-10-03T05:30:00,normal,6,6,24576,1503
vm-io-20261002-201718.log,683253,2026-10-03T05:31:00,compaction,273,273,1143996416,99020393
vm-io-20261002-201718.log,683253,2026-10-03T05:32:00,compaction,218,218,914358272,83888652
vm-io-20261002-201718.log,683253,2026-10-03T05:32:00,normal,1,1,4096,197
vm-io-20261002-201718.log,683253,2026-10-03T05:33:00,normal,2,2,12288,2726
vm-io-20261002-201718.log,683253,2026-10-03T05:33:00,compaction,244,244,1023410176,88132823
vm-io-20261002-201718.log,683253,2026-10-03T05:34:00,compaction,271,271,1136656384,93340073
vm-io-20261002-201718.log,683253,2026-10-03T05:34:00,normal,5,5,20480,109
vm-io-20261002-201718.log,683253,2026-10-03T05:35:00,compaction,216,216,905969664,75063034
vm-io-20261002-201718.log,683253,2026-10-03T05:35:00,normal,4,4,16384,4627
vm-io-20261002-201718.log,683253,2026-10-03T05:36:00,compaction,201,201,843055104,67945501
vm-io-20261002-201718.log,683253,2026-10-03T05:36:00,normal,4,4,16384,89
vm-io-20261002-201718.log,683253,2026-10-03T05:37:00,normal,3,3,12288,949
vm-io-20261002-201718.log,683253,2026-10-03T05:37:00,compaction,219,219,918552576,115371376
vm-io-20261002-201718.log,683253,2026-10-03T05:38:00,compaction,216,216,905428992,77228956
vm-io-20261002-201718.log,683253,2026-10-03T05:38:00,normal,5,5,20480,112
vm-io-20261002-201718.log,683253,2026-10-03T05:39:00,compaction,245,245,1027604480,77914916
vm-io-20261002-201718.log,683253,2026-10-03T05:39:00,normal,4,4,16384,1972
vm-io-20261002-201718.log,683253,2026-10-03T05:40:00,compaction,265,265,1111490560,127660826
vm-io-20261002-201718.log,683253,2026-10-03T05:40:00,normal,5,5,20480,529
vm-io-20261002-201718.log,683253,2026-10-03T05:41:00,compaction,238,238,994705408,81997569
vm-io-20261002-201718.log,683253,2026-10-03T05:41:00,normal,8,8,32768,3206
vm-io-20261002-201718.log,683253,2026-10-03T05:42:00,compaction,144,144,603979776,52161990
vm-io-20261002-201718.log,683253,2026-10-03T05:42:00,normal,2,2,12288,2091
vm-io-20261002-201718.log,683253,2026-10-03T05:43:00,compaction,246,246,1031798784,86912276
vm-io-20261002-201718.log,683253,2026-10-03T05:43:00,normal,4,4,16384,425
vm-io-20261002-201718.log,683253,2026-10-03T05:44:00,compaction,219,219,918552576,73206524
vm-io-20261002-201718.log,683253,2026-10-03T05:44:00,normal,2,2,8192,1950
vm-io-20261002-201718.log,683253,2026-10-03T05:45:00,compaction,238,238,998244352,80231059
vm-io-20261002-201718.log,683253,2026-10-03T05:45:00,normal,4,4,16384,1636
vm-io-20261002-201718.log,683253,2026-10-03T05:46:00,compaction,249,249,1040945152,88408828
vm-io-20261002-201718.log,683253,2026-10-03T05:46:00,normal,8,8,94208,3438
vm-io-20261002-201718.log,683253,2026-10-03T05:47:00,compaction,203,203,851443712,70893546
vm-io-20261002-201718.log,683253,2026-10-03T05:47:00,normal,3,3,12288,616
vm-io-20261002-201718.log,683253,2026-10-03T05:48:00,compaction,250,250,1048576000,82783211
vm-io-20261002-201718.log,683253,2026-10-03T05:48:00,normal,7,7,634880,17157
vm-io-20261002-201718.log,683253,2026-10-03T05:49:00,compaction,274,274,1149239296,127215428
vm-io-20261002-201718.log,683253,2026-10-03T05:49:00,normal,9,9,757760,13610
vm-io-20261002-201718.log,683253,2026-10-03T05:50:00,compaction,233,233,977272832,79711576
vm-io-20261002-201718.log,683253,2026-10-03T05:50:00,normal,12,12,110592,10761
vm-io-20261002-201718.log,683253,2026-10-03T05:51:00,compaction,201,201,841285632,65687119
vm-io-20261002-201718.log,683253,2026-10-03T05:51:00,normal,14,14,884736,30707
vm-io-20261002-201718.log,683253,2026-10-03T05:52:00,compaction,245,245,1027604480,88896524
vm-io-20261002-201718.log,683253,2026-10-03T05:52:00,normal,11,11,114688,5112
vm-io-20261002-201718.log,683253,2026-10-03T05:53:00,compaction,214,214,897581056,77663599
vm-io-20261002-201718.log,683253,2026-10-03T05:53:00,normal,9,9,270336,14272
vm-io-20261002-201718.log,683253,2026-10-03T05:54:00,compaction,247,247,1035993088,81575155
vm-io-20261002-201718.log,683253,2026-10-03T05:54:00,normal,9,9,184320,11649
vm-io-20261002-201718.log,683253,2026-10-03T05:55:00,compaction,267,267,1119879168,100364549
vm-io-20261002-201718.log,683253,2026-10-03T05:55:00,normal,12,12,73728,12731
vm-io-20261002-201718.log,683253,2026-10-03T05:56:00,compaction,193,193,809500672,70759050
vm-io-20261002-201718.log,683253,2026-10-03T05:56:00,normal,5,5,20480,4888
vm-io-20261002-201718.log,683253,2026-10-03T05:57:00,compaction,256,256,1073741824,90518651
vm-io-20261002-201718.log,683253,2026-10-03T05:57:00,normal,3,3,397312,28594
vm-io-20261002-201718.log,683253,2026-10-03T05:58:00,compaction,240,240,1006632960,85596629
vm-io-20261002-201718.log,683253,2026-10-03T05:58:00,normal,7,7,733184,23476
vm-io-20261002-201718.log,683253,2026-10-03T05:59:00,compaction,267,267,1119879168,93288593
vm-io-20261002-201718.log,683253,2026-10-03T05:59:00,normal,10,10,1519616,56101
vm-io-20261002-201718.log,683253,2026-10-03T06:00:00,compaction,204,204,855638016,68809563
vm-io-20261002-201718.log,683253,2026-10-03T06:00:00,normal,4,4,352256,13874
vm-io-20261002-201718.log,683253,2026-10-03T06:01:00,compaction,268,268,1124073472,90635754
vm-io-20261002-201718.log,683253,2026-10-03T06:01:00,normal,7,7,4227072,365057
vm-io-20261002-201718.log,683253,2026-10-03T06:02:00,normal,3,3,12288,1094
vm-io-20261002-201718.log,683253,2026-10-03T06:02:00,compaction,199,199,833499136,76761049
vm-io-20261002-201718.log,683253,2026-10-03T06:03:00,compaction,223,223,935329792,111422730
vm-io-20261002-201718.log,683253,2026-10-03T06:03:00,normal,6,6,589824,14193
vm-io-20261002-201718.log,683253,2026-10-03T06:04:00,compaction,222,222,931135488,121597504
vm-io-20261002-201718.log,683253,2026-10-03T06:04:00,normal,7,7,602112,16648
vm-io-20261002-201718.log,683253,2026-10-03T06:05:00,compaction,281,281,1178599424,99327088
vm-io-20261002-201718.log,683253,2026-10-03T06:05:00,normal,5,5,516096,13842
vm-io-20261002-201718.log,683253,2026-10-03T06:06:00,compaction,290,290,1216348160,101387574
vm-io-20261002-201718.log,683253,2026-10-03T06:06:00,normal,10,7,1175552,138000
vm-io-20261002-201718.log,683253,2026-10-03T06:07:00,compaction,181,181,759169024,66232519
vm-io-20261002-201718.log,683253,2026-10-03T06:07:00,normal,13,10,5029888,322858
vm-io-20261002-201718.log,683253,2026-10-03T06:08:00,compaction,243,243,1019215872,91720890
vm-io-20261002-201718.log,683253,2026-10-03T06:08:00,normal,10,8,57344,4410
vm-io-20261002-201718.log,683253,2026-10-03T06:09:00,compaction,216,216,905969664,73713658
vm-io-20261002-201718.log,683253,2026-10-03T06:09:00,normal,12,11,2187264,125912
vm-io-20261002-201718.log,683253,2026-10-03T06:10:00,compaction,275,275,1147535360,96172589
vm-io-20261002-201718.log,683253,2026-10-03T06:10:00,normal,21,18,9326592,462567
vm-io-20261002-201718.log,683253,2026-10-03T06:11:00,compaction,221,221,926941184,80936294
vm-io-20261002-201718.log,683253,2026-10-03T06:11:00,normal,9,5,696320,17553
vm-io-20261002-201718.log,683253,2026-10-03T06:12:00,compaction,224,224,939274240,81695116
vm-io-20261002-201718.log,683253,2026-10-03T06:12:00,normal,22,8,6135808,770064
vm-io-20261002-201718.log,683253,2026-10-03T06:13:00,compaction,240,240,1006632960,75242443
vm-io-20261002-201718.log,683253,2026-10-03T06:14:00,compaction,251,251,1052770304,93248804
vm-io-20261002-201718.log,683253,2026-10-03T06:14:00,normal,4,4,24576,5649
vm-io-20261002-201718.log,683253,2026-10-03T06:15:00,compaction,274,274,1147207680,93742433
vm-io-20261002-201718.log,683253,2026-10-03T06:15:00,normal,6,6,49152,7903
vm-io-20261002-201718.log,683253,2026-10-03T06:16:00,compaction,233,233,977272832,110624904
vm-io-20261002-201718.log,683253,2026-10-03T06:16:00,normal,5,5,32768,12069
vm-io-20261002-201718.log,683253,2026-10-03T06:17:00,compaction,213,213,893386752,78644625
vm-io-20261002-201718.log,683253,2026-10-03T06:17:00,normal,6,3,634880,19808
vm-io-20261002-201718.log,683253,2026-10-03T06:18:00,compaction,261,261,1094713344,153069265
vm-io-20261002-201718.log,683253,2026-10-03T06:18:00,normal,4,4,253952,13952
vm-io-20261002-201718.log,683253,2026-10-03T06:19:00,compaction,217,217,910163968,97495585
vm-io-20261002-201718.log,683253,2026-10-03T06:19:00,normal,8,8,1314816,33969
vm-io-20261002-201718.log,683253,2026-10-03T06:20:00,compaction,201,201,843055104,87081935
vm-io-20261002-201718.log,683253,2026-10-03T06:20:00,normal,8,8,610304,26171
vm-io-20261002-201718.log,683253,2026-10-03T06:21:00,compaction,268,268,1124073472,119936988
vm-io-20261002-201718.log,683253,2026-10-03T06:21:00,normal,10,10,1171456,33362
vm-io-20261002-201718.log,683253,2026-10-03T06:22:00,compaction,200,200,838860800,97870016
vm-io-20261002-201718.log,683253,2026-10-03T06:22:00,normal,13,13,1622016,53749
vm-io-20261002-201718.log,683253,2026-10-03T06:23:00,compaction,245,245,1027604480,139413909
vm-io-20261002-201718.log,683253,2026-10-03T06:23:00,normal,10,10,2457600,59090
vm-io-20261002-201718.log,683253,2026-10-03T06:24:00,compaction,265,265,1111490560,119185032
vm-io-20261002-201718.log,683253,2026-10-03T06:24:00,normal,5,5,1413120,33178
vm-io-20261002-201718.log,683253,2026-10-03T06:25:00,compaction,173,173,722231296,67310418
vm-io-20261002-201718.log,683253,2026-10-03T06:25:00,normal,1,1,8192,2008
vm-io-20261002-201718.log,683253,2026-10-03T06:26:00,compaction,254,254,1065353216,113428351
vm-io-20261002-201718.log,683253,2026-10-03T06:26:00,normal,2,2,573440,13154
vm-io-20261002-201718.log,683253,2026-10-03T06:27:00,compaction,201,201,843055104,79461894
vm-io-20261002-201718.log,683253,2026-10-03T06:27:00,normal,2,2,8192,4603
vm-io-20261002-201718.log,683253,2026-10-03T06:28:00,compaction,228,228,956301312,102784989
vm-io-20261002-201718.log,683253,2026-10-03T06:28:00,normal,1,1,4096,2319
vm-io-20261002-201718.log,683253,2026-10-03T06:29:00,compaction,278,278,1166016512,112471534
vm-io-20261002-201718.log,683253,2026-10-03T06:29:00,normal,3,3,16384,5840
vm-io-20261002-201718.log,683253,2026-10-03T06:30:00,compaction,181,181,759169024,68578940
vm-io-20261002-201718.log,683253,2026-10-03T06:30:00,normal,2,2,12288,3886
vm-io-20261002-201718.log,683253,2026-10-03T06:31:00,normal,4,4,786432,22210
vm-io-20261002-201718.log,683253,2026-10-03T06:31:00,compaction,249,249,1044381696,111845881
vm-io-20261002-201718.log,683253,2026-10-03T06:32:00,compaction,272,272,1140850688,128360997
vm-io-20261002-201718.log,683253,2026-10-03T06:32:00,normal,4,4,282624,16117
vm-io-20261002-201718.log,683253,2026-10-03T06:33:00,compaction,196,196,819707904,73369520
vm-io-20261002-201718.log,683253,2026-10-03T06:33:00,normal,4,4,20480,6182
vm-io-20261002-201718.log,683253,2026-10-03T06:34:00,compaction,231,231,968884224,103489460
vm-io-20261002-201718.log,683253,2026-10-03T06:34:00,normal,13,13,991232,38641
vm-io-20261002-201718.log,683253,2026-10-03T06:35:00,compaction,237,237,991780864,98273373
vm-io-20261002-201718.log,683253,2026-10-03T06:35:00,normal,14,14,2322432,62878
vm-io-20261002-201718.log,683253,2026-10-03T06:36:00,compaction,247,247,1035993088,106672453
vm-io-20261002-201718.log,683253,2026-10-03T06:36:00,normal,10,10,1343488,39107
vm-io-20261002-201718.log,683253,2026-10-03T06:37:00,normal,7,7,307200,16767
vm-io-20261002-201718.log,683253,2026-10-03T06:37:00,compaction,192,192,805306368,105224782
vm-io-20261002-201718.log,683253,2026-10-03T06:38:00,compaction,228,228,956301312,139128141
vm-io-20261002-201718.log,683253,2026-10-03T06:38:00,normal,5,2,630784,20004
vm-io-20261002-201718.log,683253,2026-10-03T06:39:00,compaction,253,253,1061158912,114051160
vm-io-20261002-201718.log,683253,2026-10-03T06:39:00,normal,4,4,20480,4716
vm-io-20261002-201718.log,683253,2026-10-03T06:40:00,compaction,231,231,967098368,100385715
vm-io-20261002-201718.log,683253,2026-10-03T06:40:00,normal,3,3,593920,13139
vm-io-20261002-201718.log,683253,2026-10-03T06:41:00,compaction,275,275,1153433600,104785896
vm-io-20261002-201718.log,683253,2026-10-03T06:41:00,normal,6,6,1163264,29151
vm-io-20261002-201718.log,683253,2026-10-03T06:42:00,compaction,177,177,742391808,70153684
vm-io-20261002-201718.log,683253,2026-10-03T06:42:00,normal,2,2,634880,13958
vm-io-20261002-201718.log,683253,2026-10-03T06:43:00,compaction,223,223,932315136,87703302
vm-io-20261002-201718.log,683253,2026-10-03T06:43:00,normal,3,3,81920,2460
vm-io-20261002-201718.log,683253,2026-10-03T06:44:00,compaction,270,270,1132462080,115633895
vm-io-20261002-201718.log,683253,2026-10-03T06:44:00,normal,8,8,1105920,36742
vm-io-20261002-201718.log,683253,2026-10-03T06:45:00,compaction,226,226,946610176,89054203
vm-io-20261002-201718.log,683253,2026-10-03T06:45:00,normal,8,8,2011136,50786
vm-io-20261002-201718.log,683253,2026-10-03T06:46:00,compaction,252,252,1056964608,103346564
vm-io-20261002-201718.log,683253,2026-10-03T06:46:00,normal,5,5,73728,8813
vm-io-20261002-201718.log,683253,2026-10-03T06:47:00,compaction,273,273,1145044992,125962046
vm-io-20261002-201718.log,683253,2026-10-03T06:47:00,normal,14,4,716800,308601
vm-io-20261002-201718.log,683253,2026-10-03T06:48:00,compaction,213,213,893386752,119226942
vm-io-20261002-201718.log,683253,2026-10-03T06:48:00,normal,2,0,983040,549562
vm-io-20261002-201718.log,683253,2026-10-03T06:49:00,compaction,235,235,985661440,91896044
vm-io-20261002-201718.log,683253,2026-10-03T06:49:00,normal,1,1,4096,1513
vm-io-20261002-201718.log,683253,2026-10-03T06:50:00,compaction,272,272,1140133888,143280929
vm-io-20261002-201718.log,683253,2026-10-03T06:50:00,normal,3,3,12288,2045
vm-io-20261002-201718.log,683253,2026-10-03T06:51:00,compaction,164,164,687865856,63264854
vm-io-20261002-201718.log,683253,2026-10-03T06:51:00,normal,3,3,16384,2980
vm-io-20261002-201718.log,683253,2026-10-03T06:52:00,compaction,243,243,1019215872,106206109
vm-io-20261002-201718.log,683253,2026-10-03T06:52:00,normal,2,2,8192,1262
vm-io-20261002-201718.log,683253,2026-10-03T06:53:00,compaction,258,258,1078198272,102763854
vm-io-20261002-201718.log,683253,2026-10-03T06:53:00,normal,5,5,630784,14922
vm-io-20261002-201718.log,683253,2026-10-03T06:54:00,compaction,193,193,809500672,80519788
vm-io-20261002-201718.log,683253,2026-10-03T06:54:00,normal,4,4,544768,14141
vm-io-20261002-201718.log,683253,2026-10-03T06:55:00,compaction,262,262,1095368704,102489764
vm-io-20261002-201718.log,683253,2026-10-03T06:55:00,normal,7,7,36864,5051
vm-io-20261002-201718.log,683253,2026-10-03T06:56:00,compaction,217,217,910163968,83401311
vm-io-20261002-201718.log,683253,2026-10-03T06:56:00,normal,10,10,364544,20135
vm-io-20261002-201718.log,683253,2026-10-03T06:57:00,compaction,243,243,1019215872,110900073
vm-io-20261002-201718.log,683253,2026-10-03T06:57:00,normal,10,10,1339392,39822
vm-io-20261002-201718.log,683253,2026-10-03T06:58:00,compaction,201,201,840019968,86379636
vm-io-20261002-201718.log,683253,2026-10-03T06:58:00,normal,7,7,28672,5487
vm-io-20261002-201718.log,683253,2026-10-03T06:59:00,compaction,248,248,1040187392,109669794
vm-io-20261002-201718.log,683253,2026-10-03T06:59:00,normal,8,8,1724416,41835
vm-io-20261002-201718.log,683253,2026-10-03T07:00:00,compaction,266,266,1112145920,107476581
vm-io-20261002-201718.log,683253,2026-10-03T07:00:00,normal,4,4,16384,3105
vm-io-20261002-201718.log,683253,2026-10-03T07:01:00,compaction,242,242,1015021568,110514232
vm-io-20261002-201718.log,683253,2026-10-03T07:01:00,normal,8,8,1155072,196576
vm-io-20261002-201718.log,683253,2026-10-03T07:02:00,compaction,199,199,834666496,94728625
vm-io-20261002-201718.log,683253,2026-10-03T07:02:00,normal,6,6,1114112,26046
vm-io-20261002-201718.log,683253,2026-10-03T07:03:00,compaction,265,265,1107951616,116836361
vm-io-20261002-201718.log,683253,2026-10-03T07:04:00,compaction,217,217,910163968,88583854
vm-io-20261002-201718.log,683253,2026-10-03T07:04:00,normal,2,2,303104,8899
vm-io-20261002-201718.log,683253,2026-10-03T07:05:00,compaction,208,208,871522304,82118603
vm-io-20261002-201718.log,683253,2026-10-03T07:05:00,normal,3,3,282624,12981
vm-io-20261002-201718.log,683253,2026-10-03T07:06:00,compaction,225,225,943718400,94792663
vm-io-20261002-201718.log,683253,2026-10-03T07:06:00,normal,4,4,565248,16107
vm-io-20261002-201718.log,683253,2026-10-03T07:07:00,compaction,216,216,902430720,100152407
vm-io-20261002-201718.log,683253,2026-10-03T07:07:00,normal,5,5,565248,17114
vm-io-20261002-201718.log,683253,2026-10-03T07:08:00,compaction,219,219,918552576,85175028
vm-io-20261002-201718.log,683253,2026-10-03T07:08:00,normal,5,5,36864,7360
vm-io-20261002-201718.log,683253,2026-10-03T07:09:00,compaction,258,258,1082130432,109211989
vm-io-20261002-201718.log,683253,2026-10-03T07:09:00,normal,6,3,1294336,54356
vm-io-20261002-201718.log,683253,2026-10-03T07:10:00,compaction,220,220,919207936,92619533
vm-io-20261002-201718.log,683253,2026-10-03T07:10:00,normal,1,1,532480,11109
vm-io-20261002-201718.log,683253,2026-10-03T07:11:00,compaction,265,265,1111490560,113643321
vm-io-20261002-201718.log,683253,2026-10-03T07:11:00,normal,7,7,741376,27091
vm-io-20261002-201718.log,683253,2026-10-03T07:12:00,compaction,273,273,1141506048,98195379
vm-io-20261002-201718.log,683253,2026-10-03T07:12:00,normal,5,5,135168,14905
vm-io-20261002-201718.log,683253,2026-10-03T07:13:00,compaction,245,245,1026752512,97783181
vm-io-20261002-201718.log,683253,2026-10-03T07:13:00,normal,7,4,69632,11227
vm-io-20261002-201718.log,683253,2026-10-03T07:14:00,compaction,195,195,814116864,77116952
vm-io-20261002-201718.log,683253,2026-10-03T07:14:00,normal,8,8,5279744,352116
vm-io-20261002-201718.log,683253,2026-10-03T07:15:00,compaction,139,139,583008256,49677804
vm-io-20261002-201718.log,683253,2026-10-03T07:15:00,normal,2,2,569344,13207
vm-io-20261002-201718.log,683253,2026-10-03T07:16:00,compaction,261,261,1094713344,134495932
vm-io-20261002-201718.log,683253,2026-10-03T07:16:00,normal,5,5,622592,20268
vm-io-20261002-201718.log,683253,2026-10-03T07:17:00,compaction,185,185,775946240,78196585
vm-io-20261002-201718.log,683253,2026-10-03T07:17:00,normal,7,1,589824,15536
vm-io-20261002-201718.log,683253,2026-10-03T07:18:00,compaction,218,218,914358272,130289615
vm-io-20261002-201718.log,683253,2026-10-03T07:18:00,normal,6,1,811008,354334
vm-io-20261002-201718.log,683253,2026-10-03T07:19:00,compaction,234,234,981467136,132907787
vm-io-20261002-201718.log,683253,2026-10-03T07:19:00,normal,7,3,479232,191765
vm-io-20261002-201718.log,683253,2026-10-03T07:20:00,compaction,214,214,897126400,95579730
vm-io-20261002-201718.log,683253,2026-10-03T07:20:00,normal,8,5,4882432,201296
vm-io-20261002-201718.log,683253,2026-10-03T07:21:00,compaction,272,272,1140850688,152327267
vm-io-20261002-201718.log,683253,2026-10-03T07:21:00,normal,7,7,5480448,317866
vm-io-20261002-201718.log,683253,2026-10-03T07:22:00,compaction,220,220,922746880,104282474
vm-io-20261002-201718.log,683253,2026-10-03T07:22:00,normal,9,9,6012928,477528
vm-io-20261002-201718.log,683253,2026-10-03T07:23:00,compaction,247,247,1028915200,98673543
vm-io-20261002-201718.log,683253,2026-10-03T07:23:00,normal,6,6,135168,12768
vm-io-20261002-201718.log,683253,2026-10-03T07:24:00,compaction,248,248,1040187392,123294057
vm-io-20261002-201718.log,683253,2026-10-03T07:24:00,normal,8,8,122880,12143
vm-io-20261002-201718.log,683253,2026-10-03T07:25:00,compaction,219,219,918552576,86846493
vm-io-20261002-201718.log,683253,2026-10-03T07:25:00,normal,9,9,163840,20091
vm-io-20261002-201718.log,683253,2026-10-03T07:26:00,compaction,207,207,864681984,91949164
vm-io-20261002-201718.log,683253,2026-10-03T07:26:00,normal,5,5,131072,10823
vm-io-20261002-201718.log,683253,2026-10-03T07:27:00,normal,15,15,774144,37621
vm-io-20261002-201718.log,683253,2026-10-03T07:27:00,compaction,239,239,1002438656,107773102
vm-io-20261002-201718.log,683253,2026-10-03T07:28:00,compaction,197,197,826277888,84986421
vm-io-20261002-201718.log,683253,2026-10-03T07:28:00,normal,9,9,208896,17252
vm-io-20261002-201718.log,683253,2026-10-03T07:29:00,compaction,237,237,994050048,100559282
vm-io-20261002-201718.log,683253,2026-10-03T07:29:00,normal,8,8,77824,6602
vm-io-20261002-201718.log,683253,2026-10-03T07:30:00,compaction,228,228,956301312,95486785
vm-io-20261002-201718.log,683253,2026-10-03T07:30:00,normal,9,9,81920,8608
vm-io-20261002-201718.log,683253,2026-10-03T07:31:00,compaction,187,187,784334848,73977598
vm-io-20261002-201718.log,683253,2026-10-03T07:31:00,normal,10,10,114688,15327
vm-io-20261002-201718.log,683253,2026-10-03T07:32:00,compaction,250,250,1046286336,128274117
vm-io-20261002-201718.log,683253,2026-10-03T07:32:00,normal,15,15,208896,26735
vm-io-20261002-201718.log,683253,2026-10-03T07:33:00,compaction,245,245,1025900544,98867287
vm-io-20261002-201718.log,683253,2026-10-03T07:33:00,normal,14,14,204800,23005
vm-io-20261002-201718.log,683253,2026-10-03T07:34:00,compaction,206,206,860487680,78555207
vm-io-20261002-201718.log,683253,2026-10-03T07:34:00,normal,13,13,299008,20513
vm-io-20261002-201718.log,683253,2026-10-03T07:35:00,compaction,209,209,873070592,80804822
vm-io-20261002-201718.log,683253,2026-10-03T07:35:00,normal,12,12,221184,27775
vm-io-20261002-201718.log,683253,2026-10-03T07:36:00,compaction,256,256,1073741824,107807550
vm-io-20261002-201718.log,683253,2026-10-03T07:36:00,normal,19,19,172032,21572
vm-io-20261002-201718.log,683253,2026-10-03T07:37:00,compaction,207,207,868220928,79977670
vm-io-20261002-201718.log,683253,2026-10-03T07:37:00,normal,14,14,229376,19421
vm-io-20261002-201718.log,683253,2026-10-03T07:38:00,normal,12,12,167936,13094
vm-io-20261002-201718.log,683253,2026-10-03T07:38:00,compaction,256,256,1073741824,105202722
vm-io-20261002-201718.log,683253,2026-10-03T07:39:00,compaction,250,250,1048576000,130969613
vm-io-20261002-201718.log,683253,2026-10-03T07:39:00,normal,21,21,376832,29467
vm-io-20261002-201718.log,683253,2026-10-03T07:40:00,compaction,198,198,830472192,73831350
vm-io-20261002-201718.log,683253,2026-10-03T07:40:00,normal,15,15,368640,40538
vm-io-20261002-201718.log,683253,2026-10-03T07:41:00,compaction,263,263,1103101952,108129766
vm-io-20261002-201718.log,683253,2026-10-03T07:41:00,normal,23,23,421888,26120
vm-io-20261002-201718.log,683253,2026-10-03T07:42:00,compaction,256,256,1073741824,100805119
vm-io-20261002-201718.log,683253,2026-10-03T07:42:00,normal,22,22,376832,44316
vm-io-20261002-201718.log,683253,2026-10-03T07:43:00,compaction,179,179,750780416,79087326
vm-io-20261002-201718.log,683253,2026-10-03T07:43:00,normal,19,19,397312,36137
vm-io-20261002-201718.log,683253,2026-10-03T07:44:00,compaction,175,175,734003200,69618102
vm-io-20261002-201718.log,683253,2026-10-03T07:44:00,normal,23,23,380928,35778
vm-io-20261002-201718.log,683253,2026-10-03T07:45:00,normal,19,19,344064,34299
vm-io-20261002-201718.log,683253,2026-10-03T07:45:00,compaction,216,216,905969664,100334457
vm-io-20261002-201718.log,683253,2026-10-03T07:46:00,compaction,211,211,881545216,88010430
vm-io-20261002-201718.log,683253,2026-10-03T07:46:00,normal,25,25,454656,40321
vm-io-20261002-201718.log,683253,2026-10-03T07:47:00,compaction,171,171,717225984,98483823
vm-io-20261002-201718.log,683253,2026-10-03T07:47:00,normal,21,21,323584,42948
vm-io-20261002-201718.log,683253,2026-10-03T07:48:00,compaction,213,213,893386752,96013887
vm-io-20261002-201718.log,683253,2026-10-03T07:48:00,normal,21,21,270336,34563
vm-io-20261002-201718.log,683253,2026-10-03T07:49:00,normal,22,22,446464,33203
vm-io-20261002-201718.log,683253,2026-10-03T07:49:00,compaction,176,176,738197504,84401388
vm-io-20261002-201718.log,683253,2026-10-03T07:50:00,compaction,219,219,918552576,141377202
vm-io-20261002-201718.log,683253,2026-10-03T07:50:00,normal,19,19,348160,38432
vm-io-20261002-201718.log,683253,2026-10-03T07:51:00,compaction,197,197,826277888,101030277
vm-io-20261002-201718.log,683253,2026-10-03T07:51:00,normal,22,22,262144,25681
vm-io-20261002-201718.log,683253,2026-10-03T07:52:00,normal,24,24,352256,47653
vm-io-20261002-201718.log,683253,2026-10-03T07:52:00,compaction,206,206,864026624,89373505
vm-io-20261002-201718.log,683253,2026-10-03T07:53:00,compaction,183,183,765132800,94437310
vm-io-20261002-201718.log,683253,2026-10-03T07:53:00,normal,20,20,380928,19879
vm-io-20261002-201718.log,683253,2026-10-03T07:54:00,compaction,204,204,853278720,145695599
vm-io-20261002-201718.log,683253,2026-10-03T07:54:00,normal,27,26,491520,52052
vm-io-20261002-201718.log,683253,2026-10-03T07:55:00,compaction,232,232,972754944,135503508
vm-io-20261002-201718.log,683253,2026-10-03T07:55:00,normal,23,21,851968,172253
vm-io-20261002-201718.log,683253,2026-10-03T07:56:00,compaction,204,204,855322624,85015719
vm-io-20261002-201718.log,683253,2026-10-03T07:56:00,normal,28,28,331776,45048
vm-io-20261002-201718.log,683253,2026-10-03T07:57:00,compaction,181,181,759169024,70737533
vm-io-20261002-201718.log,683253,2026-10-03T07:57:00,normal,12,12,172032,20666
vm-io-20261002-201718.log,683253,2026-10-03T07:58:00,compaction,222,222,931135488,100872652
vm-io-20261002-201718.log,683253,2026-10-03T07:58:00,normal,25,25,188416,19032
vm-io-20261002-201718.log,683253,2026-10-03T07:59:00,normal,21,21,352256,37133
vm-io-20261002-201718.log,683253,2026-10-03T07:59:00,compaction,177,177,742391808,77420243
vm-io-20261002-201718.log,683253,2026-10-03T08:00:00,compaction,230,230,964689920,92294858
vm-io-20261002-201718.log,683253,2026-10-03T08:00:00,normal,2,2,20480,2065
vm-io-20261002-201718.log,683253,2026-10-03T08:01:00,compaction,213,213,893386752,98042953
vm-io-20261002-201718.log,683253,2026-10-03T08:01:00,normal,10,10,225280,15615
vm-io-20261002-201718.log,683253,2026-10-03T08:02:00,compaction,226,226,947912704,94669260
vm-io-20261002-201718.log,683253,2026-10-03T08:02:00,normal,7,7,139264,11781
vm-io-20261002-201718.log,683253,2026-10-03T08:03:00,compaction,202,202,847249408,89278905
vm-io-20261002-201718.log,683253,2026-10-03T08:03:00,normal,5,5,49152,6988
vm-io-20261002-201718.log,683253,2026-10-03T08:04:00,compaction,228,228,956301312,82915474
vm-io-20261002-201718.log,683253,2026-10-03T08:04:00,normal,17,17,438272,16263
vm-io-20261002-201718.log,683253,2026-10-03T08:05:00,compaction,224,224,937697280,124111322
vm-io-20261002-201718.log,683253,2026-10-03T08:05:00,normal,16,16,352256,14028
vm-io-20261002-201718.log,683253,2026-10-03T08:06:00,compaction,221,221,926941184,73990390
vm-io-20261002-201718.log,683253,2026-10-03T08:06:00,normal,15,15,106496,15147
vm-io-20261002-201718.log,683253,2026-10-03T08:07:00,compaction,224,224,939524096,148487417
vm-io-20261002-201718.log,683253,2026-10-03T08:07:00,normal,18,18,438272,11061
vm-io-20261002-201718.log,683253,2026-10-03T08:08:00,compaction,218,218,910360576,73147475
vm-io-20261002-201718.log,683253,2026-10-03T08:08:00,normal,25,25,348160,31028
vm-io-20261002-201718.log,683253,2026-10-03T08:09:00,compaction,272,272,1136668672,136053699
vm-io-20261002-201718.log,683253,2026-10-03T08:09:00,normal,33,33,557056,30185
vm-io-20261002-201718.log,683253,2026-10-03T08:10:00,compaction,155,155,650117120,51346483
vm-io-20261002-201718.log,683253,2026-10-03T08:10:00,normal,96,96,1335296,110887
vm-io-20261002-201718.log,683253,2026-10-03T08:11:00,compaction,33,33,138412032,58716451
vm-io-20261002-201718.log,683253,2026-10-03T08:11:00,normal,403,403,20099072,1641293
vm-io-20261002-201718.log,683253,2026-10-03T08:12:00,normal,356,356,34332672,2012783
vm-io-20261002-201718.log,683253,2026-10-03T08:12:00,compaction,16,16,67108864,4136719
vm-io-20261002-201718.log,683253,2026-10-03T08:13:00,normal,352,352,16171008,936594
vm-io-20261002-201718.log,683253,2026-10-03T08:13:00,compaction,75,75,311427072,61548075
vm-io-20261002-201718.log,683253,2026-10-03T08:14:00,normal,213,213,17633280,1038326
vm-io-20261002-201718.log,683253,2026-10-03T08:14:00,compaction,112,112,469762048,67259501
vm-io-20261002-201718.log,683253,2026-10-03T08:15:00,normal,322,322,10448896,530254
vm-io-20261002-201718.log,683253,2026-10-03T08:15:00,compaction,39,39,159965184,19146163
vm-io-20261002-201718.log,683253,2026-10-03T08:16:00,normal,233,233,4079616,345548
vm-io-20261002-201718.log,683253,2026-10-03T08:16:00,compaction,16,16,67108864,4020331
vm-io-20261002-201718.log,683253,2026-10-03T08:17:00,normal,262,262,4722688,365860
vm-io-20261002-201718.log,683253,2026-10-03T08:17:00,compaction,64,64,268435456,53204480
vm-io-20261002-201718.log,683253,2026-10-03T08:18:00,normal,123,123,2138112,161579
vm-io-20261002-201718.log,683253,2026-10-03T08:18:00,compaction,132,132,551288832,91405362
vm-io-20261002-201718.log,683253,2026-10-03T08:19:00,compaction,39,39,163577856,37337122
vm-io-20261002-201718.log,683253,2026-10-03T08:19:00,normal,222,222,3211264,250564
vm-io-20261002-201718.log,683253,2026-10-03T08:20:00,normal,250,250,4816896,352221
vm-io-20261002-201718.log,683253,2026-10-03T08:20:00,compaction,32,32,134217728,8628048
vm-io-20261002-201718.log,683253,2026-10-03T08:21:00,compaction,67,67,274214912,30778948
vm-io-20261002-201718.log,683253,2026-10-03T08:21:00,normal,149,149,4849664,239740
vm-io-20261002-201718.log,683253,2026-10-03T08:22:00,normal,372,372,8617984,527422
vm-io-20261002-201718.log,683253,2026-10-03T08:22:00,compaction,16,16,67108864,3939381
vm-io-20261002-201718.log,683253,2026-10-03T08:23:00,normal,111,111,3231744,185727
vm-io-20261002-201718.log,683253,2026-10-03T08:23:00,compaction,75,75,313065472,65261751
vm-io-20261002-201718.log,683253,2026-10-03T08:24:00,normal,85,85,1777664,109345
vm-io-20261002-201718.log,683253,2026-10-03T08:24:00,compaction,70,70,293601280,20472613
vm-io-20261002-201718.log,683253,2026-10-03T08:25:00,compaction,42,42,176160768,50506108
vm-io-20261002-201718.log,683253,2026-10-03T08:25:00,normal,193,193,5578752,287723
vm-io-20261002-201718.log,683253,2026-10-03T08:26:00,normal,370,370,8581120,503176
vm-io-20261002-201718.log,683253,2026-10-03T08:26:00,compaction,23,23,94154752,5416455
vm-io-20261002-201718.log,683253,2026-10-03T08:27:00,normal,152,152,3932160,235174
vm-io-20261002-201718.log,683253,2026-10-03T08:27:00,compaction,48,48,201326592,49409377
vm-io-20261002-201718.log,683253,2026-10-03T08:28:00,normal,42,42,901120,45504
vm-io-20261002-201718.log,683253,2026-10-03T08:28:00,compaction,62,62,260046848,18824058
vm-io-20261002-201718.log,683253,2026-10-03T08:29:00,compaction,93,93,389414912,62737411
vm-io-20261002-201718.log,683253,2026-10-03T08:29:00,normal,54,54,2154496,80646
vm-io-20261002-201718.log,683253,2026-10-03T08:30:00,normal,177,177,5050368,249018
vm-io-20261002-201718.log,683253,2026-10-03T08:30:00,compaction,64,64,268435456,55270295
vm-io-20261002-201718.log,683253,2026-10-03T08:31:00,normal,132,132,1880064,132561
vm-io-20261002-201718.log,683253,2026-10-03T08:31:00,compaction,80,80,335544320,28293530
vm-io-20261002-201718.log,683253,2026-10-03T08:32:00,normal,95,95,1458176,138544
vm-io-20261002-201718.log,683253,2026-10-03T08:32:00,compaction,55,55,229060608,50379671
vm-io-20261002-201718.log,683253,2026-10-03T08:33:00,normal,186,186,5623808,276157
vm-io-20261002-201718.log,683253,2026-10-03T08:33:00,compaction,47,47,197132288,20313158
vm-io-20261002-201718.log,683253,2026-10-03T08:34:00,compaction,125,125,520290304,63388104
vm-io-20261002-201718.log,683253,2026-10-03T08:34:00,normal,99,99,3760128,169334
vm-io-20261002-201718.log,683253,2026-10-03T08:35:00,normal,166,166,3186688,183435
vm-io-20261002-201718.log,683253,2026-10-03T08:35:00,compaction,28,28,113909760,7255224
vm-io-20261002-201718.log,683253,2026-10-03T08:36:00,normal,194,194,4571136,266934
vm-io-20261002-201718.log,683253,2026-10-03T08:36:00,compaction,48,48,201326592,49025458
vm-io-20261002-201718.log,683253,2026-10-03T08:37:00,normal,303,303,8421376,454730
vm-io-20261002-201718.log,683253,2026-10-03T08:37:00,compaction,37,37,155189248,43204377
vm-io-20261002-201718.log,683253,2026-10-03T08:38:00,compaction,114,114,477184000,71363029
vm-io-20261002-201718.log,683253,2026-10-03T08:38:00,normal,115,115,1556480,147029
vm-io-20261002-201718.log,683253,2026-10-03T08:39:00,normal,142,142,2039808,161777
vm-io-20261002-201718.log,683253,2026-10-03T08:39:00,compaction,76,76,315555840,60938866
vm-io-20261002-201718.log,683253,2026-10-03T08:40:00,normal,125,125,3190784,183780
vm-io-20261002-201718.log,683253,2026-10-03T08:40:00,compaction,48,48,201326592,21404672
vm-io-20261002-201718.log,683253,2026-10-03T08:41:00,normal,202,202,5210112,258023
vm-io-20261002-201718.log,683253,2026-10-03T08:41:00,compaction,16,16,67108864,40551966
vm-io-20261002-201718.log,683253,2026-10-03T08:42:00,normal,199,199,4882432,276060
vm-io-20261002-201718.log,683253,2026-10-03T08:42:00,compaction,48,48,201326592,13822918
vm-io-20261002-201718.log,683253,2026-10-03T08:43:00,normal,147,147,2605056,202239
vm-io-20261002-201718.log,683253,2026-10-03T08:43:00,compaction,64,64,268435456,53898882
vm-io-20261002-201718.log,683253,2026-10-03T08:44:00,normal,136,136,3477504,184659
vm-io-20261002-201718.log,683253,2026-10-03T08:44:00,compaction,87,87,364621824,20201668
vm-io-20261002-201718.log,683253,2026-10-03T08:45:00,normal,192,192,5787648,281140
vm-io-20261002-201718.log,683253,2026-10-03T08:45:00,compaction,76,76,316473344,53756753
vm-io-20261002-201718.log,683253,2026-10-03T08:46:00,normal,192,192,5681152,323361
vm-io-20261002-201718.log,683253,2026-10-03T08:46:00,compaction,34,34,139620352,11873955
vm-io-20261002-201718.log,683253,2026-10-03T08:47:00,compaction,58,58,243269632,84645411
vm-io-20261002-201718.log,683253,2026-10-03T08:47:00,normal,96,96,811008,151989
vm-io-20261002-201718.log,683253,2026-10-03T08:48:00,normal,164,164,5005312,237101
vm-io-20261002-201718.log,683253,2026-10-03T08:48:00,compaction,80,80,335544320,55570829
vm-io-20261002-201718.log,683253,2026-10-03T08:49:00,normal,262,262,6660096,385274
vm-io-20261002-201718.log,683253,2026-10-03T08:49:00,compaction,32,32,134217728,7326143
vm-io-20261002-201718.log,683253,2026-10-03T08:50:00,normal,142,142,3883008,215041
vm-io-20261002-201718.log,683253,2026-10-03T08:50:00,compaction,44,44,183173120,51084242
vm-io-20261002-201718.log,683253,2026-10-03T08:51:00,normal,180,180,5517312,267684
vm-io-20261002-201718.log,683253,2026-10-03T08:51:00,compaction,60,60,249114624,18176472
vm-io-20261002-201718.log,683253,2026-10-03T08:52:00,normal,218,218,6742016,328636
vm-io-20261002-201718.log,683253,2026-10-03T08:52:00,compaction,32,32,134217728,42314518
vm-io-20261002-201718.log,683253,2026-10-03T08:53:00,normal,207,207,5238784,296860
vm-io-20261002-201718.log,683253,2026-10-03T08:53:00,compaction,96,96,402653184,30406067
vm-io-20261002-201718.log,683253,2026-10-03T08:54:00,normal,161,161,2449408,209779
vm-io-20261002-201718.log,683253,2026-10-03T08:54:00,compaction,96,96,402653184,59678129
vm-io-20261002-201718.log,683253,2026-10-03T08:55:00,normal,215,215,3919872,273903
vm-io-20261002-201718.log,683253,2026-10-03T08:55:00,compaction,48,48,201326592,16215806
vm-io-20261002-201718.log,683253,2026-10-03T08:56:00,normal,183,183,4808704,269393
vm-io-20261002-201718.log,683253,2026-10-03T08:56:00,compaction,40,40,165109760,40785775
vm-io-20261002-201718.log,683253,2026-10-03T08:57:00,normal,203,203,4345856,291434
vm-io-20261002-201718.log,683253,2026-10-03T08:57:00,compaction,64,64,268435456,20601858
vm-io-20261002-201718.log,683253,2026-10-03T08:58:00,normal,266,266,7733248,420992
vm-io-20261002-201718.log,683253,2026-10-03T08:58:00,compaction,68,68,285212672,50837884
vm-io-20261002-201718.log,683253,2026-10-03T08:59:00,compaction,92,92,385875968,37978811
vm-io-20261002-201718.log,683253,2026-10-03T08:59:00,normal,138,138,3952640,220218
vm-io-20261002-201718.log,683253,2026-10-03T09:00:00,normal,144,144,3592192,218414
vm-io-20261002-201718.log,683253,2026-10-03T09:00:00,compaction,64,64,268435456,58230469
vm-io-20261002-201718.log,683253,2026-10-03T09:01:00,compaction,104,104,434606080,28247776
vm-io-20261002-201718.log,683253,2026-10-03T09:01:00,normal,129,129,1826816,155215
vm-io-20261002-201718.log,683253,2026-10-03T09:02:00,normal,213,213,3780608,339881
vm-io-20261002-201718.log,683253,2026-10-03T09:02:00,compaction,19,19,75759616,37311759
vm-io-20261002-201718.log,683253,2026-10-03T09:03:00,compaction,98,98,411041792,31645334
vm-io-20261002-201718.log,683253,2026-10-03T09:03:00,normal,153,153,3715072,201158
vm-io-20261002-201718.log,683253,2026-10-03T09:04:00,compaction,183,183,765526016,127640374
vm-io-20261002-201718.log,683253,2026-10-03T09:04:00,normal,53,53,2252800,81156
vm-io-20261002-201718.log,683253,2026-10-03T09:05:00,compaction,115,115,482344960,54986430
vm-io-20261002-201718.log,683253,2026-10-03T09:05:00,normal,127,127,5099520,212891
vm-io-20261002-201718.log,683253,2026-10-03T09:06:00,normal,160,160,3473408,220315
vm-io-20261002-201718.log,683253,2026-10-03T09:06:00,compaction,57,57,237899776,76486901
vm-io-20261002-201718.log,683253,2026-10-03T09:07:00,normal,97,97,1896448,103157
vm-io-20261002-201718.log,683253,2026-10-03T09:07:00,compaction,38,38,156368896,42617086
vm-io-20261002-201718.log,683253,2026-10-03T09:08:00,compaction,82,82,343932928,21400882
vm-io-20261002-201718.log,683253,2026-10-03T09:08:00,normal,81,81,991232,103285
vm-io-20261002-201718.log,683253,2026-10-03T09:09:00,compaction,69,69,289406976,55145624
vm-io-20261002-201718.log,683253,2026-10-03T09:09:00,normal,166,166,5529600,232902
vm-io-20261002-201718.log,683253,2026-10-03T09:10:00,normal,342,342,50257920,3295176
vm-io-20261002-201718.log,683253,2026-10-03T09:10:00,compaction,48,48,201326592,15313585
vm-io-20261002-201718.log,683253,2026-10-03T09:11:00,normal,195,195,5029888,286487
vm-io-20261002-201718.log,683253,2026-10-03T09:11:00,compaction,48,48,201326592,69169460
vm-io-20261002-201718.log,683253,2026-10-03T09:12:00,normal,89,89,2318336,114565
vm-io-20261002-201718.log,683253,2026-10-03T09:12:00,compaction,32,32,134217728,11526879
vm-io-20261002-201718.log,683253,2026-10-03T09:13:00,normal,125,125,2220032,172432
vm-io-20261002-201718.log,683253,2026-10-03T09:13:00,compaction,45,45,186646528,42418453
vm-io-20261002-201718.log,683253,2026-10-03T09:14:00,normal,190,190,6352896,303210
vm-io-20261002-201718.log,683253,2026-10-03T09:14:00,compaction,76,76,315957248,22488400
vm-io-20261002-201718.log,683253,2026-10-03T09:15:00,compaction,60,60,251658240,61970142
vm-io-20261002-201718.log,683253,2026-10-03T09:15:00,normal,145,145,5087232,217235
vm-io-20261002-201718.log,683253,2026-10-03T09:16:00,normal,207,207,3874816,268546
vm-io-20261002-201718.log,683253,2026-10-03T09:16:00,compaction,42,42,176160768,13804994
vm-io-20261002-201718.log,683253,2026-10-03T09:17:00,compaction,70,70,293347328,85868935
vm-io-20261002-201718.log,683253,2026-10-03T09:17:00,normal,158,157,3280896,222837
vm-io-20261002-201718.log,683253,2026-10-03T09:18:00,normal,79,79,1044480,103397
vm-io-20261002-201718.log,683253,2026-10-03T09:18:00,compaction,122,122,511705088,88748274
vm-io-20261002-201718.log,683253,2026-10-03T09:19:00,compaction,75,75,313327616,17520553
vm-io-20261002-201718.log,683253,2026-10-03T09:19:00,normal,135,135,4374528,212931
vm-io-20261002-201718.log,683253,2026-10-03T09:20:00,normal,186,186,4509696,247070
vm-io-20261002-201718.log,683253,2026-10-03T09:20:00,compaction,56,56,234881024,48628042
vm-io-20261002-201718.log,683253,2026-10-03T09:21:00,normal,149,149,2514944,183251
vm-io-20261002-201718.log,683253,2026-10-03T09:21:00,compaction,80,80,335544320,29860792
vm-io-20261002-201718.log,683253,2026-10-03T09:22:00,normal,126,126,4894720,213561
vm-io-20261002-201718.log,683253,2026-10-03T09:22:00,compaction,31,31,130023424,10930586
vm-io-20261002-201718.log,683253,2026-10-03T09:23:00,compaction,33,33,138412032,10336700
vm-io-20261002-201718.log,683253,2026-10-03T09:23:00,normal,338,338,40636416,2396304
vm-io-20261002-201718.log,683253,2026-10-03T09:24:00,normal,159,159,3198976,236548
vm-io-20261002-201718.log,683253,2026-10-03T09:24:00,compaction,96,96,402653184,65109416
vm-io-20261002-201718.log,683253,2026-10-03T09:25:00,normal,108,108,2600960,144847
vm-io-20261002-201718.log,683253,2026-10-03T09:25:00,compaction,61,61,255459328,15196888
vm-io-20261002-201718.log,683253,2026-10-03T09:26:00,normal,158,158,5857280,254935
vm-io-20261002-201718.log,683253,2026-10-03T09:26:00,compaction,48,48,201326592,15665028
vm-io-20261002-201718.log,683253,2026-10-03T09:27:00,normal,218,218,5681152,315310
vm-io-20261002-201718.log,683253,2026-10-03T09:27:00,compaction,46,46,192937984,59734143
vm-io-20261002-201718.log,683253,2026-10-03T09:28:00,compaction,82,82,343932928,23805376
vm-io-20261002-201718.log,683253,2026-10-03T09:28:00,normal,85,85,2072576,131286
vm-io-20261002-201718.log,683253,2026-10-03T09:29:00,normal,192,192,5144576,277870
vm-io-20261002-201718.log,683253,2026-10-03T09:29:00,compaction,51,51,213909504,16022931
vm-io-20261002-201718.log,683253,2026-10-03T09:30:00,compaction,61,61,255852544,39685957
vm-io-20261002-201718.log,683253,2026-10-03T09:30:00,normal,247,247,6201344,346271
vm-io-20261002-201718.log,683253,2026-10-03T09:31:00,normal,190,190,4210688,230732
vm-io-20261002-201718.log,683253,2026-10-03T09:31:00,compaction,31,31,126222336,7613340
vm-io-20261002-201718.log,683253,2026-10-03T09:32:00,compaction,169,169,707198976,48139867
vm-io-20261002-201718.log,683253,2026-10-03T09:32:00,normal,65,65,647168,108339
vm-io-20261002-201718.log,683253,2026-10-03T09:33:00,compaction,36,36,150994944,11286655
vm-io-20261002-201718.log,683253,2026-10-03T09:33:00,normal,212,212,6516736,338054
vm-io-20261002-201718.log,683253,2026-10-03T09:34:00,compaction,128,128,536870912,71742544
vm-io-20261002-201718.log,683253,2026-10-03T09:34:00,normal,181,181,4808704,243557
vm-io-20261002-201718.log,683253,2026-10-03T09:35:00,normal,154,154,3170304,200942
vm-io-20261002-201718.log,683253,2026-10-03T09:35:00,compaction,63,63,264241152,51624940
vm-io-20261002-201718.log,683253,2026-10-03T09:36:00,normal,73,73,1781760,93006
vm-io-20261002-201718.log,683253,2026-10-03T09:36:00,compaction,65,65,272629760,21925556
vm-io-20261002-201718.log,683253,2026-10-03T09:37:00,normal,79,79,2379776,128500
vm-io-20261002-201718.log,683253,2026-10-03T09:37:00,compaction,48,48,201326592,56281556
vm-io-20261002-201718.log,683253,2026-10-03T09:38:00,normal,81,81,18112512,1291756
vm-io-20261002-201718.log,683253,2026-10-03T09:38:00,compaction,88,88,364544000,18655525
vm-io-20261002-201718.log,683253,2026-10-03T09:39:00,compaction,62,62,260046848,56514463
vm-io-20261002-201718.log,683253,2026-10-03T09:39:00,normal,151,151,12099584,639078
vm-io-20261002-201718.log,683253,2026-10-03T09:40:00,normal,198,198,5394432,322604
vm-io-20261002-201718.log,683253,2026-10-03T09:40:00,compaction,64,64,268435456,21178665
vm-io-20261002-201718.log,683253,2026-10-03T09:41:00,normal,284,284,7827456,391542
vm-io-20261002-201718.log,683253,2026-10-03T09:42:00,normal,184,184,4427776,241680
vm-io-20261002-201718.log,683253,2026-10-03T09:42:00,compaction,48,48,201326592,15852341
vm-io-20261002-201718.log,683253,2026-10-03T09:43:00,normal,408,408,11599872,632913
vm-io-20261002-201718.log,683253,2026-10-03T09:43:00,compaction,24,24,97300480,6294558
vm-io-20261002-201718.log,683253,2026-10-03T09:44:00,normal,81,81,880640,87173
vm-io-20261002-201718.log,683253,2026-10-03T09:44:00,compaction,94,94,394264576,56598305
vm-io-20261002-201718.log,683253,2026-10-03T09:45:00,normal,18,18,901120,40396
vm-io-20261002-201718.log,683253,2026-10-03T09:45:00,compaction,62,62,256180224,21847984
vm-io-20261002-201718.log,683253,2026-10-03T09:46:00,compaction,99,99,415236096,39679631
vm-io-20261002-201718.log,683253,2026-10-03T09:46:00,normal,93,93,2695168,146303
vm-io-20261002-201718.log,683253,2026-10-03T09:47:00,normal,254,254,4800512,344599
vm-io-20261002-201718.log,683253,2026-10-03T09:47:00,compaction,56,56,233439232,50231890
vm-io-20261002-201718.log,683253,2026-10-03T09:48:00,normal,85,85,2850816,149483
vm-io-20261002-201718.log,683253,2026-10-03T09:48:00,compaction,127,127,532676608,65916164
vm-io-20261002-201718.log,683253,2026-10-03T09:49:00,normal,115,115,7204864,233852
vm-io-20261002-201718.log,683253,2026-10-03T09:49:00,compaction,89,89,370360320,25494139
vm-io-20261002-201718.log,683253,2026-10-03T09:50:00,normal,277,277,6651904,395470
vm-io-20261002-201718.log,683253,2026-10-03T09:50:00,compaction,48,48,201326592,15237568
vm-io-20261002-201718.log,683253,2026-10-03T09:51:00,normal,195,195,4182016,273529
vm-io-20261002-201718.log,683253,2026-10-03T09:51:00,compaction,47,47,194117632,11849931
vm-io-20261002-201718.log,683253,2026-10-03T09:52:00,normal,193,193,4161536,267562
vm-io-20261002-201718.log,683253,2026-10-03T09:52:00,compaction,32,32,134217728,11142233
vm-io-20261002-201718.log,683253,2026-10-03T09:53:00,normal,255,255,6230016,333065
vm-io-20261002-201718.log,683253,2026-10-03T09:53:00,compaction,70,70,293601280,20112655
vm-io-20261002-201718.log,683253,2026-10-03T09:54:00,compaction,82,82,341491712,32514153
vm-io-20261002-201718.log,683253,2026-10-03T09:54:00,normal,130,130,2461696,184033
vm-io-20261002-201718.log,683253,2026-10-03T09:55:00,normal,210,210,5042176,288044
vm-io-20261002-201718.log,683253,2026-10-03T09:55:00,compaction,48,48,201326592,24596202
vm-io-20261002-201718.log,683253,2026-10-03T09:56:00,normal,164,164,3350528,196502
vm-io-20261002-201718.log,683253,2026-10-03T09:56:00,compaction,32,32,134217728,10719607
vm-io-20261002-201718.log,683253,2026-10-03T09:57:00,normal,188,188,4218880,249528
vm-io-20261002-201718.log,683253,2026-10-03T09:57:00,compaction,107,107,446627840,27415394
vm-io-20261002-201718.log,683253,2026-10-03T09:58:00,normal,185,185,2994176,239332
vm-io-20261002-201718.log,683253,2026-10-03T09:58:00,compaction,52,52,218103808,17753047
vm-io-20261002-201718.log,683253,2026-10-03T09:59:00,normal,138,138,3231744,176037
vm-io-20261002-201718.log,683253,2026-10-03T09:59:00,compaction,72,72,300032000,22206205
vm-io-20261002-201718.log,683253,2026-10-03T10:00:00,normal,116,116,4890624,210191
vm-io-20261002-201718.log,683253,2026-10-03T10:00:00,compaction,31,31,130023424,9153786
vm-io-20261002-201718.log,683253,2026-10-03T10:01:00,normal,188,188,2830336,210687
vm-io-20261002-201718.log,683253,2026-10-03T10:01:00,compaction,66,66,276824064,27035041
vm-io-20261002-201718.log,683253,2026-10-03T10:02:00,compaction,34,34,141295616,9152080
vm-io-20261002-201718.log,683253,2026-10-03T10:02:00,normal,151,151,3629056,248998
vm-io-20261002-201718.log,683253,2026-10-03T10:03:00,compaction,44,44,184549376,12291195
vm-io-20261002-201718.log,683253,2026-10-03T10:03:00,normal,75,75,1511424,92137
vm-io-20261002-201718.log,683253,2026-10-03T10:04:00,normal,114,114,5783552,207350
vm-io-20261002-201718.log,683253,2026-10-03T10:04:00,compaction,120,120,501800960,75298146
vm-io-20261002-201718.log,683253,2026-10-03T10:05:00,normal,195,195,6074368,318588
vm-io-20261002-201718.log,683253,2026-10-03T10:05:00,compaction,80,80,335544320,23344001
vm-io-20261002-201718.log,683253,2026-10-03T10:06:00,normal,122,122,2973696,155950
vm-io-20261002-201718.log,683253,2026-10-03T10:06:00,compaction,16,16,67108864,6156961
vm-io-20261002-201718.log,683253,2026-10-03T10:07:00,normal,268,268,6549504,379045
vm-io-20261002-201718.log,683253,2026-10-03T10:07:00,compaction,48,48,201326592,48166354
vm-io-20261002-201718.log,683253,2026-10-03T10:08:00,normal,176,176,3432448,195775
vm-io-20261002-201718.log,683253,2026-10-03T10:08:00,compaction,63,63,263782400,15633827
vm-io-20261002-201718.log,683253,2026-10-03T10:09:00,normal,82,82,2797568,127005
vm-io-20261002-201718.log,683253,2026-10-03T10:09:00,compaction,71,71,296763392,21442292
vm-io-20261002-201718.log,683253,2026-10-03T10:10:00,normal,177,177,5378048,290280
vm-io-20261002-201718.log,683253,2026-10-03T10:10:00,compaction,17,17,71303168,6339835
vm-io-20261002-201718.log,683253,2026-10-03T10:11:00,normal,215,215,4038656,259836
vm-io-20261002-201718.log,683253,2026-10-03T10:11:00,compaction,37,37,155189248,13328817
vm-io-20261002-201718.log,683253,2026-10-03T10:12:00,compaction,91,91,381681664,26932686
vm-io-20261002-201718.log,683253,2026-10-03T10:12:00,normal,166,166,5898240,255249
vm-io-20261002-201718.log,683253,2026-10-03T10:13:00,normal,186,186,39587840,2636713
vm-io-20261002-201718.log,683253,2026-10-03T10:13:00,compaction,80,80,331677696,21425566
vm-io-20261002-201718.log,683253,2026-10-03T10:14:00,normal,181,181,3043328,249580
vm-io-20261002-201718.log,683253,2026-10-03T10:14:00,compaction,57,57,236523520,22612812
vm-io-20261002-201718.log,683253,2026-10-03T10:15:00,normal,150,150,3543040,238044
vm-io-20261002-201718.log,683253,2026-10-03T10:15:00,compaction,103,103,432013312,31875331
vm-io-20261002-201718.log,683253,2026-10-03T10:16:00,compaction,9,9,37748736,2656628
vm-io-20261002-201718.log,683253,2026-10-03T10:16:00,normal,273,273,5861376,422587
vm-io-20261002-201718.log,683253,2026-10-03T10:17:00,normal,85,85,684032,111313
vm-io-20261002-201718.log,683253,2026-10-03T10:17:00,compaction,141,141,591396864,63128507
vm-io-20261002-201718.log,683253,2026-10-03T10:18:00,compaction,130,130,542244864,69171898
vm-io-20261002-201718.log,683253,2026-10-03T10:18:00,normal,56,56,385024,46260
vm-io-20261002-201718.log,683253,2026-10-03T10:19:00,compaction,42,42,173301760,9107843
vm-io-20261002-201718.log,683253,2026-10-03T10:19:00,normal,183,183,3473408,244475
vm-io-20261002-201718.log,683253,2026-10-03T10:20:00,normal,131,131,4861952,246069
vm-io-20261002-201718.log,683253,2026-10-03T10:20:00,compaction,104,104,433733632,31150747
vm-io-20261002-201718.log,683253,2026-10-03T10:21:00,normal,404,404,9056256,572477
vm-io-20261002-201718.log,683253,2026-10-03T10:21:00,compaction,1,1,4194304,127175
vm-io-20261002-201718.log,683253,2026-10-03T10:22:00,normal,193,193,4894720,267010
vm-io-20261002-201718.log,683253,2026-10-03T10:22:00,compaction,38,38,159383552,11666571
vm-io-20261002-201718.log,683253,2026-10-03T10:23:00,compaction,51,51,211746816,46282990
vm-io-20261002-201718.log,683253,2026-10-03T10:23:00,normal,75,75,1372160,88847
vm-io-20261002-201718.log,683253,2026-10-03T10:24:00,compaction,112,112,467423232,27078420
vm-io-20261002-201718.log,683253,2026-10-03T10:24:00,normal,114,114,3289088,159479
vm-io-20261002-201718.log,683253,2026-10-03T10:25:00,normal,237,237,6492160,382236
vm-io-20261002-201718.log,683253,2026-10-03T10:25:00,compaction,46,46,192937984,21408744
vm-io-20261002-201718.log,683253,2026-10-03T10:26:00,compaction,81,81,339738624,58451116
vm-io-20261002-201718.log,683253,2026-10-03T10:26:00,normal,125,125,4030464,181542
vm-io-20261002-201718.log,683253,2026-10-03T10:27:00,normal,155,155,2408448,180581
vm-io-20261002-201718.log,683253,2026-10-03T10:27:00,compaction,48,48,201326592,16050252
vm-io-20261002-201718.log,683253,2026-10-03T10:28:00,compaction,81,81,339738624,22632853
vm-io-20261002-201718.log,683253,2026-10-03T10:28:00,normal,192,192,5566464,318775
vm-io-20261002-201718.log,683253,2026-10-03T10:29:00,normal,228,228,4997120,302888
vm-io-20261002-201718.log,683253,2026-10-03T10:29:00,compaction,32,32,132841472,6066998
vm-io-20261002-201718.log,683253,2026-10-03T10:30:00,normal,171,171,4423680,244541
vm-io-20261002-201718.log,683253,2026-10-03T10:30:00,compaction,89,89,371073024,25552659
vm-io-20261002-201718.log,683253,2026-10-03T10:31:00,normal,174,174,3944448,255109
vm-io-20261002-201718.log,683253,2026-10-03T10:31:00,compaction,32,32,134217728,9220700
vm-io-20261002-201718.log,683253,2026-10-03T10:32:00,normal,158,158,3153920,214411
vm-io-20261002-201718.log,683253,2026-10-03T10:32:00,compaction,57,57,239075328,24175647
vm-io-20261002-201718.log,683253,2026-10-03T10:33:00,compaction,39,39,163577856,11497497
vm-io-20261002-201718.log,683253,2026-10-03T10:33:00,normal,181,181,5013504,277731
vm-io-20261002-201718.log,683253,2026-10-03T10:34:00,normal,69,69,2695168,114713
vm-io-20261002-201718.log,683253,2026-10-03T10:34:00,compaction,114,114,478150656,26061430
vm-io-20261002-201718.log,683253,2026-10-03T10:35:00,compaction,71,71,295337984,15601893
vm-io-20261002-201718.log,683253,2026-10-03T10:35:00,normal,147,147,6504448,241029
vm-io-20261002-201718.log,683253,2026-10-03T10:36:00,normal,222,222,4161536,293018
vm-io-20261002-201718.log,683253,2026-10-03T10:36:00,compaction,48,48,201326592,13167265
vm-io-20261002-201718.log,683253,2026-10-03T10:37:00,normal,256,256,6033408,325980
vm-io-20261002-201718.log,683253,2026-10-03T10:37:00,compaction,32,32,134217728,41344358
vm-io-20261002-201718.log,683253,2026-10-03T10:38:00,normal,231,231,4968448,330506
vm-io-20261002-201718.log,683253,2026-10-03T10:38:00,compaction,48,48,201326592,11339015
vm-io-20261002-201718.log,683253,2026-10-03T10:39:00,normal,94,94,2285568,145327
vm-io-20261002-201718.log,683253,2026-10-03T10:39:00,compaction,60,60,251658240,19909544
vm-io-20261002-201718.log,683253,2026-10-03T10:40:00,compaction,90,90,375529472,25146770
vm-io-20261002-201718.log,683253,2026-10-03T10:40:00,normal,133,133,3084288,212468
vm-io-20261002-201718.log,683253,2026-10-03T10:41:00,compaction,36,36,150994944,18769196
vm-io-20261002-201718.log,683253,2026-10-03T10:41:00,normal,230,230,5595136,307544
vm-io-20261002-201718.log,683253,2026-10-03T10:42:00,compaction,63,63,264241152,16850501
vm-io-20261002-201718.log,683253,2026-10-03T10:42:00,normal,218,218,7421952,355854
vm-io-20261002-201718.log,683253,2026-10-03T10:43:00,normal,159,159,3395584,201811
vm-io-20261002-201718.log,683253,2026-10-03T10:43:00,compaction,48,48,201326592,15050170
vm-io-20261002-201718.log,683253,2026-10-03T10:44:00,normal,188,188,4390912,294700
vm-io-20261002-201718.log,683253,2026-10-03T10:44:00,compaction,17,17,68091904,2667715
vm-io-20261002-201718.log,683253,2026-10-03T10:45:00,compaction,86,86,358825984,59889368
vm-io-20261002-201718.log,683253,2026-10-03T10:45:00,normal,138,138,4272128,177653
vm-io-20261002-201718.log,683253,2026-10-03T10:46:00,compaction,53,53,222298112,18045976
vm-io-20261002-201718.log,683253,2026-10-03T10:46:00,normal,170,170,4083712,248891
vm-io-20261002-201718.log,683253,2026-10-03T10:47:00,normal,165,165,3649536,245158
vm-io-20261002-201718.log,683253,2026-10-03T10:47:00,compaction,94,94,394264576,59769688
vm-io-20261002-201718.log,683253,2026-10-03T10:48:00,normal,230,230,5509120,330499
vm-io-20261002-201718.log,683253,2026-10-03T10:48:00,compaction,45,45,188743680,41827762
vm-io-20261002-201718.log,683253,2026-10-03T10:49:00,normal,119,119,1921024,127461
vm-io-20261002-201718.log,683253,2026-10-03T10:49:00,compaction,115,115,482344960,31208398
vm-io-20261002-201718.log,683253,2026-10-03T10:50:00,normal,154,154,3936256,218232
vm-io-20261002-201718.log,683253,2026-10-03T10:50:00,compaction,45,45,187084800,20949769
vm-io-20261002-201718.log,683253,2026-10-03T10:51:00,normal,127,127,3096576,165835
vm-io-20261002-201718.log,683253,2026-10-03T10:51:00,compaction,77,77,320667648,20293033
vm-io-20261002-201718.log,683253,2026-10-03T10:52:00,normal,205,205,5136384,279069
vm-io-20261002-201718.log,683253,2026-10-03T10:52:00,compaction,25,25,102395904,7574890
vm-io-20261002-201718.log,683253,2026-10-03T10:53:00,normal,80,80,2285568,123675
vm-io-20261002-201718.log,683253,2026-10-03T10:53:00,compaction,112,112,469762048,29611732
vm-io-20261002-201718.log,683253,2026-10-03T10:54:00,normal,208,208,8998912,373340
vm-io-20261002-201718.log,683253,2026-10-03T10:54:00,compaction,64,64,268435456,19732936
vm-io-20261002-201718.log,683253,2026-10-03T10:55:00,normal,169,169,4227072,244879
vm-io-20261002-201718.log,683253,2026-10-03T10:55:00,compaction,55,55,229498880,58913364
vm-io-20261002-201718.log,683253,2026-10-03T10:56:00,compaction,18,18,75497472,3261081
vm-io-20261002-201718.log,683253,2026-10-03T10:56:00,normal,304,304,7393280,413505
vm-io-20261002-201718.log,683253,2026-10-03T10:57:00,normal,333,333,6991872,458966
vm-io-20261002-201718.log,683253,2026-10-03T10:57:00,compaction,81,81,338427904,24039729
vm-io-20261002-201718.log,683253,2026-10-03T10:58:00,normal,151,151,1945600,179809
vm-io-20261002-201718.log,683253,2026-10-03T10:58:00,compaction,45,45,188743680,9489285
vm-io-20261002-201718.log,683253,2026-10-03T10:59:00,normal,77,77,2523136,132288
vm-io-20261002-201718.log,683253,2026-10-03T10:59:00,compaction,35,35,146800640,9821137
vm-io-20261002-201718.log,683253,2026-10-03T11:00:00,normal,69,69,1916928,112296
vm-io-20261002-201718.log,683253,2026-10-03T11:00:00,compaction,73,73,305496064,27200471
vm-io-20261002-201718.log,683253,2026-10-03T11:01:00,normal,67,67,2371584,110943
vm-io-20261002-201718.log,683253,2026-10-03T11:01:00,compaction,47,47,197132288,13444375
vm-io-20261002-201718.log,683253,2026-10-03T11:02:00,normal,217,217,6471680,339802
vm-io-20261002-201718.log,683253,2026-10-03T11:02:00,compaction,33,33,138412032,9010738
vm-io-20261002-201718.log,683253,2026-10-03T11:03:00,normal,150,150,3371008,174406
vm-io-20261002-201718.log,683253,2026-10-03T11:03:00,compaction,49,49,205062144,13027292
vm-io-20261002-201718.log,683253,2026-10-03T11:04:00,normal,231,231,8192000,360404
vm-io-20261002-201718.log,683253,2026-10-03T11:04:00,compaction,80,80,335544320,15358177
vm-io-20261002-201718.log,683253,2026-10-03T11:05:00,normal,198,198,5103616,294980
vm-io-20261002-201718.log,683253,2026-10-03T11:05:00,compaction,80,80,335253504,57928776
vm-io-20261002-201718.log,683253,2026-10-03T11:06:00,compaction,57,57,239075328,20955816
vm-io-20261002-201718.log,683253,2026-10-03T11:06:00,normal,174,174,2748416,189138
vm-io-20261002-201718.log,683253,2026-10-03T11:07:00,normal,196,196,2949120,250974
vm-io-20261002-201718.log,683253,2026-10-03T11:07:00,compaction,56,56,234881024,56368404
vm-io-20261002-201718.log,683253,2026-10-03T11:08:00,compaction,88,88,369098752,43236800
vm-io-20261002-201718.log,683253,2026-10-03T11:08:00,normal,71,71,1921024,114851
vm-io-20261002-201718.log,683253,2026-10-03T11:09:00,compaction,66,66,273022976,14719407
vm-io-20261002-201718.log,683253,2026-10-03T11:09:00,normal,146,146,5619712,240364
vm-io-20261002-201718.log,683253,2026-10-03T11:10:00,normal,154,154,3821568,223540
vm-io-20261002-201718.log,683253,2026-10-03T11:10:00,compaction,42,42,172158976,12506746
vm-io-20261002-201718.log,683253,2026-10-03T11:11:00,normal,177,177,4313088,271336
vm-io-20261002-201718.log,683253,2026-10-03T11:11:00,compaction,64,64,268435456,23626466
vm-io-20261002-201718.log,683253,2026-10-03T11:12:00,normal,147,147,3772416,206343
vm-io-20261002-201718.log,683253,2026-10-03T11:12:00,compaction,16,16,67108864,4498440
vm-io-20261002-201718.log,683253,2026-10-03T11:13:00,normal,99,99,2871296,154305
vm-io-20261002-201718.log,683253,2026-10-03T11:13:00,compaction,80,80,335544320,29233811
vm-io-20261002-201718.log,683253,2026-10-03T11:14:00,normal,258,258,6746112,387197
vm-io-20261002-201718.log,683253,2026-10-03T11:14:00,compaction,82,82,341114880,23846103
vm-io-20261002-201718.log,683253,2026-10-03T11:15:00,normal,136,136,3874816,221768
vm-io-20261002-201718.log,683253,2026-10-03T11:15:00,compaction,87,87,361299968,23452261
vm-io-20261002-201718.log,683253,2026-10-03T11:16:00,compaction,51,51,213909504,12468695
vm-io-20261002-201718.log,683253,2026-10-03T11:16:00,normal,236,236,5001216,342091
vm-io-20261002-201718.log,683253,2026-10-03T11:17:00,normal,185,185,3461120,223646
vm-io-20261002-201718.log,683253,2026-10-03T11:17:00,compaction,64,64,268435456,50842142
vm-io-20261002-201718.log,683253,2026-10-03T11:18:00,normal,71,71,43462656,2878615
vm-io-20261002-201718.log,683253,2026-10-03T11:18:00,compaction,54,54,226492416,44970629
vm-io-20261002-201718.log,683253,2026-10-03T11:19:00,normal,97,97,3710976,172653
vm-io-20261002-201718.log,683253,2026-10-03T11:19:00,compaction,108,108,451018752,35885628
vm-io-20261002-201718.log,683253,2026-10-03T11:20:00,normal,248,248,6455296,376409
vm-io-20261002-201718.log,683253,2026-10-03T11:20:00,compaction,32,32,134217728,7139354
vm-io-20261002-201718.log,683253,2026-10-03T11:21:00,compaction,64,64,268435456,16965272
vm-io-20261002-201718.log,683253,2026-10-03T11:21:00,normal,179,179,6766592,285912
vm-io-20261002-201718.log,683253,2026-10-03T11:22:00,normal,311,311,6512640,444583
vm-io-20261002-201718.log,683253,2026-10-03T11:22:00,compaction,48,48,201326592,11978877
vm-io-20261002-201718.log,683253,2026-10-03T11:23:00,compaction,88,88,369098752,24903679
vm-io-20261002-201718.log,683253,2026-10-03T11:23:00,normal,128,128,3399680,147083
vm-io-20261002-201718.log,683253,2026-10-03T11:24:00,normal,94,94,2576384,127444
vm-io-20261002-201718.log,683253,2026-10-03T11:24:00,compaction,36,36,149725184,7471036
vm-io-20261002-201718.log,683253,2026-10-03T11:25:00,normal,70,70,2125824,112740
vm-io-20261002-201718.log,683253,2026-10-03T11:25:00,compaction,63,63,263192576,52802915
vm-io-20261002-201718.log,683253,2026-10-03T11:26:00,normal,187,187,4972544,282703
vm-io-20261002-201718.log,683253,2026-10-03T11:26:00,compaction,53,53,219090944,12974661
vm-io-20261002-201718.log,683253,2026-10-03T11:27:00,compaction,37,37,155189248,19167088
vm-io-20261002-201718.log,683253,2026-10-03T11:27:00,normal,142,142,2580480,178716
vm-io-20261002-201718.log,683253,2026-10-03T11:28:00,normal,172,172,5009408,234683
vm-io-20261002-201718.log,683253,2026-10-03T11:28:00,compaction,102,102,427819008,23819013
vm-io-20261002-201718.log,683253,2026-10-03T11:29:00,compaction,42,42,176160768,12220192
vm-io-20261002-201718.log,683253,2026-10-03T11:29:00,normal,217,217,5689344,293124
vm-io-20261002-201718.log,683253,2026-10-03T11:30:00,normal,218,218,4669440,342108
vm-io-20261002-201718.log,683253,2026-10-03T11:30:00,compaction,50,50,209387520,10394572
vm-io-20261002-201718.log,683253,2026-10-03T11:31:00,normal,61,61,2654208,89569
vm-io-20261002-201718.log,683253,2026-10-03T11:31:00,compaction,54,54,226492416,14843397
vm-io-20261002-201718.log,683253,2026-10-03T11:32:00,compaction,42,42,176160768,9784630
vm-io-20261002-201718.log,683253,2026-10-03T11:32:00,normal,170,170,38776832,2467242
vm-io-20261002-201718.log,683253,2026-10-03T11:33:00,normal,173,173,2686976,167582
vm-io-20261002-201718.log,683253,2026-10-03T11:33:00,compaction,80,80,335544320,22716953
vm-io-20261002-201718.log,683253,2026-10-03T11:34:00,normal,182,182,3563520,226736
vm-io-20261002-201718.log,683253,2026-10-03T11:34:00,compaction,96,96,402653184,31992544
vm-io-20261002-201718.log,683253,2026-10-03T11:35:00,normal,150,150,2617344,171826
vm-io-20261002-201718.log,683253,2026-10-03T11:35:00,compaction,67,67,277413888,18710983
vm-io-20261002-201718.log,683253,2026-10-03T11:36:00,normal,146,146,4374528,229412
vm-io-20261002-201718.log,683253,2026-10-03T11:36:00,compaction,64,64,268435456,17469379
vm-io-20261002-201718.log,683253,2026-10-03T11:37:00,normal,326,326,6520832,444447
vm-io-20261002-201718.log,683253,2026-10-03T11:37:00,compaction,64,64,268435456,50075858
vm-io-20261002-201718.log,683253,2026-10-03T11:38:00,normal,172,172,3747840,208802
vm-io-20261002-201718.log,683253,2026-10-03T11:38:00,compaction,64,64,268435456,15250551
vm-io-20261002-201718.log,683253,2026-10-03T11:39:00,compaction,48,48,201326592,11087055
vm-io-20261002-201718.log,683253,2026-10-03T11:39:00,normal,224,224,5484544,320383
vm-io-20261002-201718.log,683253,2026-10-03T11:40:00,normal,292,292,6041600,377207
vm-io-20261002-201718.log,683253,2026-10-03T11:40:00,compaction,46,46,188153856,16248056
vm-io-20261002-201718.log,683253,2026-10-03T11:41:00,normal,125,125,3104768,196516
vm-io-20261002-201718.log,683253,2026-10-03T11:41:00,compaction,64,64,268435456,14304414
vm-io-20261002-201718.log,683253,2026-10-03T11:42:00,compaction,64,64,268435456,26592806
vm-io-20261002-201718.log,683253,2026-10-03T11:42:00,normal,131,131,4292608,183939
vm-io-20261002-201718.log,683253,2026-10-03T11:43:00,normal,98,98,1531904,98439
vm-io-20261002-201718.log,683253,2026-10-03T11:43:00,compaction,63,63,262291456,16649601
vm-io-20261002-201718.log,683253,2026-10-03T11:44:00,compaction,91,91,381681664,23751566
vm-io-20261002-201718.log,683253,2026-10-03T11:44:00,normal,182,182,4091904,222391
vm-io-20261002-201718.log,683253,2026-10-03T11:45:00,normal,195,195,4866048,312639
vm-io-20261002-201718.log,683253,2026-10-03T11:45:00,compaction,70,70,291635200,54386985
vm-io-20261002-201718.log,683253,2026-10-03T11:46:00,compaction,93,93,390070272,29067888
vm-io-20261002-201718.log,683253,2026-10-03T11:46:00,normal,199,199,38969344,2518265
vm-io-20261002-201718.log,683253,2026-10-03T11:47:00,normal,282,282,5730304,396595
vm-io-20261002-201718.log,683253,2026-10-03T11:47:00,compaction,32,32,134217728,40035108
vm-io-20261002-201718.log,683253,2026-10-03T11:48:00,compaction,96,96,402653184,61720160
vm-io-20261002-201718.log,683253,2026-10-03T11:48:00,normal,171,171,4902912,241016
vm-io-20261002-201718.log,683253,2026-10-03T11:49:00,normal,192,192,4177920,253003
vm-io-20261002-201718.log,683253,2026-10-03T11:49:00,compaction,40,40,167772160,9624400
vm-io-20261002-201718.log,683253,2026-10-03T11:50:00,compaction,75,75,313524224,18347206
vm-io-20261002-201718.log,683253,2026-10-03T11:50:00,normal,132,132,4206592,186226
vm-io-20261002-201718.log,683253,2026-10-03T11:51:00,normal,211,211,5033984,275758
vm-io-20261002-201718.log,683253,2026-10-03T11:52:00,normal,137,137,3391488,187924
vm-io-20261002-201718.log,683253,2026-10-03T11:52:00,compaction,64,64,268435456,22928774
vm-io-20261002-201718.log,683253,2026-10-03T11:53:00,normal,214,214,6987776,322345
vm-io-20261002-201718.log,683253,2026-10-03T11:53:00,compaction,64,64,268435456,14559137
vm-io-20261002-201718.log,683253,2026-10-03T11:54:00,normal,255,255,6586368,333130
vm-io-20261002-201718.log,683253,2026-10-03T11:54:00,compaction,80,80,335544320,26294423
vm-io-20261002-201718.log,683253,2026-10-03T11:55:00,normal,204,204,3395584,262551
vm-io-20261002-201718.log,683253,2026-10-03T11:55:00,compaction,51,51,213712896,12943985
vm-io-20261002-201718.log,683253,2026-10-03T11:56:00,normal,71,71,671744,84110
vm-io-20261002-201718.log,683253,2026-10-03T11:56:00,compaction,74,74,306335744,18314656
vm-io-20261002-201718.log,683253,2026-10-03T11:57:00,normal,247,247,4931584,327600
vm-io-20261002-201718.log,683253,2026-10-03T11:58:00,compaction,104,104,436207616,24752805
vm-io-20261002-201718.log,683253,2026-10-03T11:58:00,normal,55,55,2392064,89657
vm-io-20261002-201718.log,683253,2026-10-03T11:59:00,compaction,56,56,234881024,14525228
vm-io-20261002-201718.log,683253,2026-10-03T11:59:00,normal,118,118,2691072,141715
vm-io-20261002-201718.log,683253,2026-10-03T12:00:00,normal,65,65,2367488,111076
vm-io-20261002-201718.log,683253,2026-10-03T12:00:00,compaction,95,95,394854400,40260481
vm-io-20261002-201718.log,683253,2026-10-03T12:01:00,compaction,53,53,222298112,14781366
vm-io-20261002-201718.log,683253,2026-10-03T12:01:00,normal,186,186,6066176,295497
vm-io-20261002-201718.log,683253,2026-10-03T12:02:00,normal,182,182,3010560,249973
vm-io-20261002-201718.log,683253,2026-10-03T12:02:00,compaction,46,46,192937984,13045823
vm-io-20261002-201718.log,683253,2026-10-03T12:03:00,compaction,98,98,411041792,66063500
vm-io-20261002-201718.log,683253,2026-10-03T12:03:00,normal,55,55,1114112,75192
vm-io-20261002-201718.log,683253,2026-10-03T12:04:00,normal,127,127,3010560,188290
vm-io-20261002-201718.log,683253,2026-10-03T12:04:00,compaction,43,43,178790400,9697134
vm-io-20261002-201718.log,683253,2026-10-03T12:05:00,normal,167,167,5906432,288531
vm-io-20261002-201718.log,683253,2026-10-03T12:05:00,compaction,100,100,416677888,40400422
vm-io-20261002-201718.log,683253,2026-10-03T12:06:00,compaction,111,111,465567744,37142920
vm-io-20261002-201718.log,683253,2026-10-03T12:06:00,normal,175,175,6287360,280918
vm-io-20261002-201718.log,683253,2026-10-03T12:07:00,normal,128,128,3018752,195481
vm-io-20261002-201718.log,683253,2026-10-03T12:07:00,compaction,32,32,134217728,40644965
vm-io-20261002-201718.log,683253,2026-10-03T12:08:00,normal,68,68,2269184,115585
vm-io-20261002-201718.log,683253,2026-10-03T12:08:00,compaction,80,80,335544320,22046545
vm-io-20261002-201718.log,683253,2026-10-03T12:09:00,normal,239,239,7397376,345264
vm-io-20261002-201718.log,683253,2026-10-03T12:09:00,compaction,48,48,201326592,13240311
vm-io-20261002-201718.log,683253,2026-10-03T12:10:00,normal,175,175,4308992,256058
vm-io-20261002-201718.log,683253,2026-10-03T12:10:00,compaction,34,34,140640256,9081837
vm-io-20261002-201718.log,683253,2026-10-03T12:11:00,normal,59,59,1765376,103480
vm-io-20261002-201718.log,683253,2026-10-03T12:11:00,compaction,50,50,209715200,14940283
vm-io-20261002-201718.log,683253,2026-10-03T12:12:00,normal,158,158,4018176,242670
vm-io-20261002-201718.log,683253,2026-10-03T12:12:00,compaction,64,64,268435456,23824005
vm-io-20261002-201718.log,683253,2026-10-03T12:13:00,normal,210,210,3198976,224872
vm-io-20261002-201718.log,683253,2026-10-03T12:13:00,compaction,64,64,268435456,26495292
vm-io-20261002-201718.log,683253,2026-10-03T12:14:00,normal,133,133,3334144,169688
vm-io-20261002-201718.log,683253,2026-10-03T12:14:00,compaction,96,96,402653184,25391240
vm-io-20261002-201718.log,683253,2026-10-03T12:15:00,normal,212,212,6361088,343033
vm-io-20261002-201718.log,683253,2026-10-03T12:15:00,compaction,66,66,275709952,29987158
vm-io-20261002-201718.log,683253,2026-10-03T12:16:00,normal,240,240,5804032,361444
vm-io-20261002-201718.log,683253,2026-10-03T12:16:00,compaction,34,34,142606336,7815213
vm-io-20261002-201718.log,683253,2026-10-03T12:17:00,normal,352,352,5779456,449119
vm-io-20261002-201718.log,683253,2026-10-03T12:17:00,compaction,42,42,176160768,40999874
vm-io-20261002-201718.log,683253,2026-10-03T12:18:00,compaction,102,102,427819008,107355077
vm-io-20261002-201718.log,683253,2026-10-03T12:18:00,normal,235,235,4382720,297970
vm-io-20261002-201718.log,683253,2026-10-03T12:19:00,normal,51,51,303104,69891
vm-io-20261002-201718.log,683253,2026-10-03T12:19:00,compaction,79,79,331350016,29526290
vm-io-20261002-201718.log,683253,2026-10-03T12:20:00,compaction,82,82,343736320,22889628
vm-io-20261002-201718.log,683253,2026-10-03T12:20:00,normal,66,66,2326528,96728
vm-io-20261002-201718.log,683253,2026-10-03T12:21:00,compaction,78,78,324026368,21705097
vm-io-20261002-201718.log,683253,2026-10-03T12:21:00,normal,106,106,2129920,108291
vm-io-20261002-201718.log,683253,2026-10-03T12:22:00,normal,187,187,36249600,2375125
vm-io-20261002-201718.log,683253,2026-10-03T12:22:00,compaction,22,22,92274688,9567730
vm-io-20261002-201718.log,683253,2026-10-03T12:23:00,compaction,90,90,377487360,64708012
vm-io-20261002-201718.log,683253,2026-10-03T12:23:00,normal,193,193,4067328,284027
vm-io-20261002-201718.log,683253,2026-10-03T12:24:00,normal,303,303,7061504,418014
vm-io-20261002-201718.log,683253,2026-10-03T12:24:00,compaction,48,48,201326592,12751294
vm-io-20261002-201718.log,683253,2026-10-03T12:25:00,normal,91,91,3092480,141495
vm-io-20261002-201718.log,683253,2026-10-03T12:25:00,compaction,51,51,210370560,19703676
vm-io-20261002-201718.log,683253,2026-10-03T12:26:00,normal,85,85,1892352,117115
vm-io-20261002-201718.log,683253,2026-10-03T12:26:00,compaction,34,34,142606336,9466702
vm-io-20261002-201718.log,683253,2026-10-03T12:27:00,normal,80,80,4149248,180705
vm-io-20261002-201718.log,683253,2026-10-03T12:27:00,compaction,44,44,181817344,10813038
vm-io-20261002-201718.log,683253,2026-10-03T12:28:00,compaction,73,73,302583808,21284944
vm-io-20261002-201718.log,683253,2026-10-03T12:28:00,normal,181,181,5160960,249062
vm-io-20261002-201718.log,683253,2026-10-03T12:29:00,normal,181,181,5603328,260204
vm-io-20261002-201718.log,683253,2026-10-03T12:29:00,compaction,64,64,268435456,18633285
vm-io-20261002-201718.log,683253,2026-10-03T12:30:00,normal,81,81,1953792,121419
vm-io-20261002-201718.log,683253,2026-10-03T12:30:00,compaction,64,64,268435456,15301970
vm-io-20261002-201718.log,683253,2026-10-03T12:31:00,compaction,96,96,402653184,31386895
vm-io-20261002-201718.log,683253,2026-10-03T12:31:00,normal,158,158,4554752,277695
vm-io-20261002-201718.log,683253,2026-10-03T12:32:00,normal,188,188,3723264,228022
vm-io-20261002-201718.log,683253,2026-10-03T12:32:00,compaction,43,43,178122752,11401145
vm-io-20261002-201718.log,683253,2026-10-03T12:33:00,normal,95,95,2387968,132343
vm-io-20261002-201718.log,683253,2026-10-03T12:33:00,compaction,72,72,301989888,29517105
vm-io-20261002-201718.log,683253,2026-10-03T12:34:00,compaction,104,104,436207616,27947713
vm-io-20261002-201718.log,683253,2026-10-03T12:34:00,normal,170,170,3055616,187916
vm-io-20261002-201718.log,683253,2026-10-03T12:35:00,normal,161,161,4206592,230314
vm-io-20261002-201718.log,683253,2026-10-03T12:35:00,compaction,64,64,268435456,55099829
vm-io-20261002-201718.log,683253,2026-10-03T12:36:00,compaction,48,48,201326592,13963775
vm-io-20261002-201718.log,683253,2026-10-03T12:36:00,normal,76,76,1769472,110893
vm-io-20261002-201718.log,683253,2026-10-03T12:37:00,normal,118,118,4304896,164829
vm-io-20261002-201718.log,683253,2026-10-03T12:37:00,compaction,74,74,308559872,53190229
vm-io-20261002-201718.log,683253,2026-10-03T12:38:00,compaction,48,48,201326592,15870993
vm-io-20261002-201718.log,683253,2026-10-03T12:38:00,normal,191,191,5844992,299519
vm-io-20261002-201718.log,683253,2026-10-03T12:39:00,compaction,81,81,339738624,22038057
vm-io-20261002-201718.log,683253,2026-10-03T12:39:00,normal,176,176,4456448,238659
vm-io-20261002-201718.log,683253,2026-10-03T12:40:00,normal,233,233,5500928,328275
vm-io-20261002-201718.log,683253,2026-10-03T12:40:00,compaction,29,29,121634816,17530090
vm-io-20261002-201718.log,683253,2026-10-03T12:41:00,compaction,77,77,322961408,21881137
vm-io-20261002-201718.log,683253,2026-10-03T12:41:00,normal,67,67,1912832,89242
vm-io-20261002-201718.log,683253,2026-10-03T12:42:00,compaction,49,49,204120064,13843171
vm-io-20261002-201718.log,683253,2026-10-03T12:42:00,normal,226,226,4247552,275482
vm-io-20261002-201718.log,683253,2026-10-03T12:43:00,normal,134,134,2338816,168586
vm-io-20261002-201718.log,683253,2026-10-03T12:43:00,compaction,79,79,331350016,23223804
vm-io-20261002-201718.log,683253,2026-10-03T12:44:00,normal,214,214,4554752,299113
vm-io-20261002-201718.log,683253,2026-10-03T12:44:00,compaction,49,49,205520896,12539717
vm-io-20261002-201718.log,683253,2026-10-03T12:45:00,normal,155,155,4562944,241408
vm-io-20261002-201718.log,683253,2026-10-03T12:45:00,compaction,77,77,322961408,43205674
vm-io-20261002-201718.log,683253,2026-10-03T12:46:00,normal,82,82,2109440,116334
vm-io-20261002-201718.log,683253,2026-10-03T12:46:00,compaction,40,40,167772160,14630350
vm-io-20261002-201718.log,683253,2026-10-03T12:47:00,compaction,103,103,431329280,60694587
vm-io-20261002-201718.log,683253,2026-10-03T12:47:00,normal,140,140,2404352,170387
vm-io-20261002-201718.log,683253,2026-10-03T12:48:00,normal,154,154,4071424,230964
vm-io-20261002-201718.log,683253,2026-10-03T12:48:00,compaction,127,127,532676608,140087524
vm-io-20261002-201718.log,683253,2026-10-03T12:49:00,normal,77,77,1658880,105310
vm-io-20261002-201718.log,683253,2026-10-03T12:49:00,compaction,151,151,633339904,65295770
vm-io-20261002-201718.log,683253,2026-10-03T12:50:00,normal,37,37,1675264,75071
vm-io-20261002-201718.log,683253,2026-10-03T12:50:00,compaction,233,233,977272832,119969042
vm-io-20261002-201718.log,683253,2026-10-03T12:51:00,normal,38,38,1048576,56070
vm-io-20261002-201718.log,683253,2026-10-03T12:51:00,compaction,200,200,836079616,116143009
vm-io-20261002-201718.log,683253,2026-10-03T12:52:00,compaction,146,146,609329152,80384252
vm-io-20261002-201718.log,683253,2026-10-03T12:52:00,normal,66,66,851968,62416
vm-io-20261002-201718.log,683253,2026-10-03T12:53:00,normal,284,284,4055040,454924
vm-io-20261002-201718.log,683253,2026-10-03T12:54:00,normal,132,132,1024000,184523
vm-io-20261002-201718.log,683253,2026-10-03T13:14:00,compaction,207,207,868220928,407054654
vm-io-20261002-201718.log,683253,2026-10-03T13:15:00,compaction,154,154,643891200,90324748
vm-io-20261002-201718.log,683253,2026-10-03T13:16:00,compaction,63,63,264241152,25756265
vm-io-20261002-201718.log,683253,2026-10-03T13:17:00,compaction,86,86,360382464,48744118
vm-io-20261002-201718.log,683253,2026-10-03T13:18:00,compaction,80,80,335544320,44580727
vm-io-20261002-201718.log,683253,2026-10-03T13:19:00,compaction,69,69,289406976,72899247
vm-io-20261002-201718.log,683253,2026-10-03T13:20:00,compaction,65,65,272629760,64779936
vm-io-20261002-201718.log,683253,2026-10-03T13:21:00,compaction,94,94,391467008,147409964
vm-io-20261002-201718.log,683253,2026-10-03T13:22:00,compaction,130,130,540762112,161475617
vm-io-20261003-142854.log,1156153,2026-10-03T14:30:00,normal,2,2,8192,329
vm-io-20261003-142854.log,1156153,2026-10-03T14:30:00,compaction,16,16,67108864,4539206
vm-io-20261003-142854.log,1156153,2026-10-03T14:31:00,normal,21,21,131072,8871
vm-io-20261003-142854.log,1156153,2026-10-03T14:31:00,compaction,34,34,142606336,10785814
vm-io-20261003-142854.log,1156153,2026-10-03T14:32:00,compaction,142,142,595591168,51748577
vm-io-20261003-142854.log,1156153,2026-10-03T14:32:00,normal,120,120,1863680,241431
vm-io-20261003-142854.log,1156153,2026-10-03T14:33:00,compaction,149,149,618565632,65030355
vm-io-20261003-142854.log,1156153,2026-10-03T14:33:00,normal,98,98,1495040,164501
vm-io-20261003-142854.log,1156153,2026-10-03T14:34:00,normal,68,68,1155072,137749
vm-io-20261003-142854.log,1156153,2026-10-03T14:34:00,compaction,186,186,777089024,109385046
vm-io-20261003-142854.log,1156153,2026-10-03T14:35:00,normal,72,72,1302528,148298
vm-io-20261003-142854.log,1156153,2026-10-03T14:35:00,compaction,118,118,492896256,53057803
vm-io-20261003-142854.log,1156153,2026-10-03T14:36:00,compaction,214,214,889315328,161818286
vm-io-20261003-142854.log,1156153,2026-10-03T14:36:00,normal,25,25,2867200,31282
vm-io-20261003-142854.log,1156153,2026-10-03T14:37:00,compaction,238,238,998244352,222022712
vm-io-20261003-142854.log,1156153,2026-10-03T14:37:00,normal,54,54,1085440,16753
vm-io-20261003-142854.log,1156153,2026-10-03T14:38:00,normal,134,134,2134016,345066
vm-io-20261003-142854.log,1156153,2026-10-03T14:38:00,compaction,57,57,239075328,50725911
vm-io-20261003-142854.log,1156153,2026-10-03T14:39:00,compaction,149,149,623259648,88051264
vm-io-20261003-142854.log,1156153,2026-10-03T14:39:00,normal,24,24,868352,205176
vm-io-20261003-142854.log,1156153,2026-10-03T14:40:00,compaction,96,96,402653184,104169751
vm-io-20261003-142854.log,1156153,2026-10-03T14:40:00,normal,192,183,6361088,3397867
vm-io-20261003-142854.log,1156153,2026-10-03T14:41:00,normal,189,189,6807552,2821122
vm-io-20261003-142854.log,1156153,2026-10-03T14:41:00,compaction,96,96,402653184,63286376
vm-io-20261003-142854.log,1156153,2026-10-03T14:42:00,normal,262,262,3452928,390717
vm-io-20261003-142854.log,1156153,2026-10-03T14:42:00,compaction,48,48,201326592,63970082
vm-io-20261003-142854.log,1156153,2026-10-03T14:43:00,normal,245,245,5328896,307323
vm-io-20261003-142854.log,1156153,2026-10-03T14:43:00,compaction,16,16,67108864,4418463
vm-io-20261003-142854.log,1156153,2026-10-03T14:44:00,normal,148,148,2514944,130574
vm-io-20261003-142854.log,1156153,2026-10-03T14:44:00,compaction,64,64,268435456,21348100
vm-io-20261003-142854.log,1156153,2026-10-03T14:45:00,normal,243,243,6217728,294300
vm-io-20261003-142854.log,1156153,2026-10-03T14:45:00,compaction,49,49,205520896,49161584
vm-io-20261003-142854.log,1156153,2026-10-03T14:46:00,compaction,77,76,319033344,18448682
vm-io-20261003-142854.log,1156153,2026-10-03T14:46:00,normal,36,20,253952,28663
vm-io-20261003-142854.log,1156153,2026-10-03T14:47:00,compaction,30,30,125829120,10681868
vm-io-20261003-142854.log,1156153,2026-10-03T14:47:00,normal,53,35,327680,31972
vm-io-20261003-142854.log,1156153,2026-10-03T14:48:00,compaction,71,71,297795584,25322319
vm-io-20261003-142854.log,1156153,2026-10-03T14:48:00,normal,162,162,2494464,203900
vm-io-20261003-142854.log,1156153,2026-10-03T14:49:00,compaction,73,73,306184192,25234820
vm-io-20261003-142854.log,1156153,2026-10-03T14:49:00,normal,205,205,4214784,245705
vm-io-20261003-142854.log,1156153,2026-10-03T14:50:00,compaction,45,45,187166720,13215613
vm-io-20261003-142854.log,1156153,2026-10-03T14:50:00,normal,305,305,4788224,316050
vm-io-20261003-142854.log,1156153,2026-10-03T14:51:00,normal,119,119,1994752,124637
vm-io-20261003-142854.log,1156153,2026-10-03T14:51:00,compaction,85,85,354885632,86080538
vm-io-20261003-142854.log,1156153,2026-10-03T14:52:00,normal,154,138,1916928,173073
vm-io-20261003-142854.log,1156153,2026-10-03T14:52:00,compaction,16,16,67108864,4399688
vm-io-20261003-142854.log,1156153,2026-10-03T14:53:00,normal,59,56,348160,38133
vm-io-20261003-142854.log,1156153,2026-10-03T14:53:00,compaction,53,53,222298112,17761137
vm-io-20261003-142854.log,1156153,2026-10-03T14:54:00,compaction,59,59,247463936,17810713
vm-io-20261003-142854.log,1156153,2026-10-03T14:54:00,normal,120,120,3444736,139379
vm-io-20261003-142854.log,1156153,2026-10-03T14:55:00,normal,239,239,3985408,260313
vm-io-20261003-142854.log,1156153,2026-10-03T14:56:00,normal,104,100,1908736,125457
vm-io-20261003-142854.log,1156153,2026-10-03T14:56:00,compaction,64,64,268435456,23874009
vm-io-20261003-142854.log,1156153,2026-10-03T14:57:00,compaction,16,16,67108864,40555050
vm-io-20261003-142854.log,1156153,2026-10-03T14:57:00,normal,114,104,3149824,117764
vm-io-20261003-142854.log,1156153,2026-10-03T14:58:00,normal,160,160,2203648,159696
vm-io-20261003-142854.log,1156153,2026-10-03T14:58:00,compaction,48,48,201326592,19315926
vm-io-20261003-142854.log,1156153,2026-10-03T14:59:00,compaction,48,48,201326592,12578404
vm-io-20261003-142854.log,1156153,2026-10-03T14:59:00,normal,203,203,4382720,220902
vm-io-20261003-142854.log,1156153,2026-10-03T15:00:00,normal,116,116,2076672,134753
vm-io-20261003-142854.log,1156153,2026-10-03T15:00:00,compaction,72,72,301989888,57548699
vm-io-20261003-142854.log,1156153,2026-10-03T15:01:00,normal,90,90,1740800,113993
vm-io-20261003-142854.log,1156153,2026-10-03T15:01:00,compaction,118,118,493436928,90695583
vm-io-20261003-142854.log,1156153,2026-10-03T15:02:00,compaction,47,47,197132288,78103675
vm-io-20261003-142854.log,1156153,2026-10-03T15:02:00,normal,105,104,2449408,103334
vm-io-20261003-142854.log,1156153,2026-10-03T15:03:00,compaction,123,123,512233472,72933213
vm-io-20261003-142854.log,1156153,2026-10-03T15:03:00,normal,24,24,270336,27885
vm-io-20261003-142854.log,1156153,2026-10-03T15:04:00,normal,95,80,1105920,111586
vm-io-20261003-142854.log,1156153,2026-10-03T15:04:00,compaction,127,127,527556608,35596583
vm-io-20261003-142854.log,1156153,2026-10-03T15:05:00,compaction,89,89,373293056,66524325
vm-io-20261003-142854.log,1156153,2026-10-03T15:05:00,normal,95,95,2859008,142904
vm-io-20261003-142854.log,1156153,2026-10-03T15:06:00,normal,81,64,83161088,5422124
vm-io-20261003-142854.log,1156153,2026-10-03T15:06:00,compaction,32,32,134217728,8176941
vm-io-20261003-142854.log,1156153,2026-10-03T15:07:00,normal,75,75,2019328,85816
vm-io-20261003-142854.log,1156153,2026-10-03T15:07:00,compaction,87,87,364904448,38358023
vm-io-20261003-142854.log,1156153,2026-10-03T15:08:00,compaction,25,25,104857600,8125811
vm-io-20261003-142854.log,1156153,2026-10-03T15:08:00,normal,225,225,3133440,189576
vm-io-20261003-142854.log,1156153,2026-10-03T15:09:00,normal,196,196,2707456,201704
vm-io-20261003-142854.log,1156153,2026-10-03T15:09:00,compaction,59,59,247463936,21059130
vm-io-20261003-142854.log,1156153,2026-10-03T15:10:00,compaction,53,53,222298112,47109088
vm-io-20261003-142854.log,1156153,2026-10-03T15:10:00,normal,92,92,2662400,104519
vm-io-20261003-142854.log,1156153,2026-10-03T15:11:00,normal,162,162,2605056,178483
vm-io-20261003-142854.log,1156153,2026-10-03T15:11:00,compaction,65,65,272629760,17176786
vm-io-20261003-142854.log,1156153,2026-10-03T15:12:00,compaction,15,15,62914560,8767305
vm-io-20261003-142854.log,1156153,2026-10-03T15:12:00,normal,141,123,2076672,165167
vm-io-20261003-142854.log,1156153,2026-10-03T15:13:00,normal,96,95,999424,72940
vm-io-20261003-142854.log,1156153,2026-10-03T15:13:00,compaction,31,31,130023424,9002290
vm-io-20261003-142854.log,1156153,2026-10-03T15:14:00,compaction,52,52,218103808,19076311
vm-io-20261003-142854.log,1156153,2026-10-03T15:14:00,normal,203,203,3932160,254159
vm-io-20261003-142854.log,1156153,2026-10-03T15:15:00,normal,137,126,2609152,154625
vm-io-20261003-142854.log,1156153,2026-10-03T15:15:00,compaction,3,2,11026432,826489
vm-io-20261003-142854.log,1156153,2026-10-03T15:16:00,normal,43,40,1982464,67260
vm-io-20261003-142854.log,1156153,2026-10-03T15:16:00,compaction,83,79,348127232,77871016
vm-io-20261003-142854.log,1156153,2026-10-03T15:17:00,normal,28,27,917504,45541
vm-io-20261003-142854.log,1156153,2026-10-03T15:17:00,compaction,142,142,594227200,93948957
vm-io-20261003-142854.log,1156153,2026-10-03T15:18:00,normal,282,282,4784128,368159
vm-io-20261003-142854.log,1156153,2026-10-03T15:18:00,compaction,48,48,201326592,17944817
vm-io-20261003-142854.log,1156153,2026-10-03T15:19:00,normal,177,176,2027520,182198
vm-io-20261003-142854.log,1156153,2026-10-03T15:19:00,compaction,30,30,125829120,6079170
vm-io-20261003-142854.log,1156153,2026-10-03T15:20:00,normal,58,58,1699840,76502
vm-io-20261003-142854.log,1156153,2026-10-03T15:20:00,compaction,66,66,276824064,24967547
vm-io-20261003-142854.log,1156153,2026-10-03T15:21:00,normal,73,73,2174976,125325
vm-io-20261003-142854.log,1156153,2026-10-03T15:21:00,compaction,48,48,201326592,15719009
vm-io-20261003-142854.log,1156153,2026-10-03T15:22:00,normal,53,43,720896,68356
vm-io-20261003-142854.log,1156153,2026-10-03T15:22:00,compaction,53,53,222298112,23297144
vm-io-20261003-142854.log,1156153,2026-10-03T15:23:00,compaction,99,99,411758592,29061627
vm-io-20261003-142854.log,1156153,2026-10-03T15:23:00,normal,196,196,2949120,164705
vm-io-20261003-142854.log,1156153,2026-10-03T15:24:00,normal,232,232,2998272,231885
vm-io-20261003-142854.log,1156153,2026-10-03T15:24:00,compaction,39,39,163577856,15316152
vm-io-20261003-142854.log,1156153,2026-10-03T15:25:00,normal,158,158,39059456,2491871
vm-io-20261003-142854.log,1156153,2026-10-03T15:25:00,compaction,25,25,104857600,7926812
vm-io-20261003-142854.log,1156153,2026-10-03T15:26:00,normal,187,187,1634304,209678
vm-io-20261003-142854.log,1156153,2026-10-03T15:26:00,compaction,64,64,268435456,22092717
vm-io-20261003-142854.log,1156153,2026-10-03T15:27:00,normal,379,379,6971392,400864
vm-io-20261003-142854.log,1156153,2026-10-03T15:27:00,compaction,32,32,134217728,14850854
vm-io-20261003-142854.log,1156153,2026-10-03T15:28:00,normal,172,172,2490368,175826
vm-io-20261003-142854.log,1156153,2026-10-03T15:28:00,compaction,48,48,201326592,21454636
vm-io-20261003-142854.log,1156153,2026-10-03T15:29:00,normal,46,46,827392,62171
vm-io-20261003-142854.log,1156153,2026-10-03T15:29:00,compaction,32,32,134217728,7241790
vm-io-20261003-142854.log,1156153,2026-10-03T15:30:00,normal,118,118,1568768,140816
vm-io-20261003-142854.log,1156153,2026-10-03T15:30:00,compaction,96,96,402653184,32436383
vm-io-20261003-142854.log,1156153,2026-10-03T15:31:00,normal,314,314,5668864,354952
vm-io-20261003-142854.log,1156153,2026-10-03T15:31:00,compaction,27,27,113246208,11613451
vm-io-20261003-142854.log,1156153,2026-10-03T15:32:00,compaction,5,5,20971520,1363414
vm-io-20261003-142854.log,1156153,2026-10-03T15:32:00,normal,271,271,4284416,272926
vm-io-20261003-142854.log,1156153,2026-10-03T15:33:00,normal,20,20,163840,16409
