# github.com/mattn/go-sqlite3
sqlite3-binding.c: In function ‘sqlite3ShadowTableName’:
sqlite3-binding.c:123934:9: warning: assignment discards ‘const’ qualifier from pointer target type [-Wdiscarded-qualifiers]
123934 |   zTail = strrchr(zName, '_');
       |         ^

Mockey check failed, please add -gcflags="all=-N -l".
(Set env MOCKEY_CHECK_GCFLAGS=false to disable gcflags check) 
		
2026/10/02 18:42:31.210855 juicefs[629908] <WARNING>: unknown cache eviction policy: "", fallback to 2-random [newCacheStore@disk_cache.go:119]
2026/10/02 18:42:31.211206 juicefs[629908] <INFO>: Disk cache (/home/kwatanabe/.jfs-chunk-test-bs7J3D/diskCache-629908/): used ratio - [space 19.5%, inode 4.4%] [newCacheStore@disk_cache.go:154]
2026/10/02 18:42:31.211273 juicefs[629908] <INFO>: Adjusted max items based on freeratio: from 0 to 60397976 items [setLimitByFreeRatio@disk_cache.go:191]
==================
WARNING: DATA RACE
Read at 0x00c00049090a by goroutine 50:
  github.com/juicedata/juicefs/pkg/chunk.(*cacheStore).cache()
      /home/kwatanabe/tmp_local/juicefs_inspection/juicefs/pkg/chunk/disk_cache.go:448 +0x90
  github.com/juicedata/juicefs/pkg/chunk.(*cacheManager).cache()
      /home/kwatanabe/tmp_local/juicefs_inspection/juicefs/pkg/chunk/disk_cache.go:1290 +0x6d
  github.com/juicedata/juicefs/pkg/chunk.(*cachedStore).upload()
      /home/kwatanabe/tmp_local/juicefs_inspection/juicefs/pkg/chunk/cached_store.go:365 +0x202
  github.com/juicedata/juicefs/pkg/chunk.(*wSlice).upload.func1()
      /home/kwatanabe/tmp_local/juicefs_inspection/juicefs/pkg/chunk/cached_store.go:485 +0x989

Previous write at 0x00c00049090a by goroutine 43:
  github.com/juicedata/juicefs/pkg/chunk.(*cacheStore).checkFreeSpace()
      /home/kwatanabe/tmp_local/juicefs_inspection/juicefs/pkg/chunk/disk_cache.go:357 +0x1ba
  github.com/juicedata/juicefs/pkg/chunk.newCacheStore.gowrap3()
      /home/kwatanabe/tmp_local/juicefs_inspection/juicefs/pkg/chunk/disk_cache.go:162 +0x33

Goroutine 50 (running) created at:
  github.com/juicedata/juicefs/pkg/chunk.(*wSlice).upload()
      /home/kwatanabe/tmp_local/juicefs_inspection/juicefs/pkg/chunk/cached_store.go:403 +0x393
  github.com/juicedata/juicefs/pkg/chunk.(*wSlice).FlushTo()
      /home/kwatanabe/tmp_local/juicefs_inspection/juicefs/pkg/chunk/cached_store.go:506 +0x1e4
  github.com/juicedata/juicefs/pkg/chunk.(*wSlice).Finish()
      /home/kwatanabe/tmp_local/juicefs_inspection/juicefs/pkg/chunk/cached_store.go:521 +0x138
  github.com/juicedata/juicefs/pkg/chunk.testStore()
      /home/kwatanabe/tmp_local/juicefs_inspection/juicefs/pkg/chunk/cached_store_test.go:60 +0x43c
  github.com/juicedata/juicefs/pkg/chunk.TestStoreDefault()
      /home/kwatanabe/tmp_local/juicefs_inspection/juicefs/pkg/chunk/cached_store_test.go:126 +0x113
  testing.tRunner()
      /home/kwatanabe/.goenv/versions/1.25.11/src/testing/testing.go:1934 +0x21c
  testing.(*T).Run.gowrap1()
      /home/kwatanabe/.goenv/versions/1.25.11/src/testing/testing.go:1997 +0x44

Goroutine 43 (running) created at:
  github.com/juicedata/juicefs/pkg/chunk.newCacheStore()
      /home/kwatanabe/tmp_local/juicefs_inspection/juicefs/pkg/chunk/disk_cache.go:162 +0x108a
  github.com/juicedata/juicefs/pkg/chunk.newCacheManager()
      /home/kwatanabe/tmp_local/juicefs_inspection/juicefs/pkg/chunk/disk_cache.go:1182 +0xa15
  github.com/juicedata/juicefs/pkg/chunk.NewCachedStore()
      /home/kwatanabe/tmp_local/juicefs_inspection/juicefs/pkg/chunk/cached_store.go:887 +0xcb4
  github.com/juicedata/juicefs/pkg/chunk.TestStoreDefault()
      /home/kwatanabe/tmp_local/juicefs_inspection/juicefs/pkg/chunk/cached_store_test.go:125 +0xf0
  testing.tRunner()
      /home/kwatanabe/.goenv/versions/1.25.11/src/testing/testing.go:1934 +0x21c
  testing.(*T).Run.gowrap1()
      /home/kwatanabe/.goenv/versions/1.25.11/src/testing/testing.go:1997 +0x44
==================
==================
WARNING: DATA RACE
Read at 0x00c000502b10 by goroutine 42:
  github.com/juicedata/juicefs/pkg/chunk.(*cacheStore).flush()
      /home/kwatanabe/tmp_local/juicefs_inspection/juicefs/pkg/chunk/disk_cache.go:749 +0x212
  github.com/juicedata/juicefs/pkg/chunk.newCacheStore.gowrap2()
      /home/kwatanabe/tmp_local/juicefs_inspection/juicefs/pkg/chunk/disk_cache.go:161 +0x33

Previous write at 0x00c000502b10 by goroutine 50:
  github.com/juicedata/juicefs/pkg/chunk.(*cachedStore).upload()
      /home/kwatanabe/tmp_local/juicefs_inspection/juicefs/pkg/chunk/cached_store.go:372 +0x335
  github.com/juicedata/juicefs/pkg/chunk.(*wSlice).upload.func1()
      /home/kwatanabe/tmp_local/juicefs_inspection/juicefs/pkg/chunk/cached_store.go:485 +0x989

Goroutine 42 (running) created at:
  github.com/juicedata/juicefs/pkg/chunk.newCacheStore()
      /home/kwatanabe/tmp_local/juicefs_inspection/juicefs/pkg/chunk/disk_cache.go:161 +0x100a
  github.com/juicedata/juicefs/pkg/chunk.newCacheManager()
      /home/kwatanabe/tmp_local/juicefs_inspection/juicefs/pkg/chunk/disk_cache.go:1182 +0xa15
  github.com/juicedata/juicefs/pkg/chunk.NewCachedStore()
      /home/kwatanabe/tmp_local/juicefs_inspection/juicefs/pkg/chunk/cached_store.go:887 +0xcb4
  github.com/juicedata/juicefs/pkg/chunk.TestStoreDefault()
      /home/kwatanabe/tmp_local/juicefs_inspection/juicefs/pkg/chunk/cached_store_test.go:125 +0xf0
  testing.tRunner()
      /home/kwatanabe/.goenv/versions/1.25.11/src/testing/testing.go:1934 +0x21c
  testing.(*T).Run.gowrap1()
      /home/kwatanabe/.goenv/versions/1.25.11/src/testing/testing.go:1997 +0x44

Goroutine 50 (running) created at:
  github.com/juicedata/juicefs/pkg/chunk.(*wSlice).upload()
      /home/kwatanabe/tmp_local/juicefs_inspection/juicefs/pkg/chunk/cached_store.go:403 +0x393
  github.com/juicedata/juicefs/pkg/chunk.(*wSlice).FlushTo()
      /home/kwatanabe/tmp_local/juicefs_inspection/juicefs/pkg/chunk/cached_store.go:506 +0x1e4
  github.com/juicedata/juicefs/pkg/chunk.(*wSlice).Finish()
      /home/kwatanabe/tmp_local/juicefs_inspection/juicefs/pkg/chunk/cached_store.go:521 +0x138
  github.com/juicedata/juicefs/pkg/chunk.testStore()
      /home/kwatanabe/tmp_local/juicefs_inspection/juicefs/pkg/chunk/cached_store_test.go:60 +0x43c
  github.com/juicedata/juicefs/pkg/chunk.TestStoreDefault()
      /home/kwatanabe/tmp_local/juicefs_inspection/juicefs/pkg/chunk/cached_store_test.go:126 +0x113
  testing.tRunner()
      /home/kwatanabe/.goenv/versions/1.25.11/src/testing/testing.go:1934 +0x21c
  testing.(*T).Run.gowrap1()
      /home/kwatanabe/.goenv/versions/1.25.11/src/testing/testing.go:1997 +0x44
==================
==================
WARNING: DATA RACE
Read at 0x00c000d1a000 by goroutine 42:
  runtime.racereadrange()
      <autogenerated>:1 +0x24
  internal/poll.ignoringEINTRIO()
      /home/kwatanabe/.goenv/versions/1.25.11/src/internal/poll/fd_unix.go:738 +0x561
  internal/poll.(*FD).Write()
      /home/kwatanabe/.goenv/versions/1.25.11/src/internal/poll/fd_unix.go:374 +0x31b
  os.(*File).write()
      /home/kwatanabe/.goenv/versions/1.25.11/src/os/file_posix.go:46 +0xa4
  os.(*File).Write()
      /home/kwatanabe/.goenv/versions/1.25.11/src/os/file.go:215 +0x75
  github.com/juicedata/juicefs/pkg/chunk.(*cacheStore).flushPage.(*cacheStore).writeFile.func5()
      /home/kwatanabe/tmp_local/juicefs_inspection/juicefs/pkg/chunk/disk_cache.go:325 +0x54
  github.com/juicedata/juicefs/pkg/chunk.(*cacheStore).checkErr()
      /home/kwatanabe/tmp_local/juicefs_inspection/juicefs/pkg/chunk/disk_cache.go:267 +0x28a
  github.com/juicedata/juicefs/pkg/chunk.(*cacheStore).writeFile()
      /home/kwatanabe/tmp_local/juicefs_inspection/juicefs/pkg/chunk/disk_cache.go:324 +0x90a
  github.com/juicedata/juicefs/pkg/chunk.(*cacheStore).flushPage()
      /home/kwatanabe/tmp_local/juicefs_inspection/juicefs/pkg/chunk/disk_cache.go:540 +0x80d
  github.com/juicedata/juicefs/pkg/chunk.(*cacheStore).flush()
      /home/kwatanabe/tmp_local/juicefs_inspection/juicefs/pkg/chunk/disk_cache.go:749 +0x246
  github.com/juicedata/juicefs/pkg/chunk.newCacheStore.gowrap2()
      /home/kwatanabe/tmp_local/juicefs_inspection/juicefs/pkg/chunk/disk_cache.go:161 +0x33

Previous write at 0x00c000d1a000 by goroutine 50:
  runtime.slicecopy()
      /home/kwatanabe/.goenv/versions/1.25.11/src/runtime/slice.go:355 +0x0
  github.com/juicedata/juicefs/pkg/compress.noOp.Compress()
      /home/kwatanabe/tmp_local/juicefs_inspection/juicefs/pkg/compress/compress.go:59 +0x111
  github.com/juicedata/juicefs/pkg/compress.(*noOp).Compress()
      <autogenerated>:1 +0x84
  github.com/juicedata/juicefs/pkg/chunk.(*cachedStore).upload()
      /home/kwatanabe/tmp_local/juicefs_inspection/juicefs/pkg/chunk/cached_store.go:367 +0x2cc
  github.com/juicedata/juicefs/pkg/chunk.(*wSlice).upload.func1()
      /home/kwatanabe/tmp_local/juicefs_inspection/juicefs/pkg/chunk/cached_store.go:485 +0x989

Goroutine 42 (running) created at:
  github.com/juicedata/juicefs/pkg/chunk.newCacheStore()
      /home/kwatanabe/tmp_local/juicefs_inspection/juicefs/pkg/chunk/disk_cache.go:161 +0x100a
  github.com/juicedata/juicefs/pkg/chunk.newCacheManager()
      /home/kwatanabe/tmp_local/juicefs_inspection/juicefs/pkg/chunk/disk_cache.go:1182 +0xa15
  github.com/juicedata/juicefs/pkg/chunk.NewCachedStore()
      /home/kwatanabe/tmp_local/juicefs_inspection/juicefs/pkg/chunk/cached_store.go:887 +0xcb4
  github.com/juicedata/juicefs/pkg/chunk.TestStoreDefault()
      /home/kwatanabe/tmp_local/juicefs_inspection/juicefs/pkg/chunk/cached_store_test.go:125 +0xf0
  testing.tRunner()
      /home/kwatanabe/.goenv/versions/1.25.11/src/testing/testing.go:1934 +0x21c
  testing.(*T).Run.gowrap1()
      /home/kwatanabe/.goenv/versions/1.25.11/src/testing/testing.go:1997 +0x44

Goroutine 50 (finished) created at:
  github.com/juicedata/juicefs/pkg/chunk.(*wSlice).upload()
      /home/kwatanabe/tmp_local/juicefs_inspection/juicefs/pkg/chunk/cached_store.go:403 +0x393
  github.com/juicedata/juicefs/pkg/chunk.(*wSlice).FlushTo()
      /home/kwatanabe/tmp_local/juicefs_inspection/juicefs/pkg/chunk/cached_store.go:506 +0x1e4
  github.com/juicedata/juicefs/pkg/chunk.(*wSlice).Finish()
      /home/kwatanabe/tmp_local/juicefs_inspection/juicefs/pkg/chunk/cached_store.go:521 +0x138
  github.com/juicedata/juicefs/pkg/chunk.testStore()
      /home/kwatanabe/tmp_local/juicefs_inspection/juicefs/pkg/chunk/cached_store_test.go:60 +0x43c
  github.com/juicedata/juicefs/pkg/chunk.TestStoreDefault()
      /home/kwatanabe/tmp_local/juicefs_inspection/juicefs/pkg/chunk/cached_store_test.go:126 +0x113
  testing.tRunner()
      /home/kwatanabe/.goenv/versions/1.25.11/src/testing/testing.go:1934 +0x21c
  testing.(*T).Run.gowrap1()
      /home/kwatanabe/.goenv/versions/1.25.11/src/testing/testing.go:1997 +0x44
==================
--- FAIL: TestStoreDefault (0.15s)
    testing.go:1617: race detected during execution of test
2026/10/02 18:42:31.523594 juicefs[629908] <WARNING>: unknown cache eviction policy: "", fallback to 2-random [newCacheStore@disk_cache.go:119]
2026/10/02 18:42:31.523939 juicefs[629908] <INFO>: Disk cache (/home/kwatanabe/.jfs-chunk-test-bs7J3D/diskCache-629908/): used ratio - [space 19.5%, inode 4.4%] [newCacheStore@disk_cache.go:154]
2026/10/02 18:42:31.524005 juicefs[629908] <INFO>: Adjusted max items based on freeratio: from 0 to 60397976 items [setLimitByFreeRatio@disk_cache.go:191]
2026/10/02 18:42:31.644800 juicefs[629908] <WARNING>: unknown cache eviction policy: "", fallback to 2-random [newCacheStore@disk_cache.go:119]
2026/10/02 18:42:31.644962 juicefs[629908] <INFO>: Disk cache (/home/kwatanabe/.jfs-chunk-test-bs7J3D/diskCache-629908/): used ratio - [space 19.5%, inode 4.4%] [newCacheStore@disk_cache.go:154]
2026/10/02 18:42:31.645024 juicefs[629908] <INFO>: Adjusted max items based on freeratio: from 0 to 60397976 items [setLimitByFreeRatio@disk_cache.go:191]
2026/10/02 18:42:35.747235 juicefs[629908] <WARNING>: unknown cache eviction policy: "", fallback to 2-random [newCacheStore@disk_cache.go:119]
2026/10/02 18:42:35.747447 juicefs[629908] <WARNING>: not enough space (80%) or inodes (95%) for caching in /home/kwatanabe/.jfs-chunk-test-bs7J3D/diskCache-629908/: free ratio should be >= 99% [newCacheStore@disk_cache.go:152]
2026/10/02 18:42:35.747544 juicefs[629908] <INFO>: Disk cache (/home/kwatanabe/.jfs-chunk-test-bs7J3D/diskCache-629908/): used ratio - [space 19.5%, inode 4.4%] [newCacheStore@disk_cache.go:154]
2026/10/02 18:42:35.747611 juicefs[629908] <INFO>: Adjusted max items based on freeratio: from 0 to 6712 items [setLimitByFreeRatio@disk_cache.go:191]
==================
WARNING: DATA RACE
Write at 0x00c000a7a368 by goroutine 186:
  github.com/juicedata/juicefs/pkg/chunk.(*cacheStore).scanCached()
      /home/kwatanabe/tmp_local/juicefs_inspection/juicefs/pkg/chunk/disk_cache.go:1017 +0x468
  github.com/juicedata/juicefs/pkg/chunk.(*cacheStore).refreshCacheKeys()
      /home/kwatanabe/tmp_local/juicefs_inspection/juicefs/pkg/chunk/disk_cache.go:422 +0x4f
  github.com/juicedata/juicefs/pkg/chunk.newCacheStore.gowrap5()
      /home/kwatanabe/tmp_local/juicefs_inspection/juicefs/pkg/chunk/disk_cache.go:166 +0x33

Previous read at 0x00c000a7a368 by goroutine 185:
  github.com/juicedata/juicefs/pkg/chunk.(*cacheStore).uploadStaging()
      /home/kwatanabe/tmp_local/juicefs_inspection/juicefs/pkg/chunk/disk_cache.go:900 +0x46
  github.com/juicedata/juicefs/pkg/chunk.(*cacheStore).checkFreeSpace()
      /home/kwatanabe/tmp_local/juicefs_inspection/juicefs/pkg/chunk/disk_cache.go:367 +0x4de
  github.com/juicedata/juicefs/pkg/chunk.newCacheStore.gowrap3()
      /home/kwatanabe/tmp_local/juicefs_inspection/juicefs/pkg/chunk/disk_cache.go:162 +0x33

Goroutine 186 (running) created at:
  github.com/juicedata/juicefs/pkg/chunk.newCacheStore()
      /home/kwatanabe/tmp_local/juicefs_inspection/juicefs/pkg/chunk/disk_cache.go:166 +0x11aa
  github.com/juicedata/juicefs/pkg/chunk.newCacheManager()
      /home/kwatanabe/tmp_local/juicefs_inspection/juicefs/pkg/chunk/disk_cache.go:1182 +0xa15
  github.com/juicedata/juicefs/pkg/chunk.NewCachedStore()
      /home/kwatanabe/tmp_local/juicefs_inspection/juicefs/pkg/chunk/cached_store.go:887 +0xcb4
  github.com/juicedata/juicefs/pkg/chunk.TestStoreFull()
      /home/kwatanabe/tmp_local/juicefs_inspection/juicefs/pkg/chunk/cached_store_test.go:170 +0xeb
  testing.tRunner()
      /home/kwatanabe/.goenv/versions/1.25.11/src/testing/testing.go:1934 +0x21c
  testing.(*T).Run.gowrap1()
      /home/kwatanabe/.goenv/versions/1.25.11/src/testing/testing.go:1997 +0x44

Goroutine 185 (running) created at:
  github.com/juicedata/juicefs/pkg/chunk.newCacheStore()
      /home/kwatanabe/tmp_local/juicefs_inspection/juicefs/pkg/chunk/disk_cache.go:162 +0x108a
  github.com/juicedata/juicefs/pkg/chunk.newCacheManager()
      /home/kwatanabe/tmp_local/juicefs_inspection/juicefs/pkg/chunk/disk_cache.go:1182 +0xa15
  github.com/juicedata/juicefs/pkg/chunk.NewCachedStore()
      /home/kwatanabe/tmp_local/juicefs_inspection/juicefs/pkg/chunk/cached_store.go:887 +0xcb4
  github.com/juicedata/juicefs/pkg/chunk.TestStoreFull()
      /home/kwatanabe/tmp_local/juicefs_inspection/juicefs/pkg/chunk/cached_store_test.go:170 +0xeb
  testing.tRunner()
      /home/kwatanabe/.goenv/versions/1.25.11/src/testing/testing.go:1934 +0x21c
  testing.(*T).Run.gowrap1()
      /home/kwatanabe/.goenv/versions/1.25.11/src/testing/testing.go:1997 +0x44
==================
--- FAIL: TestStoreFull (0.15s)
    testing.go:1617: race detected during execution of test
2026/10/02 18:42:35.897618 juicefs[629908] <WARNING>: unknown cache eviction policy: "", fallback to 2-random [newCacheStore@disk_cache.go:119]
2026/10/02 18:42:35.897742 juicefs[629908] <INFO>: Disk cache (/home/kwatanabe/.jfs-chunk-test-bs7J3D/diskCache-629908/): used ratio - [space 19.5%, inode 4.4%] [newCacheStore@disk_cache.go:154]
2026/10/02 18:42:35.897790 juicefs[629908] <INFO>: Adjusted max items based on freeratio: from 0 to 60397976 items [setLimitByFreeRatio@disk_cache.go:191]
2026/10/02 18:42:36.045444 juicefs[629908] <WARNING>: unknown cache eviction policy: "", fallback to 2-random [newCacheStore@disk_cache.go:119]
2026/10/02 18:42:36.045559 juicefs[629908] <INFO>: Disk cache (/home/kwatanabe/.jfs-chunk-test-bs7J3D/diskCache-629908/): used ratio - [space 19.5%, inode 4.4%] [newCacheStore@disk_cache.go:154]
2026/10/02 18:42:36.045605 juicefs[629908] <INFO>: Adjusted max items based on freeratio: from 0 to 60397976 items [setLimitByFreeRatio@disk_cache.go:191]
2026/10/02 18:42:36.046348 juicefs[629908] <INFO>: Found 1 staging blocks (4 B) in /home/kwatanabe/.jfs-chunk-test-bs7J3D/diskCache-629908/ with 543.24µs [scanStaging@disk_cache.go:1074]
2026/10/02 18:42:36.246217 juicefs[629908] <WARNING>: unknown cache eviction policy: "", fallback to 2-random [newCacheStore@disk_cache.go:119]
2026/10/02 18:42:36.246479 juicefs[629908] <INFO>: Disk cache (/home/kwatanabe/.jfs-chunk-test-bs7J3D/diskCache-629908/): used ratio - [space 19.5%, inode 4.4%] [newCacheStore@disk_cache.go:154]
2026/10/02 18:42:36.246534 juicefs[629908] <INFO>: Adjusted max items based on freeratio: from 0 to 60397976 items [setLimitByFreeRatio@disk_cache.go:191]
2026/10/02 18:42:36.246720 juicefs[629908] <INFO>: delay uploading by 1h0m0s [NewCachedStore@cached_store.go:939]
==================
WARNING: DATA RACE
Read at 0x00c0004909f9 by goroutine 328:
  github.com/juicedata/juicefs/pkg/chunk.(*cacheStore).stage()
      /home/kwatanabe/tmp_local/juicefs_inspection/juicefs/pkg/chunk/disk_cache.go:793 +0x1c4
  github.com/juicedata/juicefs/pkg/chunk.(*cacheManager).stage()
      /home/kwatanabe/tmp_local/juicefs_inspection/juicefs/pkg/chunk/disk_cache.go:1351 +0x104
  github.com/juicedata/juicefs/pkg/chunk.(*wSlice).upload.func1.1()
      /home/kwatanabe/tmp_local/juicefs_inspection/juicefs/pkg/chunk/cached_store.go:430 +0x282
  github.com/juicedata/juicefs/pkg/utils.WithTimeout.func1()
      /home/kwatanabe/tmp_local/juicefs_inspection/juicefs/pkg/utils/utils.go:116 +0x5c

Previous write at 0x00c0004909f9 by goroutine 319:
  github.com/juicedata/juicefs/pkg/chunk.(*cacheStore).checkFreeSpace()
      /home/kwatanabe/tmp_local/juicefs_inspection/juicefs/pkg/chunk/disk_cache.go:356 +0x133
  github.com/juicedata/juicefs/pkg/chunk.newCacheStore.gowrap3()
      /home/kwatanabe/tmp_local/juicefs_inspection/juicefs/pkg/chunk/disk_cache.go:162 +0x33

Goroutine 328 (running) created at:
  github.com/juicedata/juicefs/pkg/utils.WithTimeout()
      /home/kwatanabe/tmp_local/juicefs_inspection/juicefs/pkg/utils/utils.go:115 +0x227
  github.com/juicedata/juicefs/pkg/chunk.(*wSlice).upload.func1()
      /home/kwatanabe/tmp_local/juicefs_inspection/juicefs/pkg/chunk/cached_store.go:427 +0x52f

Goroutine 319 (running) created at:
  github.com/juicedata/juicefs/pkg/chunk.newCacheStore()
      /home/kwatanabe/tmp_local/juicefs_inspection/juicefs/pkg/chunk/disk_cache.go:162 +0x108a
  github.com/juicedata/juicefs/pkg/chunk.newCacheManager()
      /home/kwatanabe/tmp_local/juicefs_inspection/juicefs/pkg/chunk/disk_cache.go:1182 +0xa15
  github.com/juicedata/juicefs/pkg/chunk.NewCachedStore()
      /home/kwatanabe/tmp_local/juicefs_inspection/juicefs/pkg/chunk/cached_store.go:887 +0xcb4
  github.com/juicedata/juicefs/pkg/chunk.TestForceUpload()
      /home/kwatanabe/tmp_local/juicefs_inspection/juicefs/pkg/chunk/cached_store_test.go:212 +0x12b
  testing.tRunner()
      /home/kwatanabe/.goenv/versions/1.25.11/src/testing/testing.go:1934 +0x21c
  testing.(*T).Run.gowrap1()
      /home/kwatanabe/.goenv/versions/1.25.11/src/testing/testing.go:1997 +0x44
==================
--- FAIL: TestForceUpload (0.00s)
    testing.go:1617: race detected during execution of test
2026/10/02 18:42:36.249104 juicefs[629908] <WARNING>: unknown cache eviction policy: "", fallback to 2-random [newCacheStore@disk_cache.go:119]
2026/10/02 18:42:36.249184 juicefs[629908] <INFO>: Disk cache (/home/kwatanabe/.jfs-chunk-test-bs7J3D/diskCache-629908/): used ratio - [space 19.5%, inode 4.4%] [newCacheStore@disk_cache.go:154]
2026/10/02 18:42:36.249228 juicefs[629908] <INFO>: Adjusted max items based on freeratio: from 0 to 60397976 items [setLimitByFreeRatio@disk_cache.go:191]
2026/10/02 18:42:36.249419 juicefs[629908] <WARNING>: delay uploading by 200ms (this value is too small, and is not recommended) [NewCachedStore@cached_store.go:937]
2026/10/02 18:42:38.400671 juicefs[629908] <WARNING>: unknown cache eviction policy: "", fallback to 2-random [newCacheStore@disk_cache.go:119]
2026/10/02 18:42:38.400822 juicefs[629908] <INFO>: Disk cache (/home/kwatanabe/.jfs-chunk-test-bs7J3D/diskCache-629908/): used ratio - [space 19.5%, inode 4.4%] [newCacheStore@disk_cache.go:154]
2026/10/02 18:42:38.400873 juicefs[629908] <INFO>: Adjusted max items based on freeratio: from 0 to 60397976 items [setLimitByFreeRatio@disk_cache.go:191]
2026/10/02 18:42:38.545817 juicefs[629908] <WARNING>: unknown cache eviction policy: "", fallback to 2-random [newCacheStore@disk_cache.go:119]
2026/10/02 18:42:38.546206 juicefs[629908] <INFO>: Disk cache (/home/kwatanabe/.jfs-chunk-test-bs7J3D/diskCache-629908/): used ratio - [space 19.5%, inode 4.4%] [newCacheStore@disk_cache.go:154]
2026/10/02 18:42:38.546281 juicefs[629908] <INFO>: Adjusted max items based on freeratio: from 0 to 66437776 items [setLimitByFreeRatio@disk_cache.go:191]
2026/10/02 18:42:39.671268 juicefs[629908] <WARNING>: unknown cache eviction policy: "", fallback to 2-random [newCacheStore@disk_cache.go:119]
2026/10/02 18:42:39.671764 juicefs[629908] <INFO>: Disk cache (/home/kwatanabe/.jfs-chunk-test-bs7J3D/diskCache-629908/): used ratio - [space 19.5%, inode 4.4%] [newCacheStore@disk_cache.go:154]
2026/10/02 18:42:39.671953 juicefs[629908] <INFO>: Adjusted max items based on freeratio: from 0 to 60397976 items [setLimitByFreeRatio@disk_cache.go:191]
2026/10/02 18:42:39.674701 juicefs[629908] <WARNING>: unknown cache eviction policy: "", fallback to 2-random [newCacheStore@disk_cache.go:119]
2026/10/02 18:42:39.675118 juicefs[629908] <INFO>: Disk cache (/home/kwatanabe/.jfs-chunk-test-bs7J3D/TestDiskCacheState184535594/001/): used ratio - [space 19.5%, inode 4.4%] [newCacheStore@disk_cache.go:154]
2026/10/02 18:42:39.675303 juicefs[629908] <INFO>: Adjusted max items based on freeratio: from 0 to 60397976 items [setLimitByFreeRatio@disk_cache.go:191]
==================
WARNING: DATA RACE
Read at 0x00c000a7a63a by goroutine 476:
  github.com/juicedata/juicefs/pkg/chunk.(*cacheStore).cache()
      /home/kwatanabe/tmp_local/juicefs_inspection/juicefs/pkg/chunk/disk_cache.go:448 +0x90
  github.com/juicedata/juicefs/pkg/chunk.(*cacheManager).cache()
      /home/kwatanabe/tmp_local/juicefs_inspection/juicefs/pkg/chunk/disk_cache.go:1290 +0x6d
  github.com/juicedata/juicefs/pkg/chunk.testDiskCacheState()
      /home/kwatanabe/tmp_local/juicefs_inspection/juicefs/pkg/chunk/disk_cache_state_test.go:67 +0x5cd
  github.com/juicedata/juicefs/pkg/chunk.TestDiskCacheState()
      /home/kwatanabe/tmp_local/juicefs_inspection/juicefs/pkg/chunk/disk_cache_state_test.go:109 +0x2b
  testing.tRunner()
      /home/kwatanabe/.goenv/versions/1.25.11/src/testing/testing.go:1934 +0x21c
  testing.(*T).Run.gowrap1()
      /home/kwatanabe/.goenv/versions/1.25.11/src/testing/testing.go:1997 +0x44

Previous write at 0x00c000a7a63a by goroutine 480:
  github.com/juicedata/juicefs/pkg/chunk.(*cacheStore).checkFreeSpace()
      /home/kwatanabe/tmp_local/juicefs_inspection/juicefs/pkg/chunk/disk_cache.go:357 +0x1ba
  github.com/juicedata/juicefs/pkg/chunk.newCacheStore.gowrap3()
      /home/kwatanabe/tmp_local/juicefs_inspection/juicefs/pkg/chunk/disk_cache.go:162 +0x33

Goroutine 476 (running) created at:
  testing.(*T).Run()
      /home/kwatanabe/.goenv/versions/1.25.11/src/testing/testing.go:1997 +0x9d2
  testing.runTests.func1()
      /home/kwatanabe/.goenv/versions/1.25.11/src/testing/testing.go:2477 +0x84
  testing.tRunner()
      /home/kwatanabe/.goenv/versions/1.25.11/src/testing/testing.go:1934 +0x21c
  testing.runTests()
      /home/kwatanabe/.goenv/versions/1.25.11/src/testing/testing.go:2475 +0x96c
  testing.(*M).Run()
      /home/kwatanabe/.goenv/versions/1.25.11/src/testing/testing.go:2337 +0xed4
  main.main()
      _testmain.go:149 +0x164

Goroutine 480 (running) created at:
  github.com/juicedata/juicefs/pkg/chunk.newCacheStore()
      /home/kwatanabe/tmp_local/juicefs_inspection/juicefs/pkg/chunk/disk_cache.go:162 +0x108a
  github.com/juicedata/juicefs/pkg/chunk.newCacheManager()
      /home/kwatanabe/tmp_local/juicefs_inspection/juicefs/pkg/chunk/disk_cache.go:1182 +0xa15
  github.com/juicedata/juicefs/pkg/chunk.testDiskCacheState()
      /home/kwatanabe/tmp_local/juicefs_inspection/juicefs/pkg/chunk/disk_cache_state_test.go:55 +0x33a
  github.com/juicedata/juicefs/pkg/chunk.TestDiskCacheState()
      /home/kwatanabe/tmp_local/juicefs_inspection/juicefs/pkg/chunk/disk_cache_state_test.go:109 +0x2b
  testing.tRunner()
      /home/kwatanabe/.goenv/versions/1.25.11/src/testing/testing.go:1934 +0x21c
  testing.(*T).Run.gowrap1()
      /home/kwatanabe/.goenv/versions/1.25.11/src/testing/testing.go:1997 +0x44
==================
==================
WARNING: DATA RACE
Write at 0x00c000a7a668 by goroutine 476:
  github.com/juicedata/juicefs/pkg/chunk.(*cacheStore).event()
      /home/kwatanabe/tmp_local/juicefs_inspection/juicefs/pkg/chunk/disk_cache_state.go:271 +0x15e
  github.com/juicedata/juicefs/pkg/chunk.(*normalDC).onIOErr()
      /home/kwatanabe/tmp_local/juicefs_inspection/juicefs/pkg/chunk/disk_cache_state.go:156 +0x6c
  github.com/juicedata/juicefs/pkg/chunk.testDiskCacheState()
      /home/kwatanabe/tmp_local/juicefs_inspection/juicefs/pkg/chunk/disk_cache_state_test.go:73 +0x62e
  github.com/juicedata/juicefs/pkg/chunk.TestDiskCacheState()
      /home/kwatanabe/tmp_local/juicefs_inspection/juicefs/pkg/chunk/disk_cache_state_test.go:109 +0x2b
  testing.tRunner()
      /home/kwatanabe/.goenv/versions/1.25.11/src/testing/testing.go:1934 +0x21c
  testing.(*T).Run.gowrap1()
      /home/kwatanabe/.goenv/versions/1.25.11/src/testing/testing.go:1997 +0x44

Previous read at 0x00c000a7a668 by goroutine 479:
  github.com/juicedata/juicefs/pkg/chunk.(*cacheStore).checkErr()
      /home/kwatanabe/tmp_local/juicefs_inspection/juicefs/pkg/chunk/disk_cache.go:278 +0x430
  github.com/juicedata/juicefs/pkg/chunk.(*cacheStore).renameFile()
      /home/kwatanabe/tmp_local/juicefs_inspection/juicefs/pkg/chunk/disk_cache.go:318 +0x18b4
  github.com/juicedata/juicefs/pkg/chunk.(*cacheStore).flushPage()
      /home/kwatanabe/tmp_local/juicefs_inspection/juicefs/pkg/chunk/disk_cache.go:575 +0x18c2
  github.com/juicedata/juicefs/pkg/chunk.(*cacheStore).flush()
      /home/kwatanabe/tmp_local/juicefs_inspection/juicefs/pkg/chunk/disk_cache.go:749 +0x246
  github.com/juicedata/juicefs/pkg/chunk.newCacheStore.gowrap2()
      /home/kwatanabe/tmp_local/juicefs_inspection/juicefs/pkg/chunk/disk_cache.go:161 +0x33

Goroutine 476 (running) created at:
  testing.(*T).Run()
      /home/kwatanabe/.goenv/versions/1.25.11/src/testing/testing.go:1997 +0x9d2
  testing.runTests.func1()
      /home/kwatanabe/.goenv/versions/1.25.11/src/testing/testing.go:2477 +0x84
  testing.tRunner()
      /home/kwatanabe/.goenv/versions/1.25.11/src/testing/testing.go:1934 +0x21c
  testing.runTests()
      /home/kwatanabe/.goenv/versions/1.25.11/src/testing/testing.go:2475 +0x96c
  testing.(*M).Run()
      /home/kwatanabe/.goenv/versions/1.25.11/src/testing/testing.go:2337 +0xed4
  main.main()
      _testmain.go:149 +0x164

Goroutine 479 (running) created at:
  github.com/juicedata/juicefs/pkg/chunk.newCacheStore()
      /home/kwatanabe/tmp_local/juicefs_inspection/juicefs/pkg/chunk/disk_cache.go:161 +0x100a
  github.com/juicedata/juicefs/pkg/chunk.newCacheManager()
      /home/kwatanabe/tmp_local/juicefs_inspection/juicefs/pkg/chunk/disk_cache.go:1182 +0xa15
  github.com/juicedata/juicefs/pkg/chunk.testDiskCacheState()
      /home/kwatanabe/tmp_local/juicefs_inspection/juicefs/pkg/chunk/disk_cache_state_test.go:55 +0x33a
  github.com/juicedata/juicefs/pkg/chunk.TestDiskCacheState()
      /home/kwatanabe/tmp_local/juicefs_inspection/juicefs/pkg/chunk/disk_cache_state_test.go:109 +0x2b
  testing.tRunner()
      /home/kwatanabe/.goenv/versions/1.25.11/src/testing/testing.go:1934 +0x21c
  testing.(*T).Run.gowrap1()
      /home/kwatanabe/.goenv/versions/1.25.11/src/testing/testing.go:1997 +0x44
==================
2026/10/02 18:42:40.676905 juicefs[629908] <INFO>: disk cache /home/kwatanabe/.jfs-chunk-test-bs7J3D/TestDiskCacheState184535594/001/ state change from normal to unstable [event@disk_cache_state.go:283]
==================
WARNING: DATA RACE
Read at 0x00c000a7a63a by goroutine 485:
  github.com/juicedata/juicefs/pkg/chunk.(*cacheStore).cache()
      /home/kwatanabe/tmp_local/juicefs_inspection/juicefs/pkg/chunk/disk_cache.go:448 +0x90
  github.com/juicedata/juicefs/pkg/chunk.(*unstableDC).doProbe()
      /home/kwatanabe/tmp_local/juicefs_inspection/juicefs/pkg/chunk/disk_cache_state.go:236 +0x84
  github.com/juicedata/juicefs/pkg/chunk.(*unstableDC).probe()
      /home/kwatanabe/tmp_local/juicefs_inspection/juicefs/pkg/chunk/disk_cache_state.go:226 +0x224
  github.com/juicedata/juicefs/pkg/chunk.(*unstableDC).tick.gowrap1()
      /home/kwatanabe/tmp_local/juicefs_inspection/juicefs/pkg/chunk/disk_cache_state.go:190 +0x33

Previous write at 0x00c000a7a63a by goroutine 480:
  github.com/juicedata/juicefs/pkg/chunk.(*cacheStore).checkFreeSpace()
      /home/kwatanabe/tmp_local/juicefs_inspection/juicefs/pkg/chunk/disk_cache.go:357 +0x1ba
  github.com/juicedata/juicefs/pkg/chunk.newCacheStore.gowrap3()
      /home/kwatanabe/tmp_local/juicefs_inspection/juicefs/pkg/chunk/disk_cache.go:162 +0x33

Goroutine 485 (running) created at:
  github.com/juicedata/juicefs/pkg/chunk.(*unstableDC).tick()
      /home/kwatanabe/tmp_local/juicefs_inspection/juicefs/pkg/chunk/disk_cache_state.go:190 +0x8a
  github.com/juicedata/juicefs/pkg/chunk.newDCState()
      /home/kwatanabe/tmp_local/juicefs_inspection/juicefs/pkg/chunk/disk_cache_state.go:102 +0x1e6
  github.com/juicedata/juicefs/pkg/chunk.(*cacheStore).event()
      /home/kwatanabe/tmp_local/juicefs_inspection/juicefs/pkg/chunk/disk_cache_state.go:271 +0x144
  github.com/juicedata/juicefs/pkg/chunk.(*normalDC).onIOErr()
      /home/kwatanabe/tmp_local/juicefs_inspection/juicefs/pkg/chunk/disk_cache_state.go:156 +0x6c
  github.com/juicedata/juicefs/pkg/chunk.testDiskCacheState()
      /home/kwatanabe/tmp_local/juicefs_inspection/juicefs/pkg/chunk/disk_cache_state_test.go:73 +0x62e
  github.com/juicedata/juicefs/pkg/chunk.TestDiskCacheState()
      /home/kwatanabe/tmp_local/juicefs_inspection/juicefs/pkg/chunk/disk_cache_state_test.go:109 +0x2b
  testing.tRunner()
      /home/kwatanabe/.goenv/versions/1.25.11/src/testing/testing.go:1934 +0x21c
  testing.(*T).Run.gowrap1()
      /home/kwatanabe/.goenv/versions/1.25.11/src/testing/testing.go:1997 +0x44

Goroutine 480 (running) created at:
  github.com/juicedata/juicefs/pkg/chunk.newCacheStore()
      /home/kwatanabe/tmp_local/juicefs_inspection/juicefs/pkg/chunk/disk_cache.go:162 +0x108a
  github.com/juicedata/juicefs/pkg/chunk.newCacheManager()
      /home/kwatanabe/tmp_local/juicefs_inspection/juicefs/pkg/chunk/disk_cache.go:1182 +0xa15
  github.com/juicedata/juicefs/pkg/chunk.testDiskCacheState()
      /home/kwatanabe/tmp_local/juicefs_inspection/juicefs/pkg/chunk/disk_cache_state_test.go:55 +0x33a
  github.com/juicedata/juicefs/pkg/chunk.TestDiskCacheState()
      /home/kwatanabe/tmp_local/juicefs_inspection/juicefs/pkg/chunk/disk_cache_state_test.go:109 +0x2b
  testing.tRunner()
      /home/kwatanabe/.goenv/versions/1.25.11/src/testing/testing.go:1934 +0x21c
  testing.(*T).Run.gowrap1()
      /home/kwatanabe/.goenv/versions/1.25.11/src/testing/testing.go:1997 +0x44
==================
==================
WARNING: DATA RACE
Write at 0x000007f68398 by goroutine 476:
  github.com/juicedata/juicefs/pkg/chunk.testDiskCacheState()
      /home/kwatanabe/tmp_local/juicefs_inspection/juicefs/pkg/chunk/disk_cache_state_test.go:92 +0x8f5
  github.com/juicedata/juicefs/pkg/chunk.TestDiskCacheState()
      /home/kwatanabe/tmp_local/juicefs_inspection/juicefs/pkg/chunk/disk_cache_state_test.go:109 +0x2b
  testing.tRunner()
      /home/kwatanabe/.goenv/versions/1.25.11/src/testing/testing.go:1934 +0x21c
  testing.(*T).Run.gowrap1()
      /home/kwatanabe/.goenv/versions/1.25.11/src/testing/testing.go:1997 +0x44

Previous read at 0x000007f68398 by goroutine 486:
  github.com/juicedata/juicefs/pkg/chunk.(*unstableDC).tick.func1()
      /home/kwatanabe/tmp_local/juicefs_inspection/juicefs/pkg/chunk/disk_cache_state.go:192 +0x3e

Goroutine 476 (running) created at:
  testing.(*T).Run()
      /home/kwatanabe/.goenv/versions/1.25.11/src/testing/testing.go:1997 +0x9d2
  testing.runTests.func1()
      /home/kwatanabe/.goenv/versions/1.25.11/src/testing/testing.go:2477 +0x84
  testing.tRunner()
      /home/kwatanabe/.goenv/versions/1.25.11/src/testing/testing.go:1934 +0x21c
  testing.runTests()
      /home/kwatanabe/.goenv/versions/1.25.11/src/testing/testing.go:2475 +0x96c
  testing.(*M).Run()
      /home/kwatanabe/.goenv/versions/1.25.11/src/testing/testing.go:2337 +0xed4
  main.main()
      _testmain.go:149 +0x164

Goroutine 486 (running) created at:
  github.com/juicedata/juicefs/pkg/chunk.(*unstableDC).tick()
      /home/kwatanabe/tmp_local/juicefs_inspection/juicefs/pkg/chunk/disk_cache_state.go:191 +0xf9
  github.com/juicedata/juicefs/pkg/chunk.newDCState()
      /home/kwatanabe/tmp_local/juicefs_inspection/juicefs/pkg/chunk/disk_cache_state.go:102 +0x1e6
  github.com/juicedata/juicefs/pkg/chunk.(*cacheStore).event()
      /home/kwatanabe/tmp_local/juicefs_inspection/juicefs/pkg/chunk/disk_cache_state.go:271 +0x144
  github.com/juicedata/juicefs/pkg/chunk.(*normalDC).onIOErr()
      /home/kwatanabe/tmp_local/juicefs_inspection/juicefs/pkg/chunk/disk_cache_state.go:156 +0x6c
  github.com/juicedata/juicefs/pkg/chunk.testDiskCacheState()
      /home/kwatanabe/tmp_local/juicefs_inspection/juicefs/pkg/chunk/disk_cache_state_test.go:73 +0x62e
  github.com/juicedata/juicefs/pkg/chunk.TestDiskCacheState()
      /home/kwatanabe/tmp_local/juicefs_inspection/juicefs/pkg/chunk/disk_cache_state_test.go:109 +0x2b
  testing.tRunner()
      /home/kwatanabe/.goenv/versions/1.25.11/src/testing/testing.go:1934 +0x21c
  testing.(*T).Run.gowrap1()
      /home/kwatanabe/.goenv/versions/1.25.11/src/testing/testing.go:1997 +0x44
==================
==================
WARNING: DATA RACE
Write at 0x00c000a7a668 by goroutine 476:
  github.com/juicedata/juicefs/pkg/chunk.setState()
      /home/kwatanabe/tmp_local/juicefs_inspection/juicefs/pkg/chunk/disk_cache_state_test.go:33 +0xea
  github.com/juicedata/juicefs/pkg/chunk.testDiskCacheState()
      /home/kwatanabe/tmp_local/juicefs_inspection/juicefs/pkg/chunk/disk_cache_state_test.go:94 +0x928
  github.com/juicedata/juicefs/pkg/chunk.TestDiskCacheState()
      /home/kwatanabe/tmp_local/juicefs_inspection/juicefs/pkg/chunk/disk_cache_state_test.go:109 +0x2b
  testing.tRunner()
      /home/kwatanabe/.goenv/versions/1.25.11/src/testing/testing.go:1934 +0x21c
  testing.(*T).Run.gowrap1()
      /home/kwatanabe/.goenv/versions/1.25.11/src/testing/testing.go:1997 +0x44

Previous read at 0x00c000a7a668 by goroutine 484:
  github.com/juicedata/juicefs/pkg/chunk.(*cacheStore).available()
      /home/kwatanabe/tmp_local/juicefs_inspection/juicefs/pkg/chunk/disk_cache.go:242 +0x19b
  github.com/juicedata/juicefs/pkg/chunk.(*cacheManager).cleanup()
      /home/kwatanabe/tmp_local/juicefs_inspection/juicefs/pkg/chunk/disk_cache.go:1200 +0x180
  github.com/juicedata/juicefs/pkg/chunk.newCacheManager.gowrap1()
      /home/kwatanabe/tmp_local/juicefs_inspection/juicefs/pkg/chunk/disk_cache.go:1187 +0x33

Goroutine 476 (running) created at:
  testing.(*T).Run()
      /home/kwatanabe/.goenv/versions/1.25.11/src/testing/testing.go:1997 +0x9d2
  testing.runTests.func1()
      /home/kwatanabe/.goenv/versions/1.25.11/src/testing/testing.go:2477 +0x84
  testing.tRunner()
      /home/kwatanabe/.goenv/versions/1.25.11/src/testing/testing.go:1934 +0x21c
  testing.runTests()
      /home/kwatanabe/.goenv/versions/1.25.11/src/testing/testing.go:2475 +0x96c
  testing.(*M).Run()
      /home/kwatanabe/.goenv/versions/1.25.11/src/testing/testing.go:2337 +0xed4
  main.main()
      _testmain.go:149 +0x164

Goroutine 484 (running) created at:
  github.com/juicedata/juicefs/pkg/chunk.newCacheManager()
      /home/kwatanabe/tmp_local/juicefs_inspection/juicefs/pkg/chunk/disk_cache.go:1187 +0xc5c
  github.com/juicedata/juicefs/pkg/chunk.testDiskCacheState()
      /home/kwatanabe/tmp_local/juicefs_inspection/juicefs/pkg/chunk/disk_cache_state_test.go:55 +0x33a
  github.com/juicedata/juicefs/pkg/chunk.TestDiskCacheState()
      /home/kwatanabe/tmp_local/juicefs_inspection/juicefs/pkg/chunk/disk_cache_state_test.go:109 +0x2b
  testing.tRunner()
      /home/kwatanabe/.goenv/versions/1.25.11/src/testing/testing.go:1934 +0x21c
  testing.(*T).Run.gowrap1()
      /home/kwatanabe/.goenv/versions/1.25.11/src/testing/testing.go:1997 +0x44
==================
==================
WARNING: DATA RACE
Write at 0x00c000a7a668 by goroutine 489:
  github.com/juicedata/juicefs/pkg/chunk.(*cacheStore).event()
      /home/kwatanabe/tmp_local/juicefs_inspection/juicefs/pkg/chunk/disk_cache_state.go:277 +0x2de
  github.com/juicedata/juicefs/pkg/chunk.(*unstableDC).tick.func1()
      /home/kwatanabe/tmp_local/juicefs_inspection/juicefs/pkg/chunk/disk_cache_state.go:202 +0x24c

Previous read at 0x00c000a7a668 by goroutine 484:
  github.com/juicedata/juicefs/pkg/chunk.(*cacheStore).available()
      /home/kwatanabe/tmp_local/juicefs_inspection/juicefs/pkg/chunk/disk_cache.go:242 +0x19b
  github.com/juicedata/juicefs/pkg/chunk.(*cacheManager).cleanup()
      /home/kwatanabe/tmp_local/juicefs_inspection/juicefs/pkg/chunk/disk_cache.go:1200 +0x180
  github.com/juicedata/juicefs/pkg/chunk.newCacheManager.gowrap1()
      /home/kwatanabe/tmp_local/juicefs_inspection/juicefs/pkg/chunk/disk_cache.go:1187 +0x33

Goroutine 489 (running) created at:
  github.com/juicedata/juicefs/pkg/chunk.(*unstableDC).tick()
      /home/kwatanabe/tmp_local/juicefs_inspection/juicefs/pkg/chunk/disk_cache_state.go:191 +0xf9
  github.com/juicedata/juicefs/pkg/chunk.newDCState()
      /home/kwatanabe/tmp_local/juicefs_inspection/juicefs/pkg/chunk/disk_cache_state.go:102 +0x1e6
  github.com/juicedata/juicefs/pkg/chunk.setState()
      /home/kwatanabe/tmp_local/juicefs_inspection/juicefs/pkg/chunk/disk_cache_state_test.go:33 +0xd6
  github.com/juicedata/juicefs/pkg/chunk.testDiskCacheState()
      /home/kwatanabe/tmp_local/juicefs_inspection/juicefs/pkg/chunk/disk_cache_state_test.go:94 +0x928
  github.com/juicedata/juicefs/pkg/chunk.TestDiskCacheState()
      /home/kwatanabe/tmp_local/juicefs_inspection/juicefs/pkg/chunk/disk_cache_state_test.go:109 +0x2b
  testing.tRunner()
      /home/kwatanabe/.goenv/versions/1.25.11/src/testing/testing.go:1934 +0x21c
  testing.(*T).Run.gowrap1()
      /home/kwatanabe/.goenv/versions/1.25.11/src/testing/testing.go:1997 +0x44

Goroutine 484 (running) created at:
  github.com/juicedata/juicefs/pkg/chunk.newCacheManager()
      /home/kwatanabe/tmp_local/juicefs_inspection/juicefs/pkg/chunk/disk_cache.go:1187 +0xc5c
  github.com/juicedata/juicefs/pkg/chunk.testDiskCacheState()
      /home/kwatanabe/tmp_local/juicefs_inspection/juicefs/pkg/chunk/disk_cache_state_test.go:55 +0x33a
  github.com/juicedata/juicefs/pkg/chunk.TestDiskCacheState()
      /home/kwatanabe/tmp_local/juicefs_inspection/juicefs/pkg/chunk/disk_cache_state_test.go:109 +0x2b
  testing.tRunner()
      /home/kwatanabe/.goenv/versions/1.25.11/src/testing/testing.go:1934 +0x21c
  testing.(*T).Run.gowrap1()
      /home/kwatanabe/.goenv/versions/1.25.11/src/testing/testing.go:1997 +0x44
==================
2026/10/02 18:42:42.678450 juicefs[629908] <INFO>: disk cache /home/kwatanabe/.jfs-chunk-test-bs7J3D/TestDiskCacheState184535594/001/ state change from unstable to normal [event@disk_cache_state.go:283]
==================
WARNING: DATA RACE
Write at 0x000007f68398 by goroutine 476:
  github.com/juicedata/juicefs/pkg/chunk.testDiskCacheState()
      /home/kwatanabe/tmp_local/juicefs_inspection/juicefs/pkg/chunk/disk_cache_state_test.go:100 +0x9f0
  github.com/juicedata/juicefs/pkg/chunk.TestDiskCacheState()
      /home/kwatanabe/tmp_local/juicefs_inspection/juicefs/pkg/chunk/disk_cache_state_test.go:109 +0x2b
  testing.tRunner()
      /home/kwatanabe/.goenv/versions/1.25.11/src/testing/testing.go:1934 +0x21c
  testing.(*T).Run.gowrap1()
      /home/kwatanabe/.goenv/versions/1.25.11/src/testing/testing.go:1997 +0x44

Previous read at 0x000007f68398 by goroutine 489:
  github.com/juicedata/juicefs/pkg/chunk.(*unstableDC).tick.func1()
      /home/kwatanabe/tmp_local/juicefs_inspection/juicefs/pkg/chunk/disk_cache_state.go:192 +0x3e

Goroutine 476 (running) created at:
  testing.(*T).Run()
      /home/kwatanabe/.goenv/versions/1.25.11/src/testing/testing.go:1997 +0x9d2
  testing.runTests.func1()
      /home/kwatanabe/.goenv/versions/1.25.11/src/testing/testing.go:2477 +0x84
  testing.tRunner()
      /home/kwatanabe/.goenv/versions/1.25.11/src/testing/testing.go:1934 +0x21c
  testing.runTests()
      /home/kwatanabe/.goenv/versions/1.25.11/src/testing/testing.go:2475 +0x96c
  testing.(*M).Run()
      /home/kwatanabe/.goenv/versions/1.25.11/src/testing/testing.go:2337 +0xed4
  main.main()
      _testmain.go:149 +0x164

Goroutine 489 (finished) created at:
  github.com/juicedata/juicefs/pkg/chunk.(*unstableDC).tick()
      /home/kwatanabe/tmp_local/juicefs_inspection/juicefs/pkg/chunk/disk_cache_state.go:191 +0xf9
  github.com/juicedata/juicefs/pkg/chunk.newDCState()
      /home/kwatanabe/tmp_local/juicefs_inspection/juicefs/pkg/chunk/disk_cache_state.go:102 +0x1e6
  github.com/juicedata/juicefs/pkg/chunk.setState()
      /home/kwatanabe/tmp_local/juicefs_inspection/juicefs/pkg/chunk/disk_cache_state_test.go:33 +0xd6
  github.com/juicedata/juicefs/pkg/chunk.testDiskCacheState()
      /home/kwatanabe/tmp_local/juicefs_inspection/juicefs/pkg/chunk/disk_cache_state_test.go:94 +0x928
  github.com/juicedata/juicefs/pkg/chunk.TestDiskCacheState()
      /home/kwatanabe/tmp_local/juicefs_inspection/juicefs/pkg/chunk/disk_cache_state_test.go:109 +0x2b
  testing.tRunner()
      /home/kwatanabe/.goenv/versions/1.25.11/src/testing/testing.go:1934 +0x21c
  testing.(*T).Run.gowrap1()
      /home/kwatanabe/.goenv/versions/1.25.11/src/testing/testing.go:1997 +0x44
==================
==================
WARNING: DATA RACE
Write at 0x000007f67f28 by goroutine 476:
  github.com/juicedata/juicefs/pkg/chunk.testDiskCacheState()
      /home/kwatanabe/tmp_local/juicefs_inspection/juicefs/pkg/chunk/disk_cache_state_test.go:102 +0xa1e
  github.com/juicedata/juicefs/pkg/chunk.TestDiskCacheState()
      /home/kwatanabe/tmp_local/juicefs_inspection/juicefs/pkg/chunk/disk_cache_state_test.go:109 +0x2b
  testing.tRunner()
      /home/kwatanabe/.goenv/versions/1.25.11/src/testing/testing.go:1934 +0x21c
  testing.(*T).Run.gowrap1()
      /home/kwatanabe/.goenv/versions/1.25.11/src/testing/testing.go:1997 +0x44

Previous read at 0x000007f67f28 by goroutine 489:
  github.com/juicedata/juicefs/pkg/chunk.(*unstableDC).tick.func1()
      /home/kwatanabe/tmp_local/juicefs_inspection/juicefs/pkg/chunk/disk_cache_state.go:201 +0x1d4

Goroutine 476 (running) created at:
  testing.(*T).Run()
      /home/kwatanabe/.goenv/versions/1.25.11/src/testing/testing.go:1997 +0x9d2
  testing.runTests.func1()
      /home/kwatanabe/.goenv/versions/1.25.11/src/testing/testing.go:2477 +0x84
  testing.tRunner()
      /home/kwatanabe/.goenv/versions/1.25.11/src/testing/testing.go:1934 +0x21c
  testing.runTests()
      /home/kwatanabe/.goenv/versions/1.25.11/src/testing/testing.go:2475 +0x96c
  testing.(*M).Run()
      /home/kwatanabe/.goenv/versions/1.25.11/src/testing/testing.go:2337 +0xed4
  main.main()
      _testmain.go:149 +0x164

Goroutine 489 (finished) created at:
  github.com/juicedata/juicefs/pkg/chunk.(*unstableDC).tick()
      /home/kwatanabe/tmp_local/juicefs_inspection/juicefs/pkg/chunk/disk_cache_state.go:191 +0xf9
  github.com/juicedata/juicefs/pkg/chunk.newDCState()
      /home/kwatanabe/tmp_local/juicefs_inspection/juicefs/pkg/chunk/disk_cache_state.go:102 +0x1e6
  github.com/juicedata/juicefs/pkg/chunk.setState()
      /home/kwatanabe/tmp_local/juicefs_inspection/juicefs/pkg/chunk/disk_cache_state_test.go:33 +0xd6
  github.com/juicedata/juicefs/pkg/chunk.testDiskCacheState()
      /home/kwatanabe/tmp_local/juicefs_inspection/juicefs/pkg/chunk/disk_cache_state_test.go:94 +0x928
  github.com/juicedata/juicefs/pkg/chunk.TestDiskCacheState()
      /home/kwatanabe/tmp_local/juicefs_inspection/juicefs/pkg/chunk/disk_cache_state_test.go:109 +0x2b
  testing.tRunner()
      /home/kwatanabe/.goenv/versions/1.25.11/src/testing/testing.go:1934 +0x21c
  testing.(*T).Run.gowrap1()
      /home/kwatanabe/.goenv/versions/1.25.11/src/testing/testing.go:1997 +0x44
==================
==================
WARNING: DATA RACE
Write at 0x00c000a7a668 by goroutine 476:
  github.com/juicedata/juicefs/pkg/chunk.setState()
      /home/kwatanabe/tmp_local/juicefs_inspection/juicefs/pkg/chunk/disk_cache_state_test.go:33 +0xea
  github.com/juicedata/juicefs/pkg/chunk.testDiskCacheState()
      /home/kwatanabe/tmp_local/juicefs_inspection/juicefs/pkg/chunk/disk_cache_state_test.go:103 +0xa3a
  github.com/juicedata/juicefs/pkg/chunk.TestDiskCacheState()
      /home/kwatanabe/tmp_local/juicefs_inspection/juicefs/pkg/chunk/disk_cache_state_test.go:109 +0x2b
  testing.tRunner()
      /home/kwatanabe/.goenv/versions/1.25.11/src/testing/testing.go:1934 +0x21c
  testing.(*T).Run.gowrap1()
      /home/kwatanabe/.goenv/versions/1.25.11/src/testing/testing.go:1997 +0x44

Previous read at 0x00c000a7a668 by goroutine 480:
  github.com/juicedata/juicefs/pkg/chunk.(*cacheStore).checkErr()
      /home/kwatanabe/tmp_local/juicefs_inspection/juicefs/pkg/chunk/disk_cache.go:278 +0x430
  github.com/juicedata/juicefs/pkg/chunk.(*cacheStore).curFreeRatio()
      /home/kwatanabe/tmp_local/juicefs_inspection/juicefs/pkg/chunk/disk_cache.go:493 +0x21c
  github.com/juicedata/juicefs/pkg/chunk.(*cacheStore).checkFreeSpace()
      /home/kwatanabe/tmp_local/juicefs_inspection/juicefs/pkg/chunk/disk_cache.go:355 +0x84
  github.com/juicedata/juicefs/pkg/chunk.newCacheStore.gowrap3()
      /home/kwatanabe/tmp_local/juicefs_inspection/juicefs/pkg/chunk/disk_cache.go:162 +0x33

Goroutine 476 (running) created at:
  testing.(*T).Run()
      /home/kwatanabe/.goenv/versions/1.25.11/src/testing/testing.go:1997 +0x9d2
  testing.runTests.func1()
      /home/kwatanabe/.goenv/versions/1.25.11/src/testing/testing.go:2477 +0x84
  testing.tRunner()
      /home/kwatanabe/.goenv/versions/1.25.11/src/testing/testing.go:1934 +0x21c
  testing.runTests()
      /home/kwatanabe/.goenv/versions/1.25.11/src/testing/testing.go:2475 +0x96c
  testing.(*M).Run()
      /home/kwatanabe/.goenv/versions/1.25.11/src/testing/testing.go:2337 +0xed4
  main.main()
      _testmain.go:149 +0x164

Goroutine 480 (running) created at:
  github.com/juicedata/juicefs/pkg/chunk.newCacheStore()
      /home/kwatanabe/tmp_local/juicefs_inspection/juicefs/pkg/chunk/disk_cache.go:162 +0x108a
  github.com/juicedata/juicefs/pkg/chunk.newCacheManager()
      /home/kwatanabe/tmp_local/juicefs_inspection/juicefs/pkg/chunk/disk_cache.go:1182 +0xa15
  github.com/juicedata/juicefs/pkg/chunk.testDiskCacheState()
      /home/kwatanabe/tmp_local/juicefs_inspection/juicefs/pkg/chunk/disk_cache_state_test.go:55 +0x33a
  github.com/juicedata/juicefs/pkg/chunk.TestDiskCacheState()
      /home/kwatanabe/tmp_local/juicefs_inspection/juicefs/pkg/chunk/disk_cache_state_test.go:109 +0x2b
  testing.tRunner()
      /home/kwatanabe/.goenv/versions/1.25.11/src/testing/testing.go:1934 +0x21c
  testing.(*T).Run.gowrap1()
      /home/kwatanabe/.goenv/versions/1.25.11/src/testing/testing.go:1997 +0x44
==================
==================
WARNING: DATA RACE
Write at 0x00c000a7a668 by goroutine 492:
  github.com/juicedata/juicefs/pkg/chunk.(*cacheStore).event()
      /home/kwatanabe/tmp_local/juicefs_inspection/juicefs/pkg/chunk/disk_cache_state.go:280 +0x22d
  github.com/juicedata/juicefs/pkg/chunk.(*unstableDC).tick.func1()
      /home/kwatanabe/tmp_local/juicefs_inspection/juicefs/pkg/chunk/disk_cache_state.go:204 +0x2ca

Previous read at 0x00c000a7a668 by goroutine 479:
  github.com/juicedata/juicefs/pkg/chunk.(*cacheStore).available()
      /home/kwatanabe/tmp_local/juicefs_inspection/juicefs/pkg/chunk/disk_cache.go:242 +0xa4
  github.com/juicedata/juicefs/pkg/chunk.(*cacheStore).flushPage()
      /home/kwatanabe/tmp_local/juicefs_inspection/juicefs/pkg/chunk/disk_cache.go:511 +0x27
  github.com/juicedata/juicefs/pkg/chunk.(*cacheStore).flush()
      /home/kwatanabe/tmp_local/juicefs_inspection/juicefs/pkg/chunk/disk_cache.go:749 +0x246
  github.com/juicedata/juicefs/pkg/chunk.newCacheStore.gowrap2()
      /home/kwatanabe/tmp_local/juicefs_inspection/juicefs/pkg/chunk/disk_cache.go:161 +0x33

Goroutine 492 (running) created at:
  github.com/juicedata/juicefs/pkg/chunk.(*unstableDC).tick()
      /home/kwatanabe/tmp_local/juicefs_inspection/juicefs/pkg/chunk/disk_cache_state.go:191 +0xf9
  github.com/juicedata/juicefs/pkg/chunk.newDCState()
      /home/kwatanabe/tmp_local/juicefs_inspection/juicefs/pkg/chunk/disk_cache_state.go:102 +0x1e6
  github.com/juicedata/juicefs/pkg/chunk.setState()
      /home/kwatanabe/tmp_local/juicefs_inspection/juicefs/pkg/chunk/disk_cache_state_test.go:33 +0xd6
  github.com/juicedata/juicefs/pkg/chunk.testDiskCacheState()
      /home/kwatanabe/tmp_local/juicefs_inspection/juicefs/pkg/chunk/disk_cache_state_test.go:103 +0xa3a
  github.com/juicedata/juicefs/pkg/chunk.TestDiskCacheState()
      /home/kwatanabe/tmp_local/juicefs_inspection/juicefs/pkg/chunk/disk_cache_state_test.go:109 +0x2b
  testing.tRunner()
      /home/kwatanabe/.goenv/versions/1.25.11/src/testing/testing.go:1934 +0x21c
  testing.(*T).Run.gowrap1()
      /home/kwatanabe/.goenv/versions/1.25.11/src/testing/testing.go:1997 +0x44

Goroutine 479 (running) created at:
  github.com/juicedata/juicefs/pkg/chunk.newCacheStore()
      /home/kwatanabe/tmp_local/juicefs_inspection/juicefs/pkg/chunk/disk_cache.go:161 +0x100a
  github.com/juicedata/juicefs/pkg/chunk.newCacheManager()
      /home/kwatanabe/tmp_local/juicefs_inspection/juicefs/pkg/chunk/disk_cache.go:1182 +0xa15
  github.com/juicedata/juicefs/pkg/chunk.testDiskCacheState()
      /home/kwatanabe/tmp_local/juicefs_inspection/juicefs/pkg/chunk/disk_cache_state_test.go:55 +0x33a
  github.com/juicedata/juicefs/pkg/chunk.TestDiskCacheState()
      /home/kwatanabe/tmp_local/juicefs_inspection/juicefs/pkg/chunk/disk_cache_state_test.go:109 +0x2b
  testing.tRunner()
      /home/kwatanabe/.goenv/versions/1.25.11/src/testing/testing.go:1934 +0x21c
  testing.(*T).Run.gowrap1()
      /home/kwatanabe/.goenv/versions/1.25.11/src/testing/testing.go:1997 +0x44
==================
2026/10/02 18:42:44.679276 juicefs[629908] <INFO>: disk cache /home/kwatanabe/.jfs-chunk-test-bs7J3D/TestDiskCacheState184535594/001/ state change from unstable to down [event@disk_cache_state.go:283]
2026/10/02 18:42:44.679292 juicefs[629908] <WARNING>: Can't create cache file /home/kwatanabe/.jfs-chunk-test-bs7J3D/TestDiskCacheState184535594/001/raw/probe/03/0/3_0_3.tmp: cache down [flushPage@disk_cache.go:530]
2026/10/02 18:42:45.679404 juicefs[629908] <INFO>: stop checkFreeSpace at /home/kwatanabe/.jfs-chunk-test-bs7J3D/TestDiskCacheState184535594/001/ [checkFreeSpace@disk_cache.go:371]
2026/10/02 18:42:45.679470 juicefs[629908] <ERROR>: cache dir `/home/kwatanabe/.jfs-chunk-test-bs7J3D/TestDiskCacheState184535594/001/`(8d8fb20a-e43e-478c-a673-9bce962f305f) is unavailable, removed [removeStore@disk_cache.go:1236]
==================
WARNING: DATA RACE
Write at 0x000007f68398 by goroutine 476:
  github.com/juicedata/juicefs/pkg/chunk.testDiskCacheState.func1()
      /home/kwatanabe/tmp_local/juicefs_inspection/juicefs/pkg/chunk/disk_cache_state_test.go:39 +0x3c
  runtime.deferreturn()
      /home/kwatanabe/.goenv/versions/1.25.11/src/runtime/panic.go:589 +0x5d
  github.com/juicedata/juicefs/pkg/chunk.TestDiskCacheState()
      /home/kwatanabe/tmp_local/juicefs_inspection/juicefs/pkg/chunk/disk_cache_state_test.go:109 +0x2b
  testing.tRunner()
      /home/kwatanabe/.goenv/versions/1.25.11/src/testing/testing.go:1934 +0x21c
  testing.(*T).Run.gowrap1()
      /home/kwatanabe/.goenv/versions/1.25.11/src/testing/testing.go:1997 +0x44

Previous read at 0x000007f68398 by goroutine 492:
  github.com/juicedata/juicefs/pkg/chunk.(*unstableDC).tick.func1()
      /home/kwatanabe/tmp_local/juicefs_inspection/juicefs/pkg/chunk/disk_cache_state.go:192 +0x3e

Goroutine 476 (running) created at:
  testing.(*T).Run()
      /home/kwatanabe/.goenv/versions/1.25.11/src/testing/testing.go:1997 +0x9d2
  testing.runTests.func1()
      /home/kwatanabe/.goenv/versions/1.25.11/src/testing/testing.go:2477 +0x84
  testing.tRunner()
      /home/kwatanabe/.goenv/versions/1.25.11/src/testing/testing.go:1934 +0x21c
  testing.runTests()
      /home/kwatanabe/.goenv/versions/1.25.11/src/testing/testing.go:2475 +0x96c
  testing.(*M).Run()
      /home/kwatanabe/.goenv/versions/1.25.11/src/testing/testing.go:2337 +0xed4
  main.main()
      _testmain.go:149 +0x164

Goroutine 492 (finished) created at:
  github.com/juicedata/juicefs/pkg/chunk.(*unstableDC).tick()
      /home/kwatanabe/tmp_local/juicefs_inspection/juicefs/pkg/chunk/disk_cache_state.go:191 +0xf9
  github.com/juicedata/juicefs/pkg/chunk.newDCState()
      /home/kwatanabe/tmp_local/juicefs_inspection/juicefs/pkg/chunk/disk_cache_state.go:102 +0x1e6
  github.com/juicedata/juicefs/pkg/chunk.setState()
      /home/kwatanabe/tmp_local/juicefs_inspection/juicefs/pkg/chunk/disk_cache_state_test.go:33 +0xd6
  github.com/juicedata/juicefs/pkg/chunk.testDiskCacheState()
      /home/kwatanabe/tmp_local/juicefs_inspection/juicefs/pkg/chunk/disk_cache_state_test.go:103 +0xa3a
  github.com/juicedata/juicefs/pkg/chunk.TestDiskCacheState()
      /home/kwatanabe/tmp_local/juicefs_inspection/juicefs/pkg/chunk/disk_cache_state_test.go:109 +0x2b
  testing.tRunner()
      /home/kwatanabe/.goenv/versions/1.25.11/src/testing/testing.go:1934 +0x21c
  testing.(*T).Run.gowrap1()
      /home/kwatanabe/.goenv/versions/1.25.11/src/testing/testing.go:1997 +0x44
==================
==================
WARNING: DATA RACE
Write at 0x000007f67f28 by goroutine 476:
  github.com/juicedata/juicefs/pkg/chunk.testDiskCacheState.func1()
      /home/kwatanabe/tmp_local/juicefs_inspection/juicefs/pkg/chunk/disk_cache_state_test.go:39 +0x54
  runtime.deferreturn()
      /home/kwatanabe/.goenv/versions/1.25.11/src/runtime/panic.go:589 +0x5d
  github.com/juicedata/juicefs/pkg/chunk.TestDiskCacheState()
      /home/kwatanabe/tmp_local/juicefs_inspection/juicefs/pkg/chunk/disk_cache_state_test.go:109 +0x2b
  testing.tRunner()
      /home/kwatanabe/.goenv/versions/1.25.11/src/testing/testing.go:1934 +0x21c
  testing.(*T).Run.gowrap1()
      /home/kwatanabe/.goenv/versions/1.25.11/src/testing/testing.go:1997 +0x44

Previous read at 0x000007f67f28 by goroutine 492:
  github.com/juicedata/juicefs/pkg/chunk.(*unstableDC).tick.func1()
      /home/kwatanabe/tmp_local/juicefs_inspection/juicefs/pkg/chunk/disk_cache_state.go:201 +0x1d4

Goroutine 476 (running) created at:
  testing.(*T).Run()
      /home/kwatanabe/.goenv/versions/1.25.11/src/testing/testing.go:1997 +0x9d2
  testing.runTests.func1()
      /home/kwatanabe/.goenv/versions/1.25.11/src/testing/testing.go:2477 +0x84
  testing.tRunner()
      /home/kwatanabe/.goenv/versions/1.25.11/src/testing/testing.go:1934 +0x21c
  testing.runTests()
      /home/kwatanabe/.goenv/versions/1.25.11/src/testing/testing.go:2475 +0x96c
  testing.(*M).Run()
      /home/kwatanabe/.goenv/versions/1.25.11/src/testing/testing.go:2337 +0xed4
  main.main()
      _testmain.go:149 +0x164

Goroutine 492 (finished) created at:
  github.com/juicedata/juicefs/pkg/chunk.(*unstableDC).tick()
      /home/kwatanabe/tmp_local/juicefs_inspection/juicefs/pkg/chunk/disk_cache_state.go:191 +0xf9
  github.com/juicedata/juicefs/pkg/chunk.newDCState()
      /home/kwatanabe/tmp_local/juicefs_inspection/juicefs/pkg/chunk/disk_cache_state.go:102 +0x1e6
  github.com/juicedata/juicefs/pkg/chunk.setState()
      /home/kwatanabe/tmp_local/juicefs_inspection/juicefs/pkg/chunk/disk_cache_state_test.go:33 +0xd6
  github.com/juicedata/juicefs/pkg/chunk.testDiskCacheState()
      /home/kwatanabe/tmp_local/juicefs_inspection/juicefs/pkg/chunk/disk_cache_state_test.go:103 +0xa3a
  github.com/juicedata/juicefs/pkg/chunk.TestDiskCacheState()
      /home/kwatanabe/tmp_local/juicefs_inspection/juicefs/pkg/chunk/disk_cache_state_test.go:109 +0x2b
  testing.tRunner()
      /home/kwatanabe/.goenv/versions/1.25.11/src/testing/testing.go:1934 +0x21c
  testing.(*T).Run.gowrap1()
      /home/kwatanabe/.goenv/versions/1.25.11/src/testing/testing.go:1997 +0x44
==================
==================
WARNING: DATA RACE
Write at 0x000007f68380 by goroutine 476:
  github.com/juicedata/juicefs/pkg/chunk.testDiskCacheState.func1()
      /home/kwatanabe/tmp_local/juicefs_inspection/juicefs/pkg/chunk/disk_cache_state_test.go:39 +0x6a
  runtime.deferreturn()
      /home/kwatanabe/.goenv/versions/1.25.11/src/runtime/panic.go:589 +0x5d
  github.com/juicedata/juicefs/pkg/chunk.TestDiskCacheState()
      /home/kwatanabe/tmp_local/juicefs_inspection/juicefs/pkg/chunk/disk_cache_state_test.go:109 +0x2b
  testing.tRunner()
      /home/kwatanabe/.goenv/versions/1.25.11/src/testing/testing.go:1934 +0x21c
  testing.(*T).Run.gowrap1()
      /home/kwatanabe/.goenv/versions/1.25.11/src/testing/testing.go:1997 +0x44

Previous read at 0x000007f68380 by goroutine 492:
  github.com/juicedata/juicefs/pkg/chunk.(*unstableDC).tick.func1()
      /home/kwatanabe/tmp_local/juicefs_inspection/juicefs/pkg/chunk/disk_cache_state.go:203 +0x295

Goroutine 476 (running) created at:
  testing.(*T).Run()
      /home/kwatanabe/.goenv/versions/1.25.11/src/testing/testing.go:1997 +0x9d2
  testing.runTests.func1()
      /home/kwatanabe/.goenv/versions/1.25.11/src/testing/testing.go:2477 +0x84
  testing.tRunner()
      /home/kwatanabe/.goenv/versions/1.25.11/src/testing/testing.go:1934 +0x21c
  testing.runTests()
      /home/kwatanabe/.goenv/versions/1.25.11/src/testing/testing.go:2475 +0x96c
  testing.(*M).Run()
      /home/kwatanabe/.goenv/versions/1.25.11/src/testing/testing.go:2337 +0xed4
  main.main()
      _testmain.go:149 +0x164

Goroutine 492 (finished) created at:
  github.com/juicedata/juicefs/pkg/chunk.(*unstableDC).tick()
      /home/kwatanabe/tmp_local/juicefs_inspection/juicefs/pkg/chunk/disk_cache_state.go:191 +0xf9
  github.com/juicedata/juicefs/pkg/chunk.newDCState()
      /home/kwatanabe/tmp_local/juicefs_inspection/juicefs/pkg/chunk/disk_cache_state.go:102 +0x1e6
  github.com/juicedata/juicefs/pkg/chunk.setState()
      /home/kwatanabe/tmp_local/juicefs_inspection/juicefs/pkg/chunk/disk_cache_state_test.go:33 +0xd6
  github.com/juicedata/juicefs/pkg/chunk.testDiskCacheState()
      /home/kwatanabe/tmp_local/juicefs_inspection/juicefs/pkg/chunk/disk_cache_state_test.go:103 +0xa3a
  github.com/juicedata/juicefs/pkg/chunk.TestDiskCacheState()
      /home/kwatanabe/tmp_local/juicefs_inspection/juicefs/pkg/chunk/disk_cache_state_test.go:109 +0x2b
  testing.tRunner()
      /home/kwatanabe/.goenv/versions/1.25.11/src/testing/testing.go:1934 +0x21c
  testing.(*T).Run.gowrap1()
      /home/kwatanabe/.goenv/versions/1.25.11/src/testing/testing.go:1997 +0x44
==================
2026/10/02 18:42:45.681115 juicefs[629908] <WARNING>: unknown cache eviction policy: "", fallback to 2-random [newCacheStore@disk_cache.go:119]
2026/10/02 18:42:45.681271 juicefs[629908] <INFO>: Disk cache (/home/kwatanabe/.jfs-chunk-test-bs7J3D/TestDiskCacheState184535594/002/): used ratio - [space 19.5%, inode 4.4%] [newCacheStore@disk_cache.go:154]
2026/10/02 18:42:45.681321 juicefs[629908] <INFO>: Adjusted max items based on freeratio: from 0 to 60397976 items [setLimitByFreeRatio@disk_cache.go:191]
2026/10/02 18:42:45.681532 juicefs[629908] <INFO>: Disk cache (/home/kwatanabe/.jfs-chunk-test-bs7J3D/TestDiskCacheState184535594/003/): used ratio - [space 19.5%, inode 4.4%] [newCacheStore@disk_cache.go:154]
2026/10/02 18:42:45.681578 juicefs[629908] <INFO>: Adjusted max items based on freeratio: from 0 to 60397976 items [setLimitByFreeRatio@disk_cache.go:191]
2026/10/02 18:42:45.681708 juicefs[629908] <INFO>: Disk cache (/home/kwatanabe/.jfs-chunk-test-bs7J3D/TestDiskCacheState184535594/004/): used ratio - [space 19.5%, inode 4.4%] [newCacheStore@disk_cache.go:154]
2026/10/02 18:42:45.681751 juicefs[629908] <INFO>: Adjusted max items based on freeratio: from 0 to 60397976 items [setLimitByFreeRatio@disk_cache.go:191]
2026/10/02 18:42:45.681924 juicefs[629908] <INFO>: Disk cache (/home/kwatanabe/.jfs-chunk-test-bs7J3D/TestDiskCacheState184535594/005/): used ratio - [space 19.5%, inode 4.4%] [newCacheStore@disk_cache.go:154]
2026/10/02 18:42:45.681967 juicefs[629908] <INFO>: Adjusted max items based on freeratio: from 0 to 60397976 items [setLimitByFreeRatio@disk_cache.go:191]
2026/10/02 18:42:45.682099 juicefs[629908] <INFO>: Disk cache (/home/kwatanabe/.jfs-chunk-test-bs7J3D/TestDiskCacheState184535594/006/): used ratio - [space 19.5%, inode 4.4%] [newCacheStore@disk_cache.go:154]
2026/10/02 18:42:45.682139 juicefs[629908] <INFO>: Adjusted max items based on freeratio: from 0 to 60397976 items [setLimitByFreeRatio@disk_cache.go:191]
2026/10/02 18:42:45.682261 juicefs[629908] <INFO>: Disk cache (/home/kwatanabe/.jfs-chunk-test-bs7J3D/TestDiskCacheState184535594/007/): used ratio - [space 19.5%, inode 4.4%] [newCacheStore@disk_cache.go:154]
2026/10/02 18:42:45.682300 juicefs[629908] <INFO>: Adjusted max items based on freeratio: from 0 to 60397976 items [setLimitByFreeRatio@disk_cache.go:191]
2026/10/02 18:42:45.682431 juicefs[629908] <INFO>: Disk cache (/home/kwatanabe/.jfs-chunk-test-bs7J3D/TestDiskCacheState184535594/008/): used ratio - [space 19.5%, inode 4.4%] [newCacheStore@disk_cache.go:154]
2026/10/02 18:42:45.682488 juicefs[629908] <INFO>: Adjusted max items based on freeratio: from 0 to 60397976 items [setLimitByFreeRatio@disk_cache.go:191]
2026/10/02 18:42:45.682674 juicefs[629908] <INFO>: Disk cache (/home/kwatanabe/.jfs-chunk-test-bs7J3D/TestDiskCacheState184535594/009/): used ratio - [space 19.5%, inode 4.4%] [newCacheStore@disk_cache.go:154]
2026/10/02 18:42:45.682732 juicefs[629908] <INFO>: Adjusted max items based on freeratio: from 0 to 60397976 items [setLimitByFreeRatio@disk_cache.go:191]
2026/10/02 18:42:45.682902 juicefs[629908] <INFO>: Disk cache (/home/kwatanabe/.jfs-chunk-test-bs7J3D/TestDiskCacheState184535594/010/): used ratio - [space 19.5%, inode 4.4%] [newCacheStore@disk_cache.go:154]
2026/10/02 18:42:45.682945 juicefs[629908] <INFO>: Adjusted max items based on freeratio: from 0 to 60397976 items [setLimitByFreeRatio@disk_cache.go:191]
2026/10/02 18:42:45.683073 juicefs[629908] <INFO>: Disk cache (/home/kwatanabe/.jfs-chunk-test-bs7J3D/TestDiskCacheState184535594/011/): used ratio - [space 19.5%, inode 4.4%] [newCacheStore@disk_cache.go:154]
2026/10/02 18:42:45.683115 juicefs[629908] <INFO>: Adjusted max items based on freeratio: from 0 to 60397976 items [setLimitByFreeRatio@disk_cache.go:191]
==================
WARNING: DATA RACE
Read at 0x00c0006f708a by goroutine 476:
  github.com/juicedata/juicefs/pkg/chunk.(*cacheStore).cache()
      /home/kwatanabe/tmp_local/juicefs_inspection/juicefs/pkg/chunk/disk_cache.go:448 +0x90
  github.com/juicedata/juicefs/pkg/chunk.(*cacheManager).cache()
      /home/kwatanabe/tmp_local/juicefs_inspection/juicefs/pkg/chunk/disk_cache.go:1290 +0x6d
  github.com/juicedata/juicefs/pkg/chunk.testDiskCacheState()
      /home/kwatanabe/tmp_local/juicefs_inspection/juicefs/pkg/chunk/disk_cache_state_test.go:67 +0x5cd
  github.com/juicedata/juicefs/pkg/chunk.TestDiskCacheState()
      /home/kwatanabe/tmp_local/juicefs_inspection/juicefs/pkg/chunk/disk_cache_state_test.go:110 +0x3a
  testing.tRunner()
      /home/kwatanabe/.goenv/versions/1.25.11/src/testing/testing.go:1934 +0x21c
  testing.(*T).Run.gowrap1()
      /home/kwatanabe/.goenv/versions/1.25.11/src/testing/testing.go:1997 +0x44

Previous write at 0x00c0006f708a by goroutine 531:
  github.com/juicedata/juicefs/pkg/chunk.(*cacheStore).checkFreeSpace()
      /home/kwatanabe/tmp_local/juicefs_inspection/juicefs/pkg/chunk/disk_cache.go:357 +0x1ba
  github.com/juicedata/juicefs/pkg/chunk.newCacheStore.gowrap3()
      /home/kwatanabe/tmp_local/juicefs_inspection/juicefs/pkg/chunk/disk_cache.go:162 +0x33

Goroutine 476 (running) created at:
  testing.(*T).Run()
      /home/kwatanabe/.goenv/versions/1.25.11/src/testing/testing.go:1997 +0x9d2
  testing.runTests.func1()
      /home/kwatanabe/.goenv/versions/1.25.11/src/testing/testing.go:2477 +0x84
  testing.tRunner()
      /home/kwatanabe/.goenv/versions/1.25.11/src/testing/testing.go:1934 +0x21c
  testing.runTests()
      /home/kwatanabe/.goenv/versions/1.25.11/src/testing/testing.go:2475 +0x96c
  testing.(*M).Run()
      /home/kwatanabe/.goenv/versions/1.25.11/src/testing/testing.go:2337 +0xed4
  main.main()
      _testmain.go:149 +0x164

Goroutine 531 (running) created at:
  github.com/juicedata/juicefs/pkg/chunk.newCacheStore()
      /home/kwatanabe/tmp_local/juicefs_inspection/juicefs/pkg/chunk/disk_cache.go:162 +0x108a
  github.com/juicedata/juicefs/pkg/chunk.newCacheManager()
      /home/kwatanabe/tmp_local/juicefs_inspection/juicefs/pkg/chunk/disk_cache.go:1182 +0xa15
  github.com/juicedata/juicefs/pkg/chunk.testDiskCacheState()
      /home/kwatanabe/tmp_local/juicefs_inspection/juicefs/pkg/chunk/disk_cache_state_test.go:55 +0x33a
  github.com/juicedata/juicefs/pkg/chunk.TestDiskCacheState()
      /home/kwatanabe/tmp_local/juicefs_inspection/juicefs/pkg/chunk/disk_cache_state_test.go:110 +0x3a
  testing.tRunner()
      /home/kwatanabe/.goenv/versions/1.25.11/src/testing/testing.go:1934 +0x21c
  testing.(*T).Run.gowrap1()
      /home/kwatanabe/.goenv/versions/1.25.11/src/testing/testing.go:1997 +0x44
==================
==================
WARNING: DATA RACE
Write at 0x00c0006f70b8 by goroutine 476:
  github.com/juicedata/juicefs/pkg/chunk.(*cacheStore).event()
      /home/kwatanabe/tmp_local/juicefs_inspection/juicefs/pkg/chunk/disk_cache_state.go:271 +0x15e
  github.com/juicedata/juicefs/pkg/chunk.(*normalDC).onIOErr()
      /home/kwatanabe/tmp_local/juicefs_inspection/juicefs/pkg/chunk/disk_cache_state.go:156 +0x6c
  github.com/juicedata/juicefs/pkg/chunk.testDiskCacheState()
      /home/kwatanabe/tmp_local/juicefs_inspection/juicefs/pkg/chunk/disk_cache_state_test.go:73 +0x62e
  github.com/juicedata/juicefs/pkg/chunk.TestDiskCacheState()
      /home/kwatanabe/tmp_local/juicefs_inspection/juicefs/pkg/chunk/disk_cache_state_test.go:110 +0x3a
  testing.tRunner()
      /home/kwatanabe/.goenv/versions/1.25.11/src/testing/testing.go:1934 +0x21c
  testing.(*T).Run.gowrap1()
      /home/kwatanabe/.goenv/versions/1.25.11/src/testing/testing.go:1997 +0x44

Previous read at 0x00c0006f70b8 by goroutine 530:
  github.com/juicedata/juicefs/pkg/chunk.(*cacheStore).checkErr()
      /home/kwatanabe/tmp_local/juicefs_inspection/juicefs/pkg/chunk/disk_cache.go:278 +0x430
  github.com/juicedata/juicefs/pkg/chunk.(*cacheStore).renameFile()
      /home/kwatanabe/tmp_local/juicefs_inspection/juicefs/pkg/chunk/disk_cache.go:318 +0x18b4
  github.com/juicedata/juicefs/pkg/chunk.(*cacheStore).flushPage()
      /home/kwatanabe/tmp_local/juicefs_inspection/juicefs/pkg/chunk/disk_cache.go:575 +0x18c2
  github.com/juicedata/juicefs/pkg/chunk.(*cacheStore).flush()
      /home/kwatanabe/tmp_local/juicefs_inspection/juicefs/pkg/chunk/disk_cache.go:749 +0x246
  github.com/juicedata/juicefs/pkg/chunk.newCacheStore.gowrap2()
      /home/kwatanabe/tmp_local/juicefs_inspection/juicefs/pkg/chunk/disk_cache.go:161 +0x33

Goroutine 476 (running) created at:
  testing.(*T).Run()
      /home/kwatanabe/.goenv/versions/1.25.11/src/testing/testing.go:1997 +0x9d2
  testing.runTests.func1()
      /home/kwatanabe/.goenv/versions/1.25.11/src/testing/testing.go:2477 +0x84
  testing.tRunner()
      /home/kwatanabe/.goenv/versions/1.25.11/src/testing/testing.go:1934 +0x21c
  testing.runTests()
      /home/kwatanabe/.goenv/versions/1.25.11/src/testing/testing.go:2475 +0x96c
  testing.(*M).Run()
      /home/kwatanabe/.goenv/versions/1.25.11/src/testing/testing.go:2337 +0xed4
  main.main()
      _testmain.go:149 +0x164

Goroutine 530 (running) created at:
  github.com/juicedata/juicefs/pkg/chunk.newCacheStore()
      /home/kwatanabe/tmp_local/juicefs_inspection/juicefs/pkg/chunk/disk_cache.go:161 +0x100a
  github.com/juicedata/juicefs/pkg/chunk.newCacheManager()
      /home/kwatanabe/tmp_local/juicefs_inspection/juicefs/pkg/chunk/disk_cache.go:1182 +0xa15
  github.com/juicedata/juicefs/pkg/chunk.testDiskCacheState()
      /home/kwatanabe/tmp_local/juicefs_inspection/juicefs/pkg/chunk/disk_cache_state_test.go:55 +0x33a
  github.com/juicedata/juicefs/pkg/chunk.TestDiskCacheState()
      /home/kwatanabe/tmp_local/juicefs_inspection/juicefs/pkg/chunk/disk_cache_state_test.go:110 +0x3a
  testing.tRunner()
      /home/kwatanabe/.goenv/versions/1.25.11/src/testing/testing.go:1934 +0x21c
  testing.(*T).Run.gowrap1()
      /home/kwatanabe/.goenv/versions/1.25.11/src/testing/testing.go:1997 +0x44
==================
2026/10/02 18:42:46.686799 juicefs[629908] <INFO>: disk cache /home/kwatanabe/.jfs-chunk-test-bs7J3D/TestDiskCacheState184535594/007/ state change from normal to unstable [event@disk_cache_state.go:283]
==================
WARNING: DATA RACE
Write at 0x000007f68398 by goroutine 476:
  github.com/juicedata/juicefs/pkg/chunk.testDiskCacheState()
      /home/kwatanabe/tmp_local/juicefs_inspection/juicefs/pkg/chunk/disk_cache_state_test.go:92 +0x8f5
  github.com/juicedata/juicefs/pkg/chunk.TestDiskCacheState()
      /home/kwatanabe/tmp_local/juicefs_inspection/juicefs/pkg/chunk/disk_cache_state_test.go:110 +0x3a
  testing.tRunner()
      /home/kwatanabe/.goenv/versions/1.25.11/src/testing/testing.go:1934 +0x21c
  testing.(*T).Run.gowrap1()
      /home/kwatanabe/.goenv/versions/1.25.11/src/testing/testing.go:1997 +0x44

Previous read at 0x000007f68398 by goroutine 565:
  github.com/juicedata/juicefs/pkg/chunk.(*unstableDC).tick.func1()
      /home/kwatanabe/tmp_local/juicefs_inspection/juicefs/pkg/chunk/disk_cache_state.go:192 +0x3e

Goroutine 476 (running) created at:
  testing.(*T).Run()
      /home/kwatanabe/.goenv/versions/1.25.11/src/testing/testing.go:1997 +0x9d2
  testing.runTests.func1()
      /home/kwatanabe/.goenv/versions/1.25.11/src/testing/testing.go:2477 +0x84
  testing.tRunner()
      /home/kwatanabe/.goenv/versions/1.25.11/src/testing/testing.go:1934 +0x21c
  testing.runTests()
      /home/kwatanabe/.goenv/versions/1.25.11/src/testing/testing.go:2475 +0x96c
  testing.(*M).Run()
      /home/kwatanabe/.goenv/versions/1.25.11/src/testing/testing.go:2337 +0xed4
  main.main()
      _testmain.go:149 +0x164

Goroutine 565 (running) created at:
  github.com/juicedata/juicefs/pkg/chunk.(*unstableDC).tick()
      /home/kwatanabe/tmp_local/juicefs_inspection/juicefs/pkg/chunk/disk_cache_state.go:191 +0xf9
  github.com/juicedata/juicefs/pkg/chunk.newDCState()
      /home/kwatanabe/tmp_local/juicefs_inspection/juicefs/pkg/chunk/disk_cache_state.go:102 +0x1e6
  github.com/juicedata/juicefs/pkg/chunk.(*cacheStore).event()
      /home/kwatanabe/tmp_local/juicefs_inspection/juicefs/pkg/chunk/disk_cache_state.go:271 +0x144
  github.com/juicedata/juicefs/pkg/chunk.(*normalDC).onIOErr()
      /home/kwatanabe/tmp_local/juicefs_inspection/juicefs/pkg/chunk/disk_cache_state.go:156 +0x6c
  github.com/juicedata/juicefs/pkg/chunk.testDiskCacheState()
      /home/kwatanabe/tmp_local/juicefs_inspection/juicefs/pkg/chunk/disk_cache_state_test.go:73 +0x62e
  github.com/juicedata/juicefs/pkg/chunk.TestDiskCacheState()
      /home/kwatanabe/tmp_local/juicefs_inspection/juicefs/pkg/chunk/disk_cache_state_test.go:110 +0x3a
  testing.tRunner()
      /home/kwatanabe/.goenv/versions/1.25.11/src/testing/testing.go:1934 +0x21c
  testing.(*T).Run.gowrap1()
      /home/kwatanabe/.goenv/versions/1.25.11/src/testing/testing.go:1997 +0x44
==================
==================
WARNING: DATA RACE
Read at 0x00c0006f708a by goroutine 476:
  github.com/juicedata/juicefs/pkg/chunk.(*cacheStore).cache()
      /home/kwatanabe/tmp_local/juicefs_inspection/juicefs/pkg/chunk/disk_cache.go:448 +0x90
  github.com/juicedata/juicefs/pkg/chunk.(*unstableDC).doProbe()
      /home/kwatanabe/tmp_local/juicefs_inspection/juicefs/pkg/chunk/disk_cache_state.go:236 +0x84
  github.com/juicedata/juicefs/pkg/chunk.testDiskCacheState()
      /home/kwatanabe/tmp_local/juicefs_inspection/juicefs/pkg/chunk/disk_cache_state_test.go:95 +0x975
  github.com/juicedata/juicefs/pkg/chunk.TestDiskCacheState()
      /home/kwatanabe/tmp_local/juicefs_inspection/juicefs/pkg/chunk/disk_cache_state_test.go:110 +0x3a
  testing.tRunner()
      /home/kwatanabe/.goenv/versions/1.25.11/src/testing/testing.go:1934 +0x21c
  testing.(*T).Run.gowrap1()
      /home/kwatanabe/.goenv/versions/1.25.11/src/testing/testing.go:1997 +0x44

Previous write at 0x00c0006f708a by goroutine 531:
  github.com/juicedata/juicefs/pkg/chunk.(*cacheStore).checkFreeSpace()
      /home/kwatanabe/tmp_local/juicefs_inspection/juicefs/pkg/chunk/disk_cache.go:357 +0x1ba
  github.com/juicedata/juicefs/pkg/chunk.newCacheStore.gowrap3()
      /home/kwatanabe/tmp_local/juicefs_inspection/juicefs/pkg/chunk/disk_cache.go:162 +0x33

Goroutine 476 (running) created at:
  testing.(*T).Run()
      /home/kwatanabe/.goenv/versions/1.25.11/src/testing/testing.go:1997 +0x9d2
  testing.runTests.func1()
      /home/kwatanabe/.goenv/versions/1.25.11/src/testing/testing.go:2477 +0x84
  testing.tRunner()
      /home/kwatanabe/.goenv/versions/1.25.11/src/testing/testing.go:1934 +0x21c
  testing.runTests()
      /home/kwatanabe/.goenv/versions/1.25.11/src/testing/testing.go:2475 +0x96c
  testing.(*M).Run()
      /home/kwatanabe/.goenv/versions/1.25.11/src/testing/testing.go:2337 +0xed4
  main.main()
      _testmain.go:149 +0x164

Goroutine 531 (running) created at:
  github.com/juicedata/juicefs/pkg/chunk.newCacheStore()
      /home/kwatanabe/tmp_local/juicefs_inspection/juicefs/pkg/chunk/disk_cache.go:162 +0x108a
  github.com/juicedata/juicefs/pkg/chunk.newCacheManager()
      /home/kwatanabe/tmp_local/juicefs_inspection/juicefs/pkg/chunk/disk_cache.go:1182 +0xa15
  github.com/juicedata/juicefs/pkg/chunk.testDiskCacheState()
      /home/kwatanabe/tmp_local/juicefs_inspection/juicefs/pkg/chunk/disk_cache_state_test.go:55 +0x33a
  github.com/juicedata/juicefs/pkg/chunk.TestDiskCacheState()
      /home/kwatanabe/tmp_local/juicefs_inspection/juicefs/pkg/chunk/disk_cache_state_test.go:110 +0x3a
  testing.tRunner()
      /home/kwatanabe/.goenv/versions/1.25.11/src/testing/testing.go:1934 +0x21c
  testing.(*T).Run.gowrap1()
      /home/kwatanabe/.goenv/versions/1.25.11/src/testing/testing.go:1997 +0x44
==================
==================
WARNING: DATA RACE
Read at 0x00c0006f70b8 by goroutine 534:
  github.com/juicedata/juicefs/pkg/chunk.(*cacheStore).available()
      /home/kwatanabe/tmp_local/juicefs_inspection/juicefs/pkg/chunk/disk_cache.go:242 +0x6b
  github.com/juicedata/juicefs/pkg/chunk.(*cacheStore).checkTimeout()
      /home/kwatanabe/tmp_local/juicefs_inspection/juicefs/pkg/chunk/disk_cache.go:288 +0x1d
  github.com/juicedata/juicefs/pkg/chunk.newCacheStore.gowrap7()
      /home/kwatanabe/tmp_local/juicefs_inspection/juicefs/pkg/chunk/disk_cache.go:168 +0x33

Previous write at 0x00c0006f70b8 by goroutine 476:
  github.com/juicedata/juicefs/pkg/chunk.setState()
      /home/kwatanabe/tmp_local/juicefs_inspection/juicefs/pkg/chunk/disk_cache_state_test.go:33 +0xea
  github.com/juicedata/juicefs/pkg/chunk.testDiskCacheState()
      /home/kwatanabe/tmp_local/juicefs_inspection/juicefs/pkg/chunk/disk_cache_state_test.go:94 +0x928
  github.com/juicedata/juicefs/pkg/chunk.TestDiskCacheState()
      /home/kwatanabe/tmp_local/juicefs_inspection/juicefs/pkg/chunk/disk_cache_state_test.go:110 +0x3a
  testing.tRunner()
      /home/kwatanabe/.goenv/versions/1.25.11/src/testing/testing.go:1934 +0x21c
  testing.(*T).Run.gowrap1()
      /home/kwatanabe/.goenv/versions/1.25.11/src/testing/testing.go:1997 +0x44

Goroutine 534 (running) created at:
  github.com/juicedata/juicefs/pkg/chunk.newCacheStore()
      /home/kwatanabe/tmp_local/juicefs_inspection/juicefs/pkg/chunk/disk_cache.go:168 +0x12aa
  github.com/juicedata/juicefs/pkg/chunk.newCacheManager()
      /home/kwatanabe/tmp_local/juicefs_inspection/juicefs/pkg/chunk/disk_cache.go:1182 +0xa15
  github.com/juicedata/juicefs/pkg/chunk.testDiskCacheState()
      /home/kwatanabe/tmp_local/juicefs_inspection/juicefs/pkg/chunk/disk_cache_state_test.go:55 +0x33a
  github.com/juicedata/juicefs/pkg/chunk.TestDiskCacheState()
      /home/kwatanabe/tmp_local/juicefs_inspection/juicefs/pkg/chunk/disk_cache_state_test.go:110 +0x3a
  testing.tRunner()
      /home/kwatanabe/.goenv/versions/1.25.11/src/testing/testing.go:1934 +0x21c
  testing.(*T).Run.gowrap1()
      /home/kwatanabe/.goenv/versions/1.25.11/src/testing/testing.go:1997 +0x44

Goroutine 476 (running) created at:
  testing.(*T).Run()
      /home/kwatanabe/.goenv/versions/1.25.11/src/testing/testing.go:1997 +0x9d2
  testing.runTests.func1()
      /home/kwatanabe/.goenv/versions/1.25.11/src/testing/testing.go:2477 +0x84
  testing.tRunner()
      /home/kwatanabe/.goenv/versions/1.25.11/src/testing/testing.go:1934 +0x21c
  testing.runTests()
      /home/kwatanabe/.goenv/versions/1.25.11/src/testing/testing.go:2475 +0x96c
  testing.(*M).Run()
      /home/kwatanabe/.goenv/versions/1.25.11/src/testing/testing.go:2337 +0xed4
  main.main()
      _testmain.go:149 +0x164
==================
2026/10/02 18:42:48.688875 juicefs[629908] <INFO>: disk cache /home/kwatanabe/.jfs-chunk-test-bs7J3D/TestDiskCacheState184535594/007/ state change from unstable to normal [event@disk_cache_state.go:283]
==================
WARNING: DATA RACE
Write at 0x000007f68398 by goroutine 476:
  github.com/juicedata/juicefs/pkg/chunk.testDiskCacheState()
      /home/kwatanabe/tmp_local/juicefs_inspection/juicefs/pkg/chunk/disk_cache_state_test.go:100 +0x9f0
  github.com/juicedata/juicefs/pkg/chunk.TestDiskCacheState()
      /home/kwatanabe/tmp_local/juicefs_inspection/juicefs/pkg/chunk/disk_cache_state_test.go:110 +0x3a
  testing.tRunner()
      /home/kwatanabe/.goenv/versions/1.25.11/src/testing/testing.go:1934 +0x21c
  testing.(*T).Run.gowrap1()
      /home/kwatanabe/.goenv/versions/1.25.11/src/testing/testing.go:1997 +0x44

Previous read at 0x000007f68398 by goroutine 567:
  github.com/juicedata/juicefs/pkg/chunk.(*unstableDC).tick.func1()
      /home/kwatanabe/tmp_local/juicefs_inspection/juicefs/pkg/chunk/disk_cache_state.go:192 +0x3e

Goroutine 476 (running) created at:
  testing.(*T).Run()
      /home/kwatanabe/.goenv/versions/1.25.11/src/testing/testing.go:1997 +0x9d2
  testing.runTests.func1()
      /home/kwatanabe/.goenv/versions/1.25.11/src/testing/testing.go:2477 +0x84
  testing.tRunner()
      /home/kwatanabe/.goenv/versions/1.25.11/src/testing/testing.go:1934 +0x21c
  testing.runTests()
      /home/kwatanabe/.goenv/versions/1.25.11/src/testing/testing.go:2475 +0x96c
  testing.(*M).Run()
      /home/kwatanabe/.goenv/versions/1.25.11/src/testing/testing.go:2337 +0xed4
  main.main()
      _testmain.go:149 +0x164

Goroutine 567 (finished) created at:
  github.com/juicedata/juicefs/pkg/chunk.(*unstableDC).tick()
      /home/kwatanabe/tmp_local/juicefs_inspection/juicefs/pkg/chunk/disk_cache_state.go:191 +0xf9
  github.com/juicedata/juicefs/pkg/chunk.newDCState()
      /home/kwatanabe/tmp_local/juicefs_inspection/juicefs/pkg/chunk/disk_cache_state.go:102 +0x1e6
  github.com/juicedata/juicefs/pkg/chunk.setState()
      /home/kwatanabe/tmp_local/juicefs_inspection/juicefs/pkg/chunk/disk_cache_state_test.go:33 +0xd6
  github.com/juicedata/juicefs/pkg/chunk.testDiskCacheState()
      /home/kwatanabe/tmp_local/juicefs_inspection/juicefs/pkg/chunk/disk_cache_state_test.go:94 +0x928
  github.com/juicedata/juicefs/pkg/chunk.TestDiskCacheState()
      /home/kwatanabe/tmp_local/juicefs_inspection/juicefs/pkg/chunk/disk_cache_state_test.go:110 +0x3a
  testing.tRunner()
      /home/kwatanabe/.goenv/versions/1.25.11/src/testing/testing.go:1934 +0x21c
  testing.(*T).Run.gowrap1()
      /home/kwatanabe/.goenv/versions/1.25.11/src/testing/testing.go:1997 +0x44
==================
==================
WARNING: DATA RACE
Write at 0x000007f67f28 by goroutine 476:
  github.com/juicedata/juicefs/pkg/chunk.testDiskCacheState()
      /home/kwatanabe/tmp_local/juicefs_inspection/juicefs/pkg/chunk/disk_cache_state_test.go:102 +0xa1e
  github.com/juicedata/juicefs/pkg/chunk.TestDiskCacheState()
      /home/kwatanabe/tmp_local/juicefs_inspection/juicefs/pkg/chunk/disk_cache_state_test.go:110 +0x3a
  testing.tRunner()
      /home/kwatanabe/.goenv/versions/1.25.11/src/testing/testing.go:1934 +0x21c
  testing.(*T).Run.gowrap1()
      /home/kwatanabe/.goenv/versions/1.25.11/src/testing/testing.go:1997 +0x44

Previous read at 0x000007f67f28 by goroutine 567:
  github.com/juicedata/juicefs/pkg/chunk.(*unstableDC).tick.func1()
      /home/kwatanabe/tmp_local/juicefs_inspection/juicefs/pkg/chunk/disk_cache_state.go:201 +0x1d4

Goroutine 476 (running) created at:
  testing.(*T).Run()
      /home/kwatanabe/.goenv/versions/1.25.11/src/testing/testing.go:1997 +0x9d2
  testing.runTests.func1()
      /home/kwatanabe/.goenv/versions/1.25.11/src/testing/testing.go:2477 +0x84
  testing.tRunner()
      /home/kwatanabe/.goenv/versions/1.25.11/src/testing/testing.go:1934 +0x21c
  testing.runTests()
      /home/kwatanabe/.goenv/versions/1.25.11/src/testing/testing.go:2475 +0x96c
  testing.(*M).Run()
      /home/kwatanabe/.goenv/versions/1.25.11/src/testing/testing.go:2337 +0xed4
  main.main()
      _testmain.go:149 +0x164

Goroutine 567 (finished) created at:
  github.com/juicedata/juicefs/pkg/chunk.(*unstableDC).tick()
      /home/kwatanabe/tmp_local/juicefs_inspection/juicefs/pkg/chunk/disk_cache_state.go:191 +0xf9
  github.com/juicedata/juicefs/pkg/chunk.newDCState()
      /home/kwatanabe/tmp_local/juicefs_inspection/juicefs/pkg/chunk/disk_cache_state.go:102 +0x1e6
  github.com/juicedata/juicefs/pkg/chunk.setState()
      /home/kwatanabe/tmp_local/juicefs_inspection/juicefs/pkg/chunk/disk_cache_state_test.go:33 +0xd6
  github.com/juicedata/juicefs/pkg/chunk.testDiskCacheState()
      /home/kwatanabe/tmp_local/juicefs_inspection/juicefs/pkg/chunk/disk_cache_state_test.go:94 +0x928
  github.com/juicedata/juicefs/pkg/chunk.TestDiskCacheState()
      /home/kwatanabe/tmp_local/juicefs_inspection/juicefs/pkg/chunk/disk_cache_state_test.go:110 +0x3a
  testing.tRunner()
      /home/kwatanabe/.goenv/versions/1.25.11/src/testing/testing.go:1934 +0x21c
  testing.(*T).Run.gowrap1()
      /home/kwatanabe/.goenv/versions/1.25.11/src/testing/testing.go:1997 +0x44
==================
==================
WARNING: DATA RACE
Write at 0x00c0006f70b8 by goroutine 476:
  github.com/juicedata/juicefs/pkg/chunk.setState()
      /home/kwatanabe/tmp_local/juicefs_inspection/juicefs/pkg/chunk/disk_cache_state_test.go:33 +0xea
  github.com/juicedata/juicefs/pkg/chunk.testDiskCacheState()
      /home/kwatanabe/tmp_local/juicefs_inspection/juicefs/pkg/chunk/disk_cache_state_test.go:103 +0xa3a
  github.com/juicedata/juicefs/pkg/chunk.TestDiskCacheState()
      /home/kwatanabe/tmp_local/juicefs_inspection/juicefs/pkg/chunk/disk_cache_state_test.go:110 +0x3a
  testing.tRunner()
      /home/kwatanabe/.goenv/versions/1.25.11/src/testing/testing.go:1934 +0x21c
  testing.(*T).Run.gowrap1()
      /home/kwatanabe/.goenv/versions/1.25.11/src/testing/testing.go:1997 +0x44

Previous read at 0x00c0006f70b8 by goroutine 563:
  github.com/juicedata/juicefs/pkg/chunk.(*cacheStore).available()
      /home/kwatanabe/tmp_local/juicefs_inspection/juicefs/pkg/chunk/disk_cache.go:242 +0x19b
  github.com/juicedata/juicefs/pkg/chunk.(*cacheManager).cleanup()
      /home/kwatanabe/tmp_local/juicefs_inspection/juicefs/pkg/chunk/disk_cache.go:1200 +0x180
  github.com/juicedata/juicefs/pkg/chunk.newCacheManager.gowrap1()
      /home/kwatanabe/tmp_local/juicefs_inspection/juicefs/pkg/chunk/disk_cache.go:1187 +0x33

Goroutine 476 (running) created at:
  testing.(*T).Run()
      /home/kwatanabe/.goenv/versions/1.25.11/src/testing/testing.go:1997 +0x9d2
  testing.runTests.func1()
      /home/kwatanabe/.goenv/versions/1.25.11/src/testing/testing.go:2477 +0x84
  testing.tRunner()
      /home/kwatanabe/.goenv/versions/1.25.11/src/testing/testing.go:1934 +0x21c
  testing.runTests()
      /home/kwatanabe/.goenv/versions/1.25.11/src/testing/testing.go:2475 +0x96c
  testing.(*M).Run()
      /home/kwatanabe/.goenv/versions/1.25.11/src/testing/testing.go:2337 +0xed4
  main.main()
      _testmain.go:149 +0x164

Goroutine 563 (running) created at:
  github.com/juicedata/juicefs/pkg/chunk.newCacheManager()
      /home/kwatanabe/tmp_local/juicefs_inspection/juicefs/pkg/chunk/disk_cache.go:1187 +0xc5c
  github.com/juicedata/juicefs/pkg/chunk.testDiskCacheState()
      /home/kwatanabe/tmp_local/juicefs_inspection/juicefs/pkg/chunk/disk_cache_state_test.go:55 +0x33a
  github.com/juicedata/juicefs/pkg/chunk.TestDiskCacheState()
      /home/kwatanabe/tmp_local/juicefs_inspection/juicefs/pkg/chunk/disk_cache_state_test.go:110 +0x3a
  testing.tRunner()
      /home/kwatanabe/.goenv/versions/1.25.11/src/testing/testing.go:1934 +0x21c
  testing.(*T).Run.gowrap1()
      /home/kwatanabe/.goenv/versions/1.25.11/src/testing/testing.go:1997 +0x44
==================
==================
WARNING: DATA RACE
Write at 0x00c0006f70b8 by goroutine 570:
  github.com/juicedata/juicefs/pkg/chunk.(*cacheStore).event()
      /home/kwatanabe/tmp_local/juicefs_inspection/juicefs/pkg/chunk/disk_cache_state.go:280 +0x22d
  github.com/juicedata/juicefs/pkg/chunk.(*unstableDC).tick.func1()
      /home/kwatanabe/tmp_local/juicefs_inspection/juicefs/pkg/chunk/disk_cache_state.go:204 +0x2ca

Previous read at 0x00c0006f70b8 by goroutine 534:
  github.com/juicedata/juicefs/pkg/chunk.(*cacheStore).available()
      /home/kwatanabe/tmp_local/juicefs_inspection/juicefs/pkg/chunk/disk_cache.go:242 +0x6b
  github.com/juicedata/juicefs/pkg/chunk.(*cacheStore).checkTimeout()
      /home/kwatanabe/tmp_local/juicefs_inspection/juicefs/pkg/chunk/disk_cache.go:288 +0x1d
  github.com/juicedata/juicefs/pkg/chunk.newCacheStore.gowrap7()
      /home/kwatanabe/tmp_local/juicefs_inspection/juicefs/pkg/chunk/disk_cache.go:168 +0x33

Goroutine 570 (running) created at:
  github.com/juicedata/juicefs/pkg/chunk.(*unstableDC).tick()
      /home/kwatanabe/tmp_local/juicefs_inspection/juicefs/pkg/chunk/disk_cache_state.go:191 +0xf9
  github.com/juicedata/juicefs/pkg/chunk.newDCState()
      /home/kwatanabe/tmp_local/juicefs_inspection/juicefs/pkg/chunk/disk_cache_state.go:102 +0x1e6
  github.com/juicedata/juicefs/pkg/chunk.setState()
      /home/kwatanabe/tmp_local/juicefs_inspection/juicefs/pkg/chunk/disk_cache_state_test.go:33 +0xd6
  github.com/juicedata/juicefs/pkg/chunk.testDiskCacheState()
      /home/kwatanabe/tmp_local/juicefs_inspection/juicefs/pkg/chunk/disk_cache_state_test.go:103 +0xa3a
  github.com/juicedata/juicefs/pkg/chunk.TestDiskCacheState()
      /home/kwatanabe/tmp_local/juicefs_inspection/juicefs/pkg/chunk/disk_cache_state_test.go:110 +0x3a
  testing.tRunner()
      /home/kwatanabe/.goenv/versions/1.25.11/src/testing/testing.go:1934 +0x21c
  testing.(*T).Run.gowrap1()
      /home/kwatanabe/.goenv/versions/1.25.11/src/testing/testing.go:1997 +0x44

Goroutine 534 (running) created at:
  github.com/juicedata/juicefs/pkg/chunk.newCacheStore()
      /home/kwatanabe/tmp_local/juicefs_inspection/juicefs/pkg/chunk/disk_cache.go:168 +0x12aa
  github.com/juicedata/juicefs/pkg/chunk.newCacheManager()
      /home/kwatanabe/tmp_local/juicefs_inspection/juicefs/pkg/chunk/disk_cache.go:1182 +0xa15
  github.com/juicedata/juicefs/pkg/chunk.testDiskCacheState()
      /home/kwatanabe/tmp_local/juicefs_inspection/juicefs/pkg/chunk/disk_cache_state_test.go:55 +0x33a
  github.com/juicedata/juicefs/pkg/chunk.TestDiskCacheState()
      /home/kwatanabe/tmp_local/juicefs_inspection/juicefs/pkg/chunk/disk_cache_state_test.go:110 +0x3a
  testing.tRunner()
      /home/kwatanabe/.goenv/versions/1.25.11/src/testing/testing.go:1934 +0x21c
  testing.(*T).Run.gowrap1()
      /home/kwatanabe/.goenv/versions/1.25.11/src/testing/testing.go:1997 +0x44
==================
2026/10/02 18:42:50.689142 juicefs[629908] <INFO>: disk cache /home/kwatanabe/.jfs-chunk-test-bs7J3D/TestDiskCacheState184535594/007/ state change from unstable to down [event@disk_cache_state.go:283]
2026/10/02 18:42:51.686700 juicefs[629908] <INFO>: stop checkFreeSpace at /home/kwatanabe/.jfs-chunk-test-bs7J3D/TestDiskCacheState184535594/007/ [checkFreeSpace@disk_cache.go:371]
==================
WARNING: DATA RACE
Write at 0x000007f68398 by goroutine 476:
  github.com/juicedata/juicefs/pkg/chunk.testDiskCacheState.func1()
      /home/kwatanabe/tmp_local/juicefs_inspection/juicefs/pkg/chunk/disk_cache_state_test.go:39 +0x3c
  runtime.deferreturn()
      /home/kwatanabe/.goenv/versions/1.25.11/src/runtime/panic.go:589 +0x5d
  github.com/juicedata/juicefs/pkg/chunk.TestDiskCacheState()
      /home/kwatanabe/tmp_local/juicefs_inspection/juicefs/pkg/chunk/disk_cache_state_test.go:110 +0x3a
  testing.tRunner()
      /home/kwatanabe/.goenv/versions/1.25.11/src/testing/testing.go:1934 +0x21c
  testing.(*T).Run.gowrap1()
      /home/kwatanabe/.goenv/versions/1.25.11/src/testing/testing.go:1997 +0x44

Previous read at 0x000007f68398 by goroutine 570:
  github.com/juicedata/juicefs/pkg/chunk.(*unstableDC).tick.func1()
      /home/kwatanabe/tmp_local/juicefs_inspection/juicefs/pkg/chunk/disk_cache_state.go:192 +0x3e

Goroutine 476 (running) created at:
  testing.(*T).Run()
      /home/kwatanabe/.goenv/versions/1.25.11/src/testing/testing.go:1997 +0x9d2
  testing.runTests.func1()
      /home/kwatanabe/.goenv/versions/1.25.11/src/testing/testing.go:2477 +0x84
  testing.tRunner()
      /home/kwatanabe/.goenv/versions/1.25.11/src/testing/testing.go:1934 +0x21c
  testing.runTests()
      /home/kwatanabe/.goenv/versions/1.25.11/src/testing/testing.go:2475 +0x96c
  testing.(*M).Run()
      /home/kwatanabe/.goenv/versions/1.25.11/src/testing/testing.go:2337 +0xed4
  main.main()
      _testmain.go:149 +0x164

Goroutine 570 (finished) created at:
  github.com/juicedata/juicefs/pkg/chunk.(*unstableDC).tick()
      /home/kwatanabe/tmp_local/juicefs_inspection/juicefs/pkg/chunk/disk_cache_state.go:191 +0xf9
  github.com/juicedata/juicefs/pkg/chunk.newDCState()
      /home/kwatanabe/tmp_local/juicefs_inspection/juicefs/pkg/chunk/disk_cache_state.go:102 +0x1e6
  github.com/juicedata/juicefs/pkg/chunk.setState()
      /home/kwatanabe/tmp_local/juicefs_inspection/juicefs/pkg/chunk/disk_cache_state_test.go:33 +0xd6
  github.com/juicedata/juicefs/pkg/chunk.testDiskCacheState()
      /home/kwatanabe/tmp_local/juicefs_inspection/juicefs/pkg/chunk/disk_cache_state_test.go:103 +0xa3a
  github.com/juicedata/juicefs/pkg/chunk.TestDiskCacheState()
      /home/kwatanabe/tmp_local/juicefs_inspection/juicefs/pkg/chunk/disk_cache_state_test.go:110 +0x3a
  testing.tRunner()
      /home/kwatanabe/.goenv/versions/1.25.11/src/testing/testing.go:1934 +0x21c
  testing.(*T).Run.gowrap1()
      /home/kwatanabe/.goenv/versions/1.25.11/src/testing/testing.go:1997 +0x44
==================
==================
WARNING: DATA RACE
Write at 0x000007f67f28 by goroutine 476:
  github.com/juicedata/juicefs/pkg/chunk.testDiskCacheState.func1()
      /home/kwatanabe/tmp_local/juicefs_inspection/juicefs/pkg/chunk/disk_cache_state_test.go:39 +0x54
  runtime.deferreturn()
      /home/kwatanabe/.goenv/versions/1.25.11/src/runtime/panic.go:589 +0x5d
  github.com/juicedata/juicefs/pkg/chunk.TestDiskCacheState()
      /home/kwatanabe/tmp_local/juicefs_inspection/juicefs/pkg/chunk/disk_cache_state_test.go:110 +0x3a
  testing.tRunner()
      /home/kwatanabe/.goenv/versions/1.25.11/src/testing/testing.go:1934 +0x21c
2026/10/02 18:42:51.689030 juicefs[629908] <ERROR>: cache dir `/home/kwatanabe/.jfs-chunk-test-bs7J3D/TestDiskCacheState184535594/007/`(4eddc1fc-0dfd-4b2c-b5d3-a19423595220) is unavailable, removed [removeStore@disk_cache.go:1236]
  testing.(*T).Run.gowrap1()
      /home/kwatanabe/.goenv/versions/1.25.11/src/testing/testing.go:1997 +0x44

Previous read at 0x000007f67f28 by goroutine 570:
  github.com/juicedata/juicefs/pkg/chunk.(*unstableDC).tick.func1()
      /home/kwatanabe/tmp_local/juicefs_inspection/juicefs/pkg/chunk/disk_cache_state.go:201 +0x1d4

Goroutine 476 (running) created at:
  testing.(*T).Run()
      /home/kwatanabe/.goenv/versions/1.25.11/src/testing/testing.go:1997 +0x9d2
  testing.runTests.func1()
      /home/kwatanabe/.goenv/versions/1.25.11/src/testing/testing.go:2477 +0x84
  testing.tRunner()
      /home/kwatanabe/.goenv/versions/1.25.11/src/testing/testing.go:1934 +0x21c
  testing.runTests()
      /home/kwatanabe/.goenv/versions/1.25.11/src/testing/testing.go:2475 +0x96c
  testing.(*M).Run()
      /home/kwatanabe/.goenv/versions/1.25.11/src/testing/testing.go:2337 +0xed4
  main.main()
      _testmain.go:149 +0x164

Goroutine 570 (finished) created at:
  github.com/juicedata/juicefs/pkg/chunk.(*unstableDC).tick()
      /home/kwatanabe/tmp_local/juicefs_inspection/juicefs/pkg/chunk/disk_cache_state.go:191 +0xf9
  github.com/juicedata/juicefs/pkg/chunk.newDCState()
      /home/kwatanabe/tmp_local/juicefs_inspection/juicefs/pkg/chunk/disk_cache_state.go:102 +0x1e6
  github.com/juicedata/juicefs/pkg/chunk.setState()
      /home/kwatanabe/tmp_local/juicefs_inspection/juicefs/pkg/chunk/disk_cache_state_test.go:33 +0xd6
  github.com/juicedata/juicefs/pkg/chunk.testDiskCacheState()
      /home/kwatanabe/tmp_local/juicefs_inspection/juicefs/pkg/chunk/disk_cache_state_test.go:103 +0xa3a
  github.com/juicedata/juicefs/pkg/chunk.TestDiskCacheState()
      /home/kwatanabe/tmp_local/juicefs_inspection/juicefs/pkg/chunk/disk_cache_state_test.go:110 +0x3a
  testing.tRunner()
      /home/kwatanabe/.goenv/versions/1.25.11/src/testing/testing.go:1934 +0x21c
  testing.(*T).Run.gowrap1()
      /home/kwatanabe/.goenv/versions/1.25.11/src/testing/testing.go:1997 +0x44
==================
==================
WARNING: DATA RACE
Write at 0x000007f68380 by goroutine 476:
  github.com/juicedata/juicefs/pkg/chunk.testDiskCacheState.func1()
      /home/kwatanabe/tmp_local/juicefs_inspection/juicefs/pkg/chunk/disk_cache_state_test.go:39 +0x6a
  runtime.deferreturn()
      /home/kwatanabe/.goenv/versions/1.25.11/src/runtime/panic.go:589 +0x5d
  github.com/juicedata/juicefs/pkg/chunk.TestDiskCacheState()
      /home/kwatanabe/tmp_local/juicefs_inspection/juicefs/pkg/chunk/disk_cache_state_test.go:110 +0x3a
  testing.tRunner()
      /home/kwatanabe/.goenv/versions/1.25.11/src/testing/testing.go:1934 +0x21c
  testing.(*T).Run.gowrap1()
      /home/kwatanabe/.goenv/versions/1.25.11/src/testing/testing.go:1997 +0x44

Previous read at 0x000007f68380 by goroutine 570:
  github.com/juicedata/juicefs/pkg/chunk.(*unstableDC).tick.func1()
      /home/kwatanabe/tmp_local/juicefs_inspection/juicefs/pkg/chunk/disk_cache_state.go:203 +0x295

Goroutine 476 (running) created at:
  testing.(*T).Run()
      /home/kwatanabe/.goenv/versions/1.25.11/src/testing/testing.go:1997 +0x9d2
  testing.runTests.func1()
      /home/kwatanabe/.goenv/versions/1.25.11/src/testing/testing.go:2477 +0x84
  testing.tRunner()
      /home/kwatanabe/.goenv/versions/1.25.11/src/testing/testing.go:1934 +0x21c
  testing.runTests()
      /home/kwatanabe/.goenv/versions/1.25.11/src/testing/testing.go:2475 +0x96c
  testing.(*M).Run()
      /home/kwatanabe/.goenv/versions/1.25.11/src/testing/testing.go:2337 +0xed4
  main.main()
      _testmain.go:149 +0x164

Goroutine 570 (finished) created at:
  github.com/juicedata/juicefs/pkg/chunk.(*unstableDC).tick()
      /home/kwatanabe/tmp_local/juicefs_inspection/juicefs/pkg/chunk/disk_cache_state.go:191 +0xf9
  github.com/juicedata/juicefs/pkg/chunk.newDCState()
      /home/kwatanabe/tmp_local/juicefs_inspection/juicefs/pkg/chunk/disk_cache_state.go:102 +0x1e6
  github.com/juicedata/juicefs/pkg/chunk.setState()
      /home/kwatanabe/tmp_local/juicefs_inspection/juicefs/pkg/chunk/disk_cache_state_test.go:33 +0xd6
  github.com/juicedata/juicefs/pkg/chunk.testDiskCacheState()
      /home/kwatanabe/tmp_local/juicefs_inspection/juicefs/pkg/chunk/disk_cache_state_test.go:103 +0xa3a
  github.com/juicedata/juicefs/pkg/chunk.TestDiskCacheState()
      /home/kwatanabe/tmp_local/juicefs_inspection/juicefs/pkg/chunk/disk_cache_state_test.go:110 +0x3a
  testing.tRunner()
      /home/kwatanabe/.goenv/versions/1.25.11/src/testing/testing.go:1934 +0x21c
  testing.(*T).Run.gowrap1()
      /home/kwatanabe/.goenv/versions/1.25.11/src/testing/testing.go:1997 +0x44
==================
--- FAIL: TestDiskCacheState (12.02s)
    testing.go:1617: race detected during execution of test
2026/10/02 18:42:51.690096 juicefs[629908] <WARNING>: unknown cache eviction policy: "", fallback to 2-random [newCacheStore@disk_cache.go:119]
2026/10/02 18:42:51.690483 juicefs[629908] <INFO>: Disk cache (/home/kwatanabe/.jfs-chunk-test-bs7J3D/diskCache-629908/1790934171690050105): used ratio - [space 19.5%, inode 4.4%] [newCacheStore@disk_cache.go:154]
2026/10/02 18:42:51.690547 juicefs[629908] <INFO>: Adjusted max items based on freeratio: from 0 to 60397976 items [setLimitByFreeRatio@disk_cache.go:191]
2026/10/02 18:42:51.690905 juicefs[629908] <WARNING>: unknown cache eviction policy: "", fallback to 2-random [newCacheStore@disk_cache.go:119]
2026/10/02 18:42:51.691155 juicefs[629908] <INFO>: Disk cache (/home/kwatanabe/.jfs-chunk-test-bs7J3D/diskCache-629908/1790934171690825700/): used ratio - [space 19.5%, inode 4.4%] [newCacheStore@disk_cache.go:154]
2026/10/02 18:42:51.691205 juicefs[629908] <INFO>: Adjusted max items based on freeratio: from 0 to 60397976 items [setLimitByFreeRatio@disk_cache.go:191]
==================
WARNING: DATA RACE
Write at 0x00c00129490a by goroutine 583:
  github.com/juicedata/juicefs/pkg/chunk.(*cacheStore).checkFreeSpace()
      /home/kwatanabe/tmp_local/juicefs_inspection/juicefs/pkg/chunk/disk_cache.go:357 +0x1ba
  github.com/juicedata/juicefs/pkg/chunk.newCacheStore.gowrap3()
      /home/kwatanabe/tmp_local/juicefs_inspection/juicefs/pkg/chunk/disk_cache.go:162 +0x33

Previous read at 0x00c00129490a by goroutine 579:
  github.com/juicedata/juicefs/pkg/chunk.(*cacheStore).cache()
      /home/kwatanabe/tmp_local/juicefs_inspection/juicefs/pkg/chunk/disk_cache.go:448 +0x90
  github.com/juicedata/juicefs/pkg/chunk.TestMetrics()
      /home/kwatanabe/tmp_local/juicefs_inspection/juicefs/pkg/chunk/disk_cache_test.go:101 +0x2da
  testing.tRunner()
      /home/kwatanabe/.goenv/versions/1.25.11/src/testing/testing.go:1934 +0x21c
  testing.(*T).Run.gowrap1()
      /home/kwatanabe/.goenv/versions/1.25.11/src/testing/testing.go:1997 +0x44

Goroutine 583 (running) created at:
  github.com/juicedata/juicefs/pkg/chunk.newCacheStore()
      /home/kwatanabe/tmp_local/juicefs_inspection/juicefs/pkg/chunk/disk_cache.go:162 +0x108a
  github.com/juicedata/juicefs/pkg/chunk.newCacheManager()
      /home/kwatanabe/tmp_local/juicefs_inspection/juicefs/pkg/chunk/disk_cache.go:1182 +0xa15
  github.com/juicedata/juicefs/pkg/chunk.TestMetrics()
      /home/kwatanabe/tmp_local/juicefs_inspection/juicefs/pkg/chunk/disk_cache_test.go:96 +0x125
  testing.tRunner()
      /home/kwatanabe/.goenv/versions/1.25.11/src/testing/testing.go:1934 +0x21c
  testing.(*T).Run.gowrap1()
      /home/kwatanabe/.goenv/versions/1.25.11/src/testing/testing.go:1997 +0x44

Goroutine 579 (running) created at:
  testing.(*T).Run()
      /home/kwatanabe/.goenv/versions/1.25.11/src/testing/testing.go:1997 +0x9d2
  testing.runTests.func1()
      /home/kwatanabe/.goenv/versions/1.25.11/src/testing/testing.go:2477 +0x84
  testing.tRunner()
      /home/kwatanabe/.goenv/versions/1.25.11/src/testing/testing.go:1934 +0x21c
  testing.runTests()
      /home/kwatanabe/.goenv/versions/1.25.11/src/testing/testing.go:2475 +0x96c
  testing.(*M).Run()
      /home/kwatanabe/.goenv/versions/1.25.11/src/testing/testing.go:2337 +0xed4
  main.main()
      _testmain.go:149 +0x164
==================
--- FAIL: TestMetrics (0.10s)
    testing.go:1617: race detected during execution of test
2026/10/02 18:42:51.795430 juicefs[629908] <INFO>: Disk cache (/home/kwatanabe/.jfs-chunk-test-bs7J3D/diskCache-629908/1790934171795109371): used ratio - [space 19.5%, inode 4.4%] [newCacheStore@disk_cache.go:154]
2026/10/02 18:42:51.795501 juicefs[629908] <INFO>: Adjusted max items based on freeratio: from 0 to 66437776 items [setLimitByFreeRatio@disk_cache.go:191]
==================
WARNING: DATA RACE
Write at 0x00c000cde54a by goroutine 611:
  github.com/juicedata/juicefs/pkg/chunk.(*cacheStore).checkFreeSpace()
      /home/kwatanabe/tmp_local/juicefs_inspection/juicefs/pkg/chunk/disk_cache.go:357 +0x1ba
  github.com/juicedata/juicefs/pkg/chunk.newCacheStore.gowrap3()
      /home/kwatanabe/tmp_local/juicefs_inspection/juicefs/pkg/chunk/disk_cache.go:162 +0x33

Previous read at 0x00c000cde54a by goroutine 607:
  github.com/juicedata/juicefs/pkg/chunk.(*cacheStore).cache()
      /home/kwatanabe/tmp_local/juicefs_inspection/juicefs/pkg/chunk/disk_cache.go:448 +0x90
  github.com/juicedata/juicefs/pkg/chunk.TestChecksum()
      /home/kwatanabe/tmp_local/juicefs_inspection/juicefs/pkg/chunk/disk_cache_test.go:193 +0x3b6
  testing.tRunner()
      /home/kwatanabe/.goenv/versions/1.25.11/src/testing/testing.go:1934 +0x21c
  testing.(*T).Run.gowrap1()
      /home/kwatanabe/.goenv/versions/1.25.11/src/testing/testing.go:1997 +0x44

Goroutine 611 (running) created at:
  github.com/juicedata/juicefs/pkg/chunk.newCacheStore()
      /home/kwatanabe/tmp_local/juicefs_inspection/juicefs/pkg/chunk/disk_cache.go:162 +0x108a
  github.com/juicedata/juicefs/pkg/chunk.TestChecksum()
      /home/kwatanabe/tmp_local/juicefs_inspection/juicefs/pkg/chunk/disk_cache_test.go:181 +0x198
  testing.tRunner()
      /home/kwatanabe/.goenv/versions/1.25.11/src/testing/testing.go:1934 +0x21c
  testing.(*T).Run.gowrap1()
      /home/kwatanabe/.goenv/versions/1.25.11/src/testing/testing.go:1997 +0x44

Goroutine 607 (running) created at:
  testing.(*T).Run()
      /home/kwatanabe/.goenv/versions/1.25.11/src/testing/testing.go:1997 +0x9d2
  testing.runTests.func1()
      /home/kwatanabe/.goenv/versions/1.25.11/src/testing/testing.go:2477 +0x84
  testing.tRunner()
      /home/kwatanabe/.goenv/versions/1.25.11/src/testing/testing.go:1934 +0x21c
  testing.runTests()
      /home/kwatanabe/.goenv/versions/1.25.11/src/testing/testing.go:2475 +0x96c
  testing.(*M).Run()
      /home/kwatanabe/.goenv/versions/1.25.11/src/testing/testing.go:2337 +0xed4
  main.main()
      _testmain.go:149 +0x164
==================
==================
WARNING: DATA RACE
Read at 0x00c000cde550 by goroutine 610:
  github.com/juicedata/juicefs/pkg/chunk.(*cacheStore).flushPage()
      /home/kwatanabe/tmp_local/juicefs_inspection/juicefs/pkg/chunk/disk_cache.go:545 +0xb4e
  github.com/juicedata/juicefs/pkg/chunk.(*cacheStore).flush()
      /home/kwatanabe/tmp_local/juicefs_inspection/juicefs/pkg/chunk/disk_cache.go:749 +0x246
  github.com/juicedata/juicefs/pkg/chunk.newCacheStore.gowrap2()
      /home/kwatanabe/tmp_local/juicefs_inspection/juicefs/pkg/chunk/disk_cache.go:161 +0x33

Previous write at 0x00c000cde550 by goroutine 607:
  github.com/juicedata/juicefs/pkg/chunk.TestChecksum()
      /home/kwatanabe/tmp_local/juicefs_inspection/juicefs/pkg/chunk/disk_cache_test.go:192 +0x357
  testing.tRunner()
      /home/kwatanabe/.goenv/versions/1.25.11/src/testing/testing.go:1934 +0x21c
  testing.(*T).Run.gowrap1()
      /home/kwatanabe/.goenv/versions/1.25.11/src/testing/testing.go:1997 +0x44

Goroutine 610 (running) created at:
  github.com/juicedata/juicefs/pkg/chunk.newCacheStore()
      /home/kwatanabe/tmp_local/juicefs_inspection/juicefs/pkg/chunk/disk_cache.go:161 +0x100a
  github.com/juicedata/juicefs/pkg/chunk.TestChecksum()
      /home/kwatanabe/tmp_local/juicefs_inspection/juicefs/pkg/chunk/disk_cache_test.go:181 +0x198
  testing.tRunner()
      /home/kwatanabe/.goenv/versions/1.25.11/src/testing/testing.go:1934 +0x21c
  testing.(*T).Run.gowrap1()
      /home/kwatanabe/.goenv/versions/1.25.11/src/testing/testing.go:1997 +0x44

Goroutine 607 (running) created at:
  testing.(*T).Run()
      /home/kwatanabe/.goenv/versions/1.25.11/src/testing/testing.go:1997 +0x9d2
  testing.runTests.func1()
      /home/kwatanabe/.goenv/versions/1.25.11/src/testing/testing.go:2477 +0x84
  testing.tRunner()
      /home/kwatanabe/.goenv/versions/1.25.11/src/testing/testing.go:1934 +0x21c
  testing.runTests()
      /home/kwatanabe/.goenv/versions/1.25.11/src/testing/testing.go:2475 +0x96c
  testing.(*M).Run()
      /home/kwatanabe/.goenv/versions/1.25.11/src/testing/testing.go:2337 +0xed4
  main.main()
      _testmain.go:149 +0x164
==================
2026/10/02 18:42:52.686569 juicefs[629908] <WARNING>: statfs /home/kwatanabe/.jfs-chunk-test-bs7J3D/TestDiskCacheState184535594/002/: no such file or directory [getDiskUsage@utils_unix.go:39]
2026/10/02 18:42:52.686588 juicefs[629908] <WARNING>: statfs /home/kwatanabe/.jfs-chunk-test-bs7J3D/TestDiskCacheState184535594/003/: no such file or directory [getDiskUsage@utils_unix.go:39]
2026/10/02 18:42:52.686632 juicefs[629908] <WARNING>: statfs /home/kwatanabe/.jfs-chunk-test-bs7J3D/TestDiskCacheState184535594/010/: no such file or directory [getDiskUsage@utils_unix.go:39]
2026/10/02 18:42:52.686680 juicefs[629908] <WARNING>: statfs /home/kwatanabe/.jfs-chunk-test-bs7J3D/TestDiskCacheState184535594/006/: no such file or directory [getDiskUsage@utils_unix.go:39]
2026/10/02 18:42:52.686765 juicefs[629908] <WARNING>: statfs /home/kwatanabe/.jfs-chunk-test-bs7J3D/TestDiskCacheState184535594/004/: no such file or directory [getDiskUsage@utils_unix.go:39]
2026/10/02 18:42:52.686790 juicefs[629908] <WARNING>: statfs /home/kwatanabe/.jfs-chunk-test-bs7J3D/TestDiskCacheState184535594/009/: no such file or directory [getDiskUsage@utils_unix.go:39]
2026/10/02 18:42:52.686809 juicefs[629908] <WARNING>: statfs /home/kwatanabe/.jfs-chunk-test-bs7J3D/TestDiskCacheState184535594/011/: no such file or directory [getDiskUsage@utils_unix.go:39]
2026/10/02 18:42:52.686820 juicefs[629908] <WARNING>: statfs /home/kwatanabe/.jfs-chunk-test-bs7J3D/TestDiskCacheState184535594/008/: no such file or directory [getDiskUsage@utils_unix.go:39]
2026/10/02 18:42:52.686825 juicefs[629908] <WARNING>: statfs /home/kwatanabe/.jfs-chunk-test-bs7J3D/TestDiskCacheState184535594/005/: no such file or directory [getDiskUsage@utils_unix.go:39]
2026/10/02 18:42:52.691093 juicefs[629908] <WARNING>: statfs /home/kwatanabe/.jfs-chunk-test-bs7J3D/diskCache-629908/1790934171690050105: no such file or directory [getDiskUsage@utils_unix.go:39]
2026/10/02 18:42:52.692292 juicefs[629908] <WARNING>: statfs /home/kwatanabe/.jfs-chunk-test-bs7J3D/diskCache-629908/1790934171690825700/: no such file or directory [getDiskUsage@utils_unix.go:39]
2026/10/02 18:42:53.687757 juicefs[629908] <WARNING>: statfs /home/kwatanabe/.jfs-chunk-test-bs7J3D/TestDiskCacheState184535594/002/: no such file or directory [getDiskUsage@utils_unix.go:39]
2026/10/02 18:42:53.687855 juicefs[629908] <WARNING>: statfs /home/kwatanabe/.jfs-chunk-test-bs7J3D/TestDiskCacheState184535594/005/: no such file or directory [getDiskUsage@utils_unix.go:39]
2026/10/02 18:42:53.687971 juicefs[629908] <WARNING>: statfs /home/kwatanabe/.jfs-chunk-test-bs7J3D/TestDiskCacheState184535594/006/: no such file or directory [getDiskUsage@utils_unix.go:39]
2026/10/02 18:42:53.687960 juicefs[629908] <WARNING>: statfs /home/kwatanabe/.jfs-chunk-test-bs7J3D/TestDiskCacheState184535594/010/: no such file or directory [getDiskUsage@utils_unix.go:39]
2026/10/02 18:42:53.687929 juicefs[629908] <WARNING>: statfs /home/kwatanabe/.jfs-chunk-test-bs7J3D/TestDiskCacheState184535594/003/: no such file or directory [getDiskUsage@utils_unix.go:39]
2026/10/02 18:42:53.687953 juicefs[629908] <WARNING>: statfs /home/kwatanabe/.jfs-chunk-test-bs7J3D/TestDiskCacheState184535594/009/: no such file or directory [getDiskUsage@utils_unix.go:39]
2026/10/02 18:42:53.687906 juicefs[629908] <WARNING>: statfs /home/kwatanabe/.jfs-chunk-test-bs7J3D/TestDiskCacheState184535594/004/: no such file or directory [getDiskUsage@utils_unix.go:39]
2026/10/02 18:42:53.687997 juicefs[629908] <WARNING>: statfs /home/kwatanabe/.jfs-chunk-test-bs7J3D/TestDiskCacheState184535594/011/: no such file or directory [getDiskUsage@utils_unix.go:39]
2026/10/02 18:42:53.687968 juicefs[629908] <WARNING>: statfs /home/kwatanabe/.jfs-chunk-test-bs7J3D/TestDiskCacheState184535594/008/: no such file or directory [getDiskUsage@utils_unix.go:39]
2026/10/02 18:42:53.691528 juicefs[629908] <WARNING>: statfs /home/kwatanabe/.jfs-chunk-test-bs7J3D/diskCache-629908/1790934171690050105: no such file or directory [getDiskUsage@utils_unix.go:39]
2026/10/02 18:42:53.692794 juicefs[629908] <WARNING>: statfs /home/kwatanabe/.jfs-chunk-test-bs7J3D/diskCache-629908/1790934171690825700/: no such file or directory [getDiskUsage@utils_unix.go:39]
2026/10/02 18:42:54.688736 juicefs[629908] <WARNING>: statfs /home/kwatanabe/.jfs-chunk-test-bs7J3D/TestDiskCacheState184535594/011/: no such file or directory [getDiskUsage@utils_unix.go:39]
2026/10/02 18:42:54.688815 juicefs[629908] <WARNING>: statfs /home/kwatanabe/.jfs-chunk-test-bs7J3D/TestDiskCacheState184535594/003/: no such file or directory [getDiskUsage@utils_unix.go:39]
2026/10/02 18:42:54.688805 juicefs[629908] <WARNING>: statfs /home/kwatanabe/.jfs-chunk-test-bs7J3D/TestDiskCacheState184535594/006/: no such file or directory [getDiskUsage@utils_unix.go:39]
2026/10/02 18:42:54.688779 juicefs[629908] <WARNING>: statfs /home/kwatanabe/.jfs-chunk-test-bs7J3D/TestDiskCacheState184535594/010/: no such file or directory [getDiskUsage@utils_unix.go:39]
2026/10/02 18:42:54.688795 juicefs[629908] <WARNING>: statfs /home/kwatanabe/.jfs-chunk-test-bs7J3D/TestDiskCacheState184535594/004/: no such file or directory [getDiskUsage@utils_unix.go:39]
2026/10/02 18:42:54.688758 juicefs[629908] <WARNING>: statfs /home/kwatanabe/.jfs-chunk-test-bs7J3D/TestDiskCacheState184535594/009/: no such file or directory [getDiskUsage@utils_unix.go:39]
2026/10/02 18:42:54.688835 juicefs[629908] <WARNING>: statfs /home/kwatanabe/.jfs-chunk-test-bs7J3D/TestDiskCacheState184535594/008/: no such file or directory [getDiskUsage@utils_unix.go:39]
2026/10/02 18:42:54.688845 juicefs[629908] <WARNING>: statfs /home/kwatanabe/.jfs-chunk-test-bs7J3D/TestDiskCacheState184535594/002/: no such file or directory [getDiskUsage@utils_unix.go:39]
2026/10/02 18:42:54.688867 juicefs[629908] <WARNING>: statfs /home/kwatanabe/.jfs-chunk-test-bs7J3D/TestDiskCacheState184535594/005/: no such file or directory [getDiskUsage@utils_unix.go:39]
2026/10/02 18:42:54.692563 juicefs[629908] <WARNING>: statfs /home/kwatanabe/.jfs-chunk-test-bs7J3D/diskCache-629908/1790934171690050105: no such file or directory [getDiskUsage@utils_unix.go:39]
2026/10/02 18:42:54.693757 juicefs[629908] <WARNING>: statfs /home/kwatanabe/.jfs-chunk-test-bs7J3D/diskCache-629908/1790934171690825700/: no such file or directory [getDiskUsage@utils_unix.go:39]
2026/10/02 18:42:55.681580 juicefs[629908] <INFO>: lockfile /home/kwatanabe/.jfs-chunk-test-bs7J3D/TestDiskCacheState184535594/002/.lock is lost, cache device maybe broken [checkLockFile@disk_cache.go:232]
2026/10/02 18:42:55.681726 juicefs[629908] <WARNING>: stat `/home/kwatanabe/.jfs-chunk-test-bs7J3D/TestDiskCacheState184535594/002/`: stat /home/kwatanabe/.jfs-chunk-test-bs7J3D/TestDiskCacheState184535594/002/: no such file or directory [inRootVolume@utils_unix.go:54]
2026/10/02 18:42:55.681834 juicefs[629908] <INFO>: lockfile /home/kwatanabe/.jfs-chunk-test-bs7J3D/TestDiskCacheState184535594/003/.lock is lost, cache device maybe broken [checkLockFile@disk_cache.go:232]
2026/10/02 18:42:55.681933 juicefs[629908] <WARNING>: stat `/home/kwatanabe/.jfs-chunk-test-bs7J3D/TestDiskCacheState184535594/003/`: stat /home/kwatanabe/.jfs-chunk-test-bs7J3D/TestDiskCacheState184535594/003/: no such file or directory [inRootVolume@utils_unix.go:54]
2026/10/02 18:42:55.682031 juicefs[629908] <INFO>: lockfile /home/kwatanabe/.jfs-chunk-test-bs7J3D/TestDiskCacheState184535594/004/.lock is lost, cache device maybe broken [checkLockFile@disk_cache.go:232]
2026/10/02 18:42:55.682108 juicefs[629908] <WARNING>: stat `/home/kwatanabe/.jfs-chunk-test-bs7J3D/TestDiskCacheState184535594/004/`: stat /home/kwatanabe/.jfs-chunk-test-bs7J3D/TestDiskCacheState184535594/004/: no such file or directory [inRootVolume@utils_unix.go:54]
2026/10/02 18:42:55.682173 juicefs[629908] <INFO>: lockfile /home/kwatanabe/.jfs-chunk-test-bs7J3D/TestDiskCacheState184535594/005/.lock is lost, cache device maybe broken [checkLockFile@disk_cache.go:232]
2026/10/02 18:42:55.682235 juicefs[629908] <WARNING>: stat `/home/kwatanabe/.jfs-chunk-test-bs7J3D/TestDiskCacheState184535594/005/`: stat /home/kwatanabe/.jfs-chunk-test-bs7J3D/TestDiskCacheState184535594/005/: no such file or directory [inRootVolume@utils_unix.go:54]
2026/10/02 18:42:55.682725 juicefs[629908] <INFO>: lockfile /home/kwatanabe/.jfs-chunk-test-bs7J3D/TestDiskCacheState184535594/006/.lock is lost, cache device maybe broken [checkLockFile@disk_cache.go:232]
2026/10/02 18:42:55.682820 juicefs[629908] <WARNING>: stat `/home/kwatanabe/.jfs-chunk-test-bs7J3D/TestDiskCacheState184535594/006/`: stat /home/kwatanabe/.jfs-chunk-test-bs7J3D/TestDiskCacheState184535594/006/: no such file or directory [inRootVolume@utils_unix.go:54]
2026/10/02 18:42:55.682733 juicefs[629908] <INFO>: lockfile /home/kwatanabe/.jfs-chunk-test-bs7J3D/TestDiskCacheState184535594/008/.lock is lost, cache device maybe broken [checkLockFile@disk_cache.go:232]
2026/10/02 18:42:55.682908 juicefs[629908] <WARNING>: stat `/home/kwatanabe/.jfs-chunk-test-bs7J3D/TestDiskCacheState184535594/008/`: stat /home/kwatanabe/.jfs-chunk-test-bs7J3D/TestDiskCacheState184535594/008/: no such file or directory [inRootVolume@utils_unix.go:54]
2026/10/02 18:42:55.683029 juicefs[629908] <INFO>: lockfile /home/kwatanabe/.jfs-chunk-test-bs7J3D/TestDiskCacheState184535594/009/.lock is lost, cache device maybe broken [checkLockFile@disk_cache.go:232]
2026/10/02 18:42:55.683104 juicefs[629908] <WARNING>: stat `/home/kwatanabe/.jfs-chunk-test-bs7J3D/TestDiskCacheState184535594/009/`: stat /home/kwatanabe/.jfs-chunk-test-bs7J3D/TestDiskCacheState184535594/009/: no such file or directory [inRootVolume@utils_unix.go:54]
2026/10/02 18:42:55.683174 juicefs[629908] <INFO>: lockfile /home/kwatanabe/.jfs-chunk-test-bs7J3D/TestDiskCacheState184535594/010/.lock is lost, cache device maybe broken [checkLockFile@disk_cache.go:232]
2026/10/02 18:42:55.683225 juicefs[629908] <WARNING>: stat `/home/kwatanabe/.jfs-chunk-test-bs7J3D/TestDiskCacheState184535594/010/`: stat /home/kwatanabe/.jfs-chunk-test-bs7J3D/TestDiskCacheState184535594/010/: no such file or directory [inRootVolume@utils_unix.go:54]
2026/10/02 18:42:55.683284 juicefs[629908] <INFO>: lockfile /home/kwatanabe/.jfs-chunk-test-bs7J3D/TestDiskCacheState184535594/011/.lock is lost, cache device maybe broken [checkLockFile@disk_cache.go:232]
2026/10/02 18:42:55.683326 juicefs[629908] <WARNING>: stat `/home/kwatanabe/.jfs-chunk-test-bs7J3D/TestDiskCacheState184535594/011/`: stat /home/kwatanabe/.jfs-chunk-test-bs7J3D/TestDiskCacheState184535594/011/: no such file or directory [inRootVolume@utils_unix.go:54]
2026/10/02 18:42:55.689018 juicefs[629908] <WARNING>: statfs /home/kwatanabe/.jfs-chunk-test-bs7J3D/TestDiskCacheState184535594/010/: no such file or directory [getDiskUsage@utils_unix.go:39]
2026/10/02 18:42:55.689081 juicefs[629908] <WARNING>: statfs /home/kwatanabe/.jfs-chunk-test-bs7J3D/TestDiskCacheState184535594/003/: no such file or directory [getDiskUsage@utils_unix.go:39]
2026/10/02 18:42:55.689031 juicefs[629908] <WARNING>: statfs /home/kwatanabe/.jfs-chunk-test-bs7J3D/TestDiskCacheState184535594/004/: no such file or directory [getDiskUsage@utils_unix.go:39]
2026/10/02 18:42:55.689086 juicefs[629908] <WARNING>: statfs /home/kwatanabe/.jfs-chunk-test-bs7J3D/TestDiskCacheState184535594/009/: no such file or directory [getDiskUsage@utils_unix.go:39]
2026/10/02 18:42:55.689183 juicefs[629908] <WARNING>: statfs /home/kwatanabe/.jfs-chunk-test-bs7J3D/TestDiskCacheState184535594/008/: no such file or directory [getDiskUsage@utils_unix.go:39]
2026/10/02 18:42:55.689175 juicefs[629908] <WARNING>: statfs /home/kwatanabe/.jfs-chunk-test-bs7J3D/TestDiskCacheState184535594/011/: no such file or directory [getDiskUsage@utils_unix.go:39]
2026/10/02 18:42:55.689197 juicefs[629908] <WARNING>: statfs /home/kwatanabe/.jfs-chunk-test-bs7J3D/TestDiskCacheState184535594/002/: no such file or directory [getDiskUsage@utils_unix.go:39]
2026/10/02 18:42:55.689227 juicefs[629908] <WARNING>: statfs /home/kwatanabe/.jfs-chunk-test-bs7J3D/TestDiskCacheState184535594/005/: no such file or directory [getDiskUsage@utils_unix.go:39]
2026/10/02 18:42:55.689109 juicefs[629908] <WARNING>: statfs /home/kwatanabe/.jfs-chunk-test-bs7J3D/TestDiskCacheState184535594/006/: no such file or directory [getDiskUsage@utils_unix.go:39]
2026/10/02 18:42:55.692944 juicefs[629908] <WARNING>: statfs /home/kwatanabe/.jfs-chunk-test-bs7J3D/diskCache-629908/1790934171690050105: no such file or directory [getDiskUsage@utils_unix.go:39]
2026/10/02 18:42:55.694081 juicefs[629908] <WARNING>: statfs /home/kwatanabe/.jfs-chunk-test-bs7J3D/diskCache-629908/1790934171690825700/: no such file or directory [getDiskUsage@utils_unix.go:39]
2026/10/02 18:42:56.690143 juicefs[629908] <WARNING>: statfs /home/kwatanabe/.jfs-chunk-test-bs7J3D/TestDiskCacheState184535594/009/: no such file or directory [getDiskUsage@utils_unix.go:39]
2026/10/02 18:42:56.690184 juicefs[629908] <WARNING>: statfs /home/kwatanabe/.jfs-chunk-test-bs7J3D/TestDiskCacheState184535594/011/: no such file or directory [getDiskUsage@utils_unix.go:39]
2026/10/02 18:42:56.690286 juicefs[629908] <WARNING>: statfs /home/kwatanabe/.jfs-chunk-test-bs7J3D/TestDiskCacheState184535594/010/: no such file or directory [getDiskUsage@utils_unix.go:39]
2026/10/02 18:42:56.690221 juicefs[629908] <WARNING>: statfs /home/kwatanabe/.jfs-chunk-test-bs7J3D/TestDiskCacheState184535594/005/: no such file or directory [getDiskUsage@utils_unix.go:39]
2026/10/02 18:42:56.690301 juicefs[629908] <WARNING>: statfs /home/kwatanabe/.jfs-chunk-test-bs7J3D/TestDiskCacheState184535594/003/: no such file or directory [getDiskUsage@utils_unix.go:39]
2026/10/02 18:42:56.690228 juicefs[629908] <WARNING>: statfs /home/kwatanabe/.jfs-chunk-test-bs7J3D/TestDiskCacheState184535594/002/: no such file or directory [getDiskUsage@utils_unix.go:39]
2026/10/02 18:42:56.690248 juicefs[629908] <WARNING>: statfs /home/kwatanabe/.jfs-chunk-test-bs7J3D/TestDiskCacheState184535594/008/: no such file or directory [getDiskUsage@utils_unix.go:39]
2026/10/02 18:42:56.690282 juicefs[629908] <WARNING>: statfs /home/kwatanabe/.jfs-chunk-test-bs7J3D/TestDiskCacheState184535594/004/: no such file or directory [getDiskUsage@utils_unix.go:39]
2026/10/02 18:42:56.690202 juicefs[629908] <WARNING>: statfs /home/kwatanabe/.jfs-chunk-test-bs7J3D/TestDiskCacheState184535594/006/: no such file or directory [getDiskUsage@utils_unix.go:39]
2026/10/02 18:42:56.693856 juicefs[629908] <WARNING>: statfs /home/kwatanabe/.jfs-chunk-test-bs7J3D/diskCache-629908/1790934171690050105: no such file or directory [getDiskUsage@utils_unix.go:39]
2026/10/02 18:42:56.695025 juicefs[629908] <WARNING>: statfs /home/kwatanabe/.jfs-chunk-test-bs7J3D/diskCache-629908/1790934171690825700/: no such file or directory [getDiskUsage@utils_unix.go:39]
==================
WARNING: DATA RACE
Write at 0x00c000cde550 by goroutine 607:
  github.com/juicedata/juicefs/pkg/chunk.TestChecksum()
      /home/kwatanabe/tmp_local/juicefs_inspection/juicefs/pkg/chunk/disk_cache_test.go:267 +0x1106
  testing.tRunner()
      /home/kwatanabe/.goenv/versions/1.25.11/src/testing/testing.go:1934 +0x21c
  testing.(*T).Run.gowrap1()
      /home/kwatanabe/.goenv/versions/1.25.11/src/testing/testing.go:1997 +0x44

Previous read at 0x00c000cde550 by goroutine 610:
  github.com/juicedata/juicefs/pkg/chunk.(*cacheStore).flushPage()
      /home/kwatanabe/tmp_local/juicefs_inspection/juicefs/pkg/chunk/disk_cache.go:545 +0xb4e
  github.com/juicedata/juicefs/pkg/chunk.(*cacheStore).flush()
      /home/kwatanabe/tmp_local/juicefs_inspection/juicefs/pkg/chunk/disk_cache.go:749 +0x246
  github.com/juicedata/juicefs/pkg/chunk.newCacheStore.gowrap2()
      /home/kwatanabe/tmp_local/juicefs_inspection/juicefs/pkg/chunk/disk_cache.go:161 +0x33

Goroutine 607 (running) created at:
  testing.(*T).Run()
      /home/kwatanabe/.goenv/versions/1.25.11/src/testing/testing.go:1997 +0x9d2
  testing.runTests.func1()
      /home/kwatanabe/.goenv/versions/1.25.11/src/testing/testing.go:2477 +0x84
  testing.tRunner()
      /home/kwatanabe/.goenv/versions/1.25.11/src/testing/testing.go:1934 +0x21c
  testing.runTests()
      /home/kwatanabe/.goenv/versions/1.25.11/src/testing/testing.go:2475 +0x96c
  testing.(*M).Run()
      /home/kwatanabe/.goenv/versions/1.25.11/src/testing/testing.go:2337 +0xed4
  main.main()
      _testmain.go:149 +0x164

Goroutine 610 (running) created at:
  github.com/juicedata/juicefs/pkg/chunk.newCacheStore()
      /home/kwatanabe/tmp_local/juicefs_inspection/juicefs/pkg/chunk/disk_cache.go:161 +0x100a
  github.com/juicedata/juicefs/pkg/chunk.TestChecksum()
      /home/kwatanabe/tmp_local/juicefs_inspection/juicefs/pkg/chunk/disk_cache_test.go:181 +0x198
  testing.tRunner()
      /home/kwatanabe/.goenv/versions/1.25.11/src/testing/testing.go:1934 +0x21c
  testing.(*T).Run.gowrap1()
      /home/kwatanabe/.goenv/versions/1.25.11/src/testing/testing.go:1997 +0x44
==================
--- FAIL: TestChecksum (5.03s)
    testing.go:1617: race detected during execution of test
2026/10/02 18:42:56.827104 juicefs[629908] <WARNING>: unknown cache eviction policy: "", fallback to 2-random [newCacheStore@disk_cache.go:119]
2026/10/02 18:42:56.827228 juicefs[629908] <INFO>: Disk cache (/home/kwatanabe/.jfs-chunk-test-bs7J3D/TestCacheManager1374604741/001/): used ratio - [space 19.5%, inode 4.4%] [newCacheStore@disk_cache.go:154]
2026/10/02 18:42:56.827276 juicefs[629908] <INFO>: Adjusted max items based on freeratio: from 0 to 60397976 items [setLimitByFreeRatio@disk_cache.go:191]
2026/10/02 18:42:56.827470 juicefs[629908] <INFO>: Disk cache (/home/kwatanabe/.jfs-chunk-test-bs7J3D/TestCacheManager1374604741/002/): used ratio - [space 19.5%, inode 4.4%] [newCacheStore@disk_cache.go:154]
2026/10/02 18:42:56.827527 juicefs[629908] <INFO>: Adjusted max items based on freeratio: from 0 to 60397976 items [setLimitByFreeRatio@disk_cache.go:191]
2026/10/02 18:42:56.827658 juicefs[629908] <INFO>: Disk cache (/home/kwatanabe/.jfs-chunk-test-bs7J3D/TestCacheManager1374604741/003/): used ratio - [space 19.5%, inode 4.4%] [newCacheStore@disk_cache.go:154]
2026/10/02 18:42:56.827704 juicefs[629908] <INFO>: Adjusted max items based on freeratio: from 0 to 60397976 items [setLimitByFreeRatio@disk_cache.go:191]
==================
WARNING: DATA RACE
Read at 0x00c000a7adba by goroutine 617:
  github.com/juicedata/juicefs/pkg/chunk.(*cacheStore).cache()
      /home/kwatanabe/tmp_local/juicefs_inspection/juicefs/pkg/chunk/disk_cache.go:448 +0x90
  github.com/juicedata/juicefs/pkg/chunk.(*cacheManager).cache()
      /home/kwatanabe/tmp_local/juicefs_inspection/juicefs/pkg/chunk/disk_cache.go:1290 +0x6d
  github.com/juicedata/juicefs/pkg/chunk.TestCacheManager()
      /home/kwatanabe/tmp_local/juicefs_inspection/juicefs/pkg/chunk/disk_cache_test.go:393 +0x37c
  testing.tRunner()
      /home/kwatanabe/.goenv/versions/1.25.11/src/testing/testing.go:1934 +0x21c
  testing.(*T).Run.gowrap1()
      /home/kwatanabe/.goenv/versions/1.25.11/src/testing/testing.go:1997 +0x44

Previous write at 0x00c000a7adba by goroutine 635:
  github.com/juicedata/juicefs/pkg/chunk.(*cacheStore).checkFreeSpace()
      /home/kwatanabe/tmp_local/juicefs_inspection/juicefs/pkg/chunk/disk_cache.go:357 +0x1ba
  github.com/juicedata/juicefs/pkg/chunk.newCacheStore.gowrap3()
      /home/kwatanabe/tmp_local/juicefs_inspection/juicefs/pkg/chunk/disk_cache.go:162 +0x33

Goroutine 617 (running) created at:
  testing.(*T).Run()
      /home/kwatanabe/.goenv/versions/1.25.11/src/testing/testing.go:1997 +0x9d2
  testing.runTests.func1()
      /home/kwatanabe/.goenv/versions/1.25.11/src/testing/testing.go:2477 +0x84
  testing.tRunner()
      /home/kwatanabe/.goenv/versions/1.25.11/src/testing/testing.go:1934 +0x21c
  testing.runTests()
      /home/kwatanabe/.goenv/versions/1.25.11/src/testing/testing.go:2475 +0x96c
  testing.(*M).Run()
      /home/kwatanabe/.goenv/versions/1.25.11/src/testing/testing.go:2337 +0xed4
  main.main()
      _testmain.go:149 +0x164

Goroutine 635 (running) created at:
  github.com/juicedata/juicefs/pkg/chunk.newCacheStore()
      /home/kwatanabe/tmp_local/juicefs_inspection/juicefs/pkg/chunk/disk_cache.go:162 +0x108a
  github.com/juicedata/juicefs/pkg/chunk.newCacheManager()
      /home/kwatanabe/tmp_local/juicefs_inspection/juicefs/pkg/chunk/disk_cache.go:1182 +0xa15
  github.com/juicedata/juicefs/pkg/chunk.TestCacheManager()
      /home/kwatanabe/tmp_local/juicefs_inspection/juicefs/pkg/chunk/disk_cache_test.go:382 +0x124
  testing.tRunner()
      /home/kwatanabe/.goenv/versions/1.25.11/src/testing/testing.go:1934 +0x21c
  testing.(*T).Run.gowrap1()
      /home/kwatanabe/.goenv/versions/1.25.11/src/testing/testing.go:1997 +0x44
==================
[32m.[0m[31m[0m[33m[0m[32m
1 total assertion[0m

==================
WARNING: DATA RACE
Write at 0x00c000a7ade8 by goroutine 617:
  github.com/juicedata/juicefs/pkg/chunk.shutdownStore()
      /home/kwatanabe/tmp_local/juicefs_inspection/juicefs/pkg/chunk/disk_cache_test.go:374 +0xde
  github.com/juicedata/juicefs/pkg/chunk.TestCacheManager()
      /home/kwatanabe/tmp_local/juicefs_inspection/juicefs/pkg/chunk/disk_cache_test.go:419 +0x544
  testing.tRunner()
      /home/kwatanabe/.goenv/versions/1.25.11/src/testing/testing.go:1934 +0x21c
  testing.(*T).Run.gowrap1()
      /home/kwatanabe/.goenv/versions/1.25.11/src/testing/testing.go:1997 +0x44

Previous read at 0x00c000a7ade8 by goroutine 634:
  github.com/juicedata/juicefs/pkg/chunk.(*cacheStore).checkErr()
      /home/kwatanabe/tmp_local/juicefs_inspection/juicefs/pkg/chunk/disk_cache.go:278 +0x430
  github.com/juicedata/juicefs/pkg/chunk.(*cacheStore).renameFile()
      /home/kwatanabe/tmp_local/juicefs_inspection/juicefs/pkg/chunk/disk_cache.go:318 +0x18b4
  github.com/juicedata/juicefs/pkg/chunk.(*cacheStore).flushPage()
      /home/kwatanabe/tmp_local/juicefs_inspection/juicefs/pkg/chunk/disk_cache.go:575 +0x18c2
  github.com/juicedata/juicefs/pkg/chunk.(*cacheStore).flush()
      /home/kwatanabe/tmp_local/juicefs_inspection/juicefs/pkg/chunk/disk_cache.go:749 +0x246
  github.com/juicedata/juicefs/pkg/chunk.newCacheStore.gowrap2()
      /home/kwatanabe/tmp_local/juicefs_inspection/juicefs/pkg/chunk/disk_cache.go:161 +0x33

Goroutine 617 (running) created at:
  testing.(*T).Run()
      /home/kwatanabe/.goenv/versions/1.25.11/src/testing/testing.go:1997 +0x9d2
  testing.runTests.func1()
      /home/kwatanabe/.goenv/versions/1.25.11/src/testing/testing.go:2477 +0x84
  testing.tRunner()
      /home/kwatanabe/.goenv/versions/1.25.11/src/testing/testing.go:1934 +0x21c
  testing.runTests()
      /home/kwatanabe/.goenv/versions/1.25.11/src/testing/testing.go:2475 +0x96c
  testing.(*M).Run()
      /home/kwatanabe/.goenv/versions/1.25.11/src/testing/testing.go:2337 +0xed4
  main.main()
      _testmain.go:149 +0x164

Goroutine 634 (running) created at:
  github.com/juicedata/juicefs/pkg/chunk.newCacheStore()
      /home/kwatanabe/tmp_local/juicefs_inspection/juicefs/pkg/chunk/disk_cache.go:161 +0x100a
  github.com/juicedata/juicefs/pkg/chunk.newCacheManager()
      /home/kwatanabe/tmp_local/juicefs_inspection/juicefs/pkg/chunk/disk_cache.go:1182 +0xa15
  github.com/juicedata/juicefs/pkg/chunk.TestCacheManager()
      /home/kwatanabe/tmp_local/juicefs_inspection/juicefs/pkg/chunk/disk_cache_test.go:382 +0x124
  testing.tRunner()
      /home/kwatanabe/.goenv/versions/1.25.11/src/testing/testing.go:1934 +0x21c
  testing.(*T).Run.gowrap1()
      /home/kwatanabe/.goenv/versions/1.25.11/src/testing/testing.go:1997 +0x44
==================
2026/10/02 18:42:57.690815 juicefs[629908] <WARNING>: statfs /home/kwatanabe/.jfs-chunk-test-bs7J3D/TestDiskCacheState184535594/010/: no such file or directory [getDiskUsage@utils_unix.go:39]
2026/10/02 18:42:57.690889 juicefs[629908] <WARNING>: statfs /home/kwatanabe/.jfs-chunk-test-bs7J3D/TestDiskCacheState184535594/009/: no such file or directory [getDiskUsage@utils_unix.go:39]
2026/10/02 18:42:57.690930 juicefs[629908] <WARNING>: statfs /home/kwatanabe/.jfs-chunk-test-bs7J3D/TestDiskCacheState184535594/011/: no such file or directory [getDiskUsage@utils_unix.go:39]
2026/10/02 18:42:57.690907 juicefs[629908] <WARNING>: statfs /home/kwatanabe/.jfs-chunk-test-bs7J3D/TestDiskCacheState184535594/003/: no such file or directory [getDiskUsage@utils_unix.go:39]
2026/10/02 18:42:57.690857 juicefs[629908] <WARNING>: statfs /home/kwatanabe/.jfs-chunk-test-bs7J3D/TestDiskCacheState184535594/005/: no such file or directory [getDiskUsage@utils_unix.go:39]
2026/10/02 18:42:57.690918 juicefs[629908] <WARNING>: statfs /home/kwatanabe/.jfs-chunk-test-bs7J3D/TestDiskCacheState184535594/002/: no such file or directory [getDiskUsage@utils_unix.go:39]
2026/10/02 18:42:57.690887 juicefs[629908] <WARNING>: statfs /home/kwatanabe/.jfs-chunk-test-bs7J3D/TestDiskCacheState184535594/008/: no such file or directory [getDiskUsage@utils_unix.go:39]
2026/10/02 18:42:57.690948 juicefs[629908] <WARNING>: statfs /home/kwatanabe/.jfs-chunk-test-bs7J3D/TestDiskCacheState184535594/004/: no such file or directory [getDiskUsage@utils_unix.go:39]
2026/10/02 18:42:57.690941 juicefs[629908] <WARNING>: statfs /home/kwatanabe/.jfs-chunk-test-bs7J3D/TestDiskCacheState184535594/006/: no such file or directory [getDiskUsage@utils_unix.go:39]
2026/10/02 18:42:57.694421 juicefs[629908] <WARNING>: statfs /home/kwatanabe/.jfs-chunk-test-bs7J3D/diskCache-629908/1790934171690050105: no such file or directory [getDiskUsage@utils_unix.go:39]
2026/10/02 18:42:57.695795 juicefs[629908] <WARNING>: statfs /home/kwatanabe/.jfs-chunk-test-bs7J3D/diskCache-629908/1790934171690825700/: no such file or directory [getDiskUsage@utils_unix.go:39]
2026/10/02 18:42:57.800032 juicefs[629908] <WARNING>: statfs /home/kwatanabe/.jfs-chunk-test-bs7J3D/diskCache-629908/1790934171795109371: no such file or directory [getDiskUsage@utils_unix.go:39]
2026/10/02 18:42:57.828400 juicefs[629908] <INFO>: stop checkFreeSpace at /home/kwatanabe/.jfs-chunk-test-bs7J3D/TestCacheManager1374604741/003/ [checkFreeSpace@disk_cache.go:371]
2026/10/02 18:42:57.829634 juicefs[629908] <ERROR>: cache dir `/home/kwatanabe/.jfs-chunk-test-bs7J3D/TestCacheManager1374604741/003/`(27c37c5e-b6a4-43f3-98c8-95de06ab2edb) is unavailable, removed [removeStore@disk_cache.go:1236]
2026/10/02 18:42:58.691186 juicefs[629908] <WARNING>: statfs /home/kwatanabe/.jfs-chunk-test-bs7J3D/TestDiskCacheState184535594/009/: no such file or directory [getDiskUsage@utils_unix.go:39]
2026/10/02 18:42:58.691262 juicefs[629908] <WARNING>: statfs /home/kwatanabe/.jfs-chunk-test-bs7J3D/TestDiskCacheState184535594/010/: no such file or directory [getDiskUsage@utils_unix.go:39]
2026/10/02 18:42:58.691272 juicefs[629908] <WARNING>: statfs /home/kwatanabe/.jfs-chunk-test-bs7J3D/TestDiskCacheState184535594/002/: no such file or directory [getDiskUsage@utils_unix.go:39]
2026/10/02 18:42:58.691275 juicefs[629908] <WARNING>: statfs /home/kwatanabe/.jfs-chunk-test-bs7J3D/TestDiskCacheState184535594/005/: no such file or directory [getDiskUsage@utils_unix.go:39]
2026/10/02 18:42:58.691256 juicefs[629908] <WARNING>: statfs /home/kwatanabe/.jfs-chunk-test-bs7J3D/TestDiskCacheState184535594/006/: no such file or directory [getDiskUsage@utils_unix.go:39]
2026/10/02 18:42:58.691387 juicefs[629908] <WARNING>: statfs /home/kwatanabe/.jfs-chunk-test-bs7J3D/TestDiskCacheState184535594/003/: no such file or directory [getDiskUsage@utils_unix.go:39]
2026/10/02 18:42:58.691303 juicefs[629908] <WARNING>: statfs /home/kwatanabe/.jfs-chunk-test-bs7J3D/TestDiskCacheState184535594/008/: no such file or directory [getDiskUsage@utils_unix.go:39]
2026/10/02 18:42:58.691317 juicefs[629908] <WARNING>: statfs /home/kwatanabe/.jfs-chunk-test-bs7J3D/TestDiskCacheState184535594/011/: no such file or directory [getDiskUsage@utils_unix.go:39]
2026/10/02 18:42:58.691317 juicefs[629908] <WARNING>: statfs /home/kwatanabe/.jfs-chunk-test-bs7J3D/TestDiskCacheState184535594/004/: no such file or directory [getDiskUsage@utils_unix.go:39]
2026/10/02 18:42:58.694708 juicefs[629908] <WARNING>: statfs /home/kwatanabe/.jfs-chunk-test-bs7J3D/diskCache-629908/1790934171690050105: no such file or directory [getDiskUsage@utils_unix.go:39]
2026/10/02 18:42:58.695907 juicefs[629908] <WARNING>: statfs /home/kwatanabe/.jfs-chunk-test-bs7J3D/diskCache-629908/1790934171690825700/: no such file or directory [getDiskUsage@utils_unix.go:39]
2026/10/02 18:42:58.801080 juicefs[629908] <WARNING>: statfs /home/kwatanabe/.jfs-chunk-test-bs7J3D/diskCache-629908/1790934171795109371: no such file or directory [getDiskUsage@utils_unix.go:39]
2026/10/02 18:42:59.691799 juicefs[629908] <WARNING>: statfs /home/kwatanabe/.jfs-chunk-test-bs7J3D/TestDiskCacheState184535594/004/: no such file or directory [getDiskUsage@utils_unix.go:39]
2026/10/02 18:42:59.691807 juicefs[629908] <WARNING>: statfs /home/kwatanabe/.jfs-chunk-test-bs7J3D/TestDiskCacheState184535594/005/: no such file or directory [getDiskUsage@utils_unix.go:39]
2026/10/02 18:42:59.691904 juicefs[629908] <WARNING>: statfs /home/kwatanabe/.jfs-chunk-test-bs7J3D/TestDiskCacheState184535594/011/: no such file or directory [getDiskUsage@utils_unix.go:39]
2026/10/02 18:42:59.691905 juicefs[629908] <WARNING>: statfs /home/kwatanabe/.jfs-chunk-test-bs7J3D/TestDiskCacheState184535594/008/: no such file or directory [getDiskUsage@utils_unix.go:39]
2026/10/02 18:42:59.691888 juicefs[629908] <WARNING>: statfs /home/kwatanabe/.jfs-chunk-test-bs7J3D/TestDiskCacheState184535594/003/: no such file or directory [getDiskUsage@utils_unix.go:39]
2026/10/02 18:42:59.691880 juicefs[629908] <WARNING>: statfs /home/kwatanabe/.jfs-chunk-test-bs7J3D/TestDiskCacheState184535594/009/: no such file or directory [getDiskUsage@utils_unix.go:39]
2026/10/02 18:42:59.691862 juicefs[629908] <WARNING>: statfs /home/kwatanabe/.jfs-chunk-test-bs7J3D/TestDiskCacheState184535594/002/: no such file or directory [getDiskUsage@utils_unix.go:39]
2026/10/02 18:42:59.691848 juicefs[629908] <WARNING>: statfs /home/kwatanabe/.jfs-chunk-test-bs7J3D/TestDiskCacheState184535594/010/: no such file or directory [getDiskUsage@utils_unix.go:39]
2026/10/02 18:42:59.691920 juicefs[629908] <WARNING>: statfs /home/kwatanabe/.jfs-chunk-test-bs7J3D/TestDiskCacheState184535594/006/: no such file or directory [getDiskUsage@utils_unix.go:39]
2026/10/02 18:42:59.695446 juicefs[629908] <WARNING>: statfs /home/kwatanabe/.jfs-chunk-test-bs7J3D/diskCache-629908/1790934171690050105: no such file or directory [getDiskUsage@utils_unix.go:39]
2026/10/02 18:42:59.696612 juicefs[629908] <WARNING>: statfs /home/kwatanabe/.jfs-chunk-test-bs7J3D/diskCache-629908/1790934171690825700/: no such file or directory [getDiskUsage@utils_unix.go:39]
2026/10/02 18:42:59.801472 juicefs[629908] <WARNING>: statfs /home/kwatanabe/.jfs-chunk-test-bs7J3D/diskCache-629908/1790934171795109371: no such file or directory [getDiskUsage@utils_unix.go:39]
==================
WARNING: DATA RACE
Write at 0x00c000a7a848 by goroutine 617:
  github.com/juicedata/juicefs/pkg/chunk.shutdownStore()
      /home/kwatanabe/tmp_local/juicefs_inspection/juicefs/pkg/chunk/disk_cache_test.go:374 +0xde
  github.com/juicedata/juicefs/pkg/chunk.TestCacheManager()
      /home/kwatanabe/tmp_local/juicefs_inspection/juicefs/pkg/chunk/disk_cache_test.go:434 +0x724
  testing.tRunner()
      /home/kwatanabe/.goenv/versions/1.25.11/src/testing/testing.go:1934 +0x21c
  testing.(*T).Run.gowrap1()
      /home/kwatanabe/.goenv/versions/1.25.11/src/testing/testing.go:1997 +0x44

Previous read at 0x00c000a7a848 by goroutine 621:
  github.com/juicedata/juicefs/pkg/chunk.(*cacheStore).checkErr()
      /home/kwatanabe/tmp_local/juicefs_inspection/juicefs/pkg/chunk/disk_cache.go:278 +0x430
  github.com/juicedata/juicefs/pkg/chunk.(*cacheStore).curFreeRatio()
      /home/kwatanabe/tmp_local/juicefs_inspection/juicefs/pkg/chunk/disk_cache.go:493 +0x21c
  github.com/juicedata/juicefs/pkg/chunk.(*cacheStore).checkFreeSpace()
      /home/kwatanabe/tmp_local/juicefs_inspection/juicefs/pkg/chunk/disk_cache.go:355 +0x84
  github.com/juicedata/juicefs/pkg/chunk.newCacheStore.gowrap3()
      /home/kwatanabe/tmp_local/juicefs_inspection/juicefs/pkg/chunk/disk_cache.go:162 +0x33

Goroutine 617 (running) created at:
  testing.(*T).Run()
      /home/kwatanabe/.goenv/versions/1.25.11/src/testing/testing.go:1997 +0x9d2
  testing.runTests.func1()
      /home/kwatanabe/.goenv/versions/1.25.11/src/testing/testing.go:2477 +0x84
  testing.tRunner()
      /home/kwatanabe/.goenv/versions/1.25.11/src/testing/testing.go:1934 +0x21c
  testing.runTests()
      /home/kwatanabe/.goenv/versions/1.25.11/src/testing/testing.go:2475 +0x96c
  testing.(*M).Run()
      /home/kwatanabe/.goenv/versions/1.25.11/src/testing/testing.go:2337 +0xed4
  main.main()
      _testmain.go:149 +0x164

Goroutine 621 (running) created at:
  github.com/juicedata/juicefs/pkg/chunk.newCacheStore()
      /home/kwatanabe/tmp_local/juicefs_inspection/juicefs/pkg/chunk/disk_cache.go:162 +0x108a
  github.com/juicedata/juicefs/pkg/chunk.newCacheManager()
      /home/kwatanabe/tmp_local/juicefs_inspection/juicefs/pkg/chunk/disk_cache.go:1182 +0xa15
  github.com/juicedata/juicefs/pkg/chunk.TestCacheManager()
      /home/kwatanabe/tmp_local/juicefs_inspection/juicefs/pkg/chunk/disk_cache_test.go:382 +0x124
  testing.tRunner()
      /home/kwatanabe/.goenv/versions/1.25.11/src/testing/testing.go:1934 +0x21c
  testing.(*T).Run.gowrap1()
      /home/kwatanabe/.goenv/versions/1.25.11/src/testing/testing.go:1997 +0x44
==================
2026/10/02 18:42:59.831014 juicefs[629908] <ERROR>: cache dir `/home/kwatanabe/.jfs-chunk-test-bs7J3D/TestCacheManager1374604741/001/`(a37acc68-498e-4c72-9aa4-0f2fc6a1f25b) is unavailable, removed [removeStore@disk_cache.go:1236]
2026/10/02 18:42:59.831087 juicefs[629908] <ERROR>: cache dir `/home/kwatanabe/.jfs-chunk-test-bs7J3D/TestCacheManager1374604741/002/`(e62da992-4f25-4d42-a9f4-7470a7432486) is unavailable, removed [removeStore@disk_cache.go:1236]
2026/10/02 18:43:00.692757 juicefs[629908] <WARNING>: statfs /home/kwatanabe/.jfs-chunk-test-bs7J3D/TestDiskCacheState184535594/004/: no such file or directory [getDiskUsage@utils_unix.go:39]
2026/10/02 18:43:00.692836 juicefs[629908] <WARNING>: statfs /home/kwatanabe/.jfs-chunk-test-bs7J3D/TestDiskCacheState184535594/009/: no such file or directory [getDiskUsage@utils_unix.go:39]
2026/10/02 18:43:00.692772 juicefs[629908] <WARNING>: statfs /home/kwatanabe/.jfs-chunk-test-bs7J3D/TestDiskCacheState184535594/011/: no such file or directory [getDiskUsage@utils_unix.go:39]
2026/10/02 18:43:00.692822 juicefs[629908] <WARNING>: statfs /home/kwatanabe/.jfs-chunk-test-bs7J3D/TestDiskCacheState184535594/003/: no such file or directory [getDiskUsage@utils_unix.go:39]
2026/10/02 18:43:00.692808 juicefs[629908] <WARNING>: statfs /home/kwatanabe/.jfs-chunk-test-bs7J3D/TestDiskCacheState184535594/008/: no such file or directory [getDiskUsage@utils_unix.go:39]
2026/10/02 18:43:00.692848 juicefs[629908] <WARNING>: statfs /home/kwatanabe/.jfs-chunk-test-bs7J3D/TestDiskCacheState184535594/005/: no such file or directory [getDiskUsage@utils_unix.go:39]
2026/10/02 18:43:00.692873 juicefs[629908] <WARNING>: statfs /home/kwatanabe/.jfs-chunk-test-bs7J3D/TestDiskCacheState184535594/006/: no such file or directory [getDiskUsage@utils_unix.go:39]
2026/10/02 18:43:00.692875 juicefs[629908] <WARNING>: statfs /home/kwatanabe/.jfs-chunk-test-bs7J3D/TestDiskCacheState184535594/010/: no such file or directory [getDiskUsage@utils_unix.go:39]
2026/10/02 18:43:00.692878 juicefs[629908] <WARNING>: statfs /home/kwatanabe/.jfs-chunk-test-bs7J3D/TestDiskCacheState184535594/002/: no such file or directory [getDiskUsage@utils_unix.go:39]
2026/10/02 18:43:00.696422 juicefs[629908] <WARNING>: statfs /home/kwatanabe/.jfs-chunk-test-bs7J3D/diskCache-629908/1790934171690050105: no such file or directory [getDiskUsage@utils_unix.go:39]
2026/10/02 18:43:00.697599 juicefs[629908] <WARNING>: statfs /home/kwatanabe/.jfs-chunk-test-bs7J3D/diskCache-629908/1790934171690825700/: no such file or directory [getDiskUsage@utils_unix.go:39]
2026/10/02 18:43:00.801810 juicefs[629908] <WARNING>: statfs /home/kwatanabe/.jfs-chunk-test-bs7J3D/diskCache-629908/1790934171795109371: no such file or directory [getDiskUsage@utils_unix.go:39]
2026/10/02 18:43:00.830044 juicefs[629908] <INFO>: stop checkFreeSpace at /home/kwatanabe/.jfs-chunk-test-bs7J3D/TestCacheManager1374604741/001/ [checkFreeSpace@disk_cache.go:371]
2026/10/02 18:43:00.830100 juicefs[629908] <INFO>: stop checkFreeSpace at /home/kwatanabe/.jfs-chunk-test-bs7J3D/TestCacheManager1374604741/002/ [checkFreeSpace@disk_cache.go:371]
2026/10/02 18:43:01.690829 juicefs[629908] <INFO>: lockfile /home/kwatanabe/.jfs-chunk-test-bs7J3D/diskCache-629908/1790934171690050105/.lock is lost, cache device maybe broken [checkLockFile@disk_cache.go:232]
2026/10/02 18:43:01.690934 juicefs[629908] <WARNING>: stat `/home/kwatanabe/.jfs-chunk-test-bs7J3D/diskCache-629908/1790934171690050105`: stat /home/kwatanabe/.jfs-chunk-test-bs7J3D/diskCache-629908/1790934171690050105: no such file or directory [inRootVolume@utils_unix.go:54]
2026/10/02 18:43:01.691948 juicefs[629908] <INFO>: lockfile /home/kwatanabe/.jfs-chunk-test-bs7J3D/diskCache-629908/1790934171690825700/.lock is lost, cache device maybe broken [checkLockFile@disk_cache.go:232]
2026/10/02 18:43:01.692033 juicefs[629908] <WARNING>: stat `/home/kwatanabe/.jfs-chunk-test-bs7J3D/diskCache-629908/1790934171690825700/`: stat /home/kwatanabe/.jfs-chunk-test-bs7J3D/diskCache-629908/1790934171690825700/: no such file or directory [inRootVolume@utils_unix.go:54]
2026/10/02 18:43:01.693036 juicefs[629908] <WARNING>: statfs /home/kwatanabe/.jfs-chunk-test-bs7J3D/TestDiskCacheState184535594/003/: no such file or directory [getDiskUsage@utils_unix.go:39]
2026/10/02 18:43:01.693118 juicefs[629908] <WARNING>: statfs /home/kwatanabe/.jfs-chunk-test-bs7J3D/TestDiskCacheState184535594/008/: no such file or directory [getDiskUsage@utils_unix.go:39]
2026/10/02 18:43:01.693121 juicefs[629908] <WARNING>: statfs /home/kwatanabe/.jfs-chunk-test-bs7J3D/TestDiskCacheState184535594/010/: no such file or directory [getDiskUsage@utils_unix.go:39]
2026/10/02 18:43:01.693114 juicefs[629908] <WARNING>: statfs /home/kwatanabe/.jfs-chunk-test-bs7J3D/TestDiskCacheState184535594/009/: no such file or directory [getDiskUsage@utils_unix.go:39]
2026/10/02 18:43:01.693098 juicefs[629908] <WARNING>: statfs /home/kwatanabe/.jfs-chunk-test-bs7J3D/TestDiskCacheState184535594/011/: no such file or directory [getDiskUsage@utils_unix.go:39]
2026/10/02 18:43:01.693148 juicefs[629908] <WARNING>: statfs /home/kwatanabe/.jfs-chunk-test-bs7J3D/TestDiskCacheState184535594/005/: no such file or directory [getDiskUsage@utils_unix.go:39]
2026/10/02 18:43:01.693151 juicefs[629908] <WARNING>: statfs /home/kwatanabe/.jfs-chunk-test-bs7J3D/TestDiskCacheState184535594/006/: no such file or directory [getDiskUsage@utils_unix.go:39]
2026/10/02 18:43:01.693185 juicefs[629908] <WARNING>: statfs /home/kwatanabe/.jfs-chunk-test-bs7J3D/TestDiskCacheState184535594/004/: no such file or directory [getDiskUsage@utils_unix.go:39]
2026/10/02 18:43:01.693175 juicefs[629908] <WARNING>: statfs /home/kwatanabe/.jfs-chunk-test-bs7J3D/TestDiskCacheState184535594/002/: no such file or directory [getDiskUsage@utils_unix.go:39]
2026/10/02 18:43:01.696646 juicefs[629908] <WARNING>: statfs /home/kwatanabe/.jfs-chunk-test-bs7J3D/diskCache-629908/1790934171690050105: no such file or directory [getDiskUsage@utils_unix.go:39]
2026/10/02 18:43:01.697825 juicefs[629908] <WARNING>: statfs /home/kwatanabe/.jfs-chunk-test-bs7J3D/diskCache-629908/1790934171690825700/: no such file or directory [getDiskUsage@utils_unix.go:39]
2026/10/02 18:43:01.796771 juicefs[629908] <INFO>: lockfile /home/kwatanabe/.jfs-chunk-test-bs7J3D/diskCache-629908/1790934171795109371/.lock is lost, cache device maybe broken [checkLockFile@disk_cache.go:232]
2026/10/02 18:43:01.796896 juicefs[629908] <WARNING>: stat `/home/kwatanabe/.jfs-chunk-test-bs7J3D/diskCache-629908/1790934171795109371`: stat /home/kwatanabe/.jfs-chunk-test-bs7J3D/diskCache-629908/1790934171795109371: no such file or directory [inRootVolume@utils_unix.go:54]
2026/10/02 18:43:01.803086 juicefs[629908] <WARNING>: statfs /home/kwatanabe/.jfs-chunk-test-bs7J3D/diskCache-629908/1790934171795109371: no such file or directory [getDiskUsage@utils_unix.go:39]
2026/10/02 18:43:02.693634 juicefs[629908] <WARNING>: statfs /home/kwatanabe/.jfs-chunk-test-bs7J3D/TestDiskCacheState184535594/002/: no such file or directory [getDiskUsage@utils_unix.go:39]
2026/10/02 18:43:02.693699 juicefs[629908] <WARNING>: statfs /home/kwatanabe/.jfs-chunk-test-bs7J3D/TestDiskCacheState184535594/011/: no such file or directory [getDiskUsage@utils_unix.go:39]
2026/10/02 18:43:02.693729 juicefs[629908] <WARNING>: statfs /home/kwatanabe/.jfs-chunk-test-bs7J3D/TestDiskCacheState184535594/005/: no such file or directory [getDiskUsage@utils_unix.go:39]
2026/10/02 18:43:02.693670 juicefs[629908] <WARNING>: statfs /home/kwatanabe/.jfs-chunk-test-bs7J3D/TestDiskCacheState184535594/006/: no such file or directory [getDiskUsage@utils_unix.go:39]
2026/10/02 18:43:02.693618 juicefs[629908] <WARNING>: statfs /home/kwatanabe/.jfs-chunk-test-bs7J3D/TestDiskCacheState184535594/004/: no such file or directory [getDiskUsage@utils_unix.go:39]
2026/10/02 18:43:02.693755 juicefs[629908] <WARNING>: statfs /home/kwatanabe/.jfs-chunk-test-bs7J3D/TestDiskCacheState184535594/003/: no such file or directory [getDiskUsage@utils_unix.go:39]
2026/10/02 18:43:02.693712 juicefs[629908] <WARNING>: statfs /home/kwatanabe/.jfs-chunk-test-bs7J3D/TestDiskCacheState184535594/008/: no such file or directory [getDiskUsage@utils_unix.go:39]
2026/10/02 18:43:02.693695 juicefs[629908] <WARNING>: statfs /home/kwatanabe/.jfs-chunk-test-bs7J3D/TestDiskCacheState184535594/009/: no such file or directory [getDiskUsage@utils_unix.go:39]
2026/10/02 18:43:02.693681 juicefs[629908] <WARNING>: statfs /home/kwatanabe/.jfs-chunk-test-bs7J3D/TestDiskCacheState184535594/010/: no such file or directory [getDiskUsage@utils_unix.go:39]
2026/10/02 18:43:02.696941 juicefs[629908] <WARNING>: statfs /home/kwatanabe/.jfs-chunk-test-bs7J3D/diskCache-629908/1790934171690050105: no such file or directory [getDiskUsage@utils_unix.go:39]
2026/10/02 18:43:02.698175 juicefs[629908] <WARNING>: statfs /home/kwatanabe/.jfs-chunk-test-bs7J3D/diskCache-629908/1790934171690825700/: no such file or directory [getDiskUsage@utils_unix.go:39]
2026/10/02 18:43:02.804243 juicefs[629908] <WARNING>: statfs /home/kwatanabe/.jfs-chunk-test-bs7J3D/diskCache-629908/1790934171795109371: no such file or directory [getDiskUsage@utils_unix.go:39]
--- FAIL: TestCacheManager (6.00s)
    testing.go:1617: race detected during execution of test
2026/10/02 18:43:02.831252 juicefs[629908] <INFO>: Disk cache (/home/kwatanabe/.jfs-chunk-test-bs7J3D/diskCache-629908/): used ratio - [space 19.5%, inode 4.4%] [newCacheStore@disk_cache.go:154]
2026/10/02 18:43:02.831335 juicefs[629908] <INFO>: Adjusted max items based on freeratio: from 0 to 65095600 items [setLimitByFreeRatio@disk_cache.go:191]
==================
WARNING: DATA RACE
Read at 0x00c000ca6aea by goroutine 641:
  github.com/juicedata/juicefs/pkg/chunk.(*cacheStore).cache()
      /home/kwatanabe/tmp_local/juicefs_inspection/juicefs/pkg/chunk/disk_cache.go:448 +0x90
  github.com/juicedata/juicefs/pkg/chunk.(*cacheManager).cache()
      /home/kwatanabe/tmp_local/juicefs_inspection/juicefs/pkg/chunk/disk_cache.go:1290 +0x6d
  github.com/juicedata/juicefs/pkg/chunk.TestAtimeNotLost()
      /home/kwatanabe/tmp_local/juicefs_inspection/juicefs/pkg/chunk/disk_cache_test.go:451 +0x358
  testing.tRunner()
      /home/kwatanabe/.goenv/versions/1.25.11/src/testing/testing.go:1934 +0x21c
  testing.(*T).Run.gowrap1()
      /home/kwatanabe/.goenv/versions/1.25.11/src/testing/testing.go:1997 +0x44

Previous write at 0x00c000ca6aea by goroutine 645:
  github.com/juicedata/juicefs/pkg/chunk.(*cacheStore).checkFreeSpace()
      /home/kwatanabe/tmp_local/juicefs_inspection/juicefs/pkg/chunk/disk_cache.go:357 +0x1ba
  github.com/juicedata/juicefs/pkg/chunk.newCacheStore.gowrap3()
      /home/kwatanabe/tmp_local/juicefs_inspection/juicefs/pkg/chunk/disk_cache.go:162 +0x33

Goroutine 641 (running) created at:
  testing.(*T).Run()
      /home/kwatanabe/.goenv/versions/1.25.11/src/testing/testing.go:1997 +0x9d2
  testing.runTests.func1()
      /home/kwatanabe/.goenv/versions/1.25.11/src/testing/testing.go:2477 +0x84
  testing.tRunner()
      /home/kwatanabe/.goenv/versions/1.25.11/src/testing/testing.go:1934 +0x21c
  testing.runTests()
      /home/kwatanabe/.goenv/versions/1.25.11/src/testing/testing.go:2475 +0x96c
  testing.(*M).Run()
      /home/kwatanabe/.goenv/versions/1.25.11/src/testing/testing.go:2337 +0xed4
  main.main()
      _testmain.go:149 +0x164

Goroutine 645 (running) created at:
  github.com/juicedata/juicefs/pkg/chunk.newCacheStore()
      /home/kwatanabe/tmp_local/juicefs_inspection/juicefs/pkg/chunk/disk_cache.go:162 +0x108a
  github.com/juicedata/juicefs/pkg/chunk.newCacheManager()
      /home/kwatanabe/tmp_local/juicefs_inspection/juicefs/pkg/chunk/disk_cache.go:1182 +0xa15
  github.com/juicedata/juicefs/pkg/chunk.TestAtimeNotLost()
      /home/kwatanabe/tmp_local/juicefs_inspection/juicefs/pkg/chunk/disk_cache_test.go:446 +0x1aa
  testing.tRunner()
      /home/kwatanabe/.goenv/versions/1.25.11/src/testing/testing.go:1934 +0x21c
  testing.(*T).Run.gowrap1()
      /home/kwatanabe/.goenv/versions/1.25.11/src/testing/testing.go:1997 +0x44
==================
2026/10/02 18:43:03.693918 juicefs[629908] <WARNING>: statfs /home/kwatanabe/.jfs-chunk-test-bs7J3D/TestDiskCacheState184535594/011/: no such file or directory [getDiskUsage@utils_unix.go:39]
2026/10/02 18:43:03.693987 juicefs[629908] <WARNING>: statfs /home/kwatanabe/.jfs-chunk-test-bs7J3D/TestDiskCacheState184535594/008/: no such file or directory [getDiskUsage@utils_unix.go:39]
2026/10/02 18:43:03.694030 juicefs[629908] <WARNING>: statfs /home/kwatanabe/.jfs-chunk-test-bs7J3D/TestDiskCacheState184535594/003/: no such file or directory [getDiskUsage@utils_unix.go:39]
2026/10/02 18:43:03.694132 juicefs[629908] <WARNING>: statfs /home/kwatanabe/.jfs-chunk-test-bs7J3D/TestDiskCacheState184535594/009/: no such file or directory [getDiskUsage@utils_unix.go:39]
2026/10/02 18:43:03.694008 juicefs[629908] <WARNING>: statfs /home/kwatanabe/.jfs-chunk-test-bs7J3D/TestDiskCacheState184535594/006/: no such file or directory [getDiskUsage@utils_unix.go:39]
2026/10/02 18:43:03.694197 juicefs[629908] <WARNING>: statfs /home/kwatanabe/.jfs-chunk-test-bs7J3D/TestDiskCacheState184535594/010/: no such file or directory [getDiskUsage@utils_unix.go:39]
2026/10/02 18:43:03.694120 juicefs[629908] <WARNING>: statfs /home/kwatanabe/.jfs-chunk-test-bs7J3D/TestDiskCacheState184535594/005/: no such file or directory [getDiskUsage@utils_unix.go:39]
2026/10/02 18:43:03.694012 juicefs[629908] <WARNING>: statfs /home/kwatanabe/.jfs-chunk-test-bs7J3D/TestDiskCacheState184535594/004/: no such file or directory [getDiskUsage@utils_unix.go:39]
2026/10/02 18:43:03.694030 juicefs[629908] <WARNING>: statfs /home/kwatanabe/.jfs-chunk-test-bs7J3D/TestDiskCacheState184535594/002/: no such file or directory [getDiskUsage@utils_unix.go:39]
2026/10/02 18:43:03.697763 juicefs[629908] <WARNING>: statfs /home/kwatanabe/.jfs-chunk-test-bs7J3D/diskCache-629908/1790934171690050105: no such file or directory [getDiskUsage@utils_unix.go:39]
2026/10/02 18:43:03.698976 juicefs[629908] <WARNING>: statfs /home/kwatanabe/.jfs-chunk-test-bs7J3D/diskCache-629908/1790934171690825700/: no such file or directory [getDiskUsage@utils_unix.go:39]
2026/10/02 18:43:03.805139 juicefs[629908] <WARNING>: statfs /home/kwatanabe/.jfs-chunk-test-bs7J3D/diskCache-629908/1790934171795109371: no such file or directory [getDiskUsage@utils_unix.go:39]
2026/10/02 18:43:04.694883 juicefs[629908] <WARNING>: statfs /home/kwatanabe/.jfs-chunk-test-bs7J3D/TestDiskCacheState184535594/003/: no such file or directory [getDiskUsage@utils_unix.go:39]
2026/10/02 18:43:04.694922 juicefs[629908] <WARNING>: statfs /home/kwatanabe/.jfs-chunk-test-bs7J3D/TestDiskCacheState184535594/005/: no such file or directory [getDiskUsage@utils_unix.go:39]
2026/10/02 18:43:04.694973 juicefs[629908] <WARNING>: statfs /home/kwatanabe/.jfs-chunk-test-bs7J3D/TestDiskCacheState184535594/006/: no such file or directory [getDiskUsage@utils_unix.go:39]
2026/10/02 18:43:04.694939 juicefs[629908] <WARNING>: statfs /home/kwatanabe/.jfs-chunk-test-bs7J3D/TestDiskCacheState184535594/008/: no such file or directory [getDiskUsage@utils_unix.go:39]
2026/10/02 18:43:04.695005 juicefs[629908] <WARNING>: statfs /home/kwatanabe/.jfs-chunk-test-bs7J3D/TestDiskCacheState184535594/004/: no such file or directory [getDiskUsage@utils_unix.go:39]
2026/10/02 18:43:04.694948 juicefs[629908] <WARNING>: statfs /home/kwatanabe/.jfs-chunk-test-bs7J3D/TestDiskCacheState184535594/009/: no such file or directory [getDiskUsage@utils_unix.go:39]
2026/10/02 18:43:04.695020 juicefs[629908] <WARNING>: statfs /home/kwatanabe/.jfs-chunk-test-bs7J3D/TestDiskCacheState184535594/002/: no such file or directory [getDiskUsage@utils_unix.go:39]
2026/10/02 18:43:04.695015 juicefs[629908] <WARNING>: statfs /home/kwatanabe/.jfs-chunk-test-bs7J3D/TestDiskCacheState184535594/011/: no such file or directory [getDiskUsage@utils_unix.go:39]
2026/10/02 18:43:04.695044 juicefs[629908] <WARNING>: statfs /home/kwatanabe/.jfs-chunk-test-bs7J3D/TestDiskCacheState184535594/010/: no such file or directory [getDiskUsage@utils_unix.go:39]
2026/10/02 18:43:04.698408 juicefs[629908] <WARNING>: statfs /home/kwatanabe/.jfs-chunk-test-bs7J3D/diskCache-629908/1790934171690050105: no such file or directory [getDiskUsage@utils_unix.go:39]
2026/10/02 18:43:04.699540 juicefs[629908] <WARNING>: statfs /home/kwatanabe/.jfs-chunk-test-bs7J3D/diskCache-629908/1790934171690825700/: no such file or directory [getDiskUsage@utils_unix.go:39]
2026/10/02 18:43:04.805567 juicefs[629908] <WARNING>: statfs /home/kwatanabe/.jfs-chunk-test-bs7J3D/diskCache-629908/1790934171795109371: no such file or directory [getDiskUsage@utils_unix.go:39]
2026/10/02 18:43:05.682874 juicefs[629908] <INFO>: lockfile /home/kwatanabe/.jfs-chunk-test-bs7J3D/TestDiskCacheState184535594/003/.lock is lost, cache device maybe broken [checkLockFile@disk_cache.go:232]
2026/10/02 18:43:05.682989 juicefs[629908] <WARNING>: stat `/home/kwatanabe/.jfs-chunk-test-bs7J3D/TestDiskCacheState184535594/003/`: stat /home/kwatanabe/.jfs-chunk-test-bs7J3D/TestDiskCacheState184535594/003/: no such file or directory [inRootVolume@utils_unix.go:54]
2026/10/02 18:43:05.682984 juicefs[629908] <INFO>: lockfile /home/kwatanabe/.jfs-chunk-test-bs7J3D/TestDiskCacheState184535594/008/.lock is lost, cache device maybe broken [checkLockFile@disk_cache.go:232]
2026/10/02 18:43:05.682926 juicefs[629908] <INFO>: lockfile /home/kwatanabe/.jfs-chunk-test-bs7J3D/TestDiskCacheState184535594/002/.lock is lost, cache device maybe broken [checkLockFile@disk_cache.go:232]
2026/10/02 18:43:05.683206 juicefs[629908] <INFO>: lockfile /home/kwatanabe/.jfs-chunk-test-bs7J3D/TestDiskCacheState184535594/009/.lock is lost, cache device maybe broken [checkLockFile@disk_cache.go:232]
2026/10/02 18:43:05.683143 juicefs[629908] <WARNING>: stat `/home/kwatanabe/.jfs-chunk-test-bs7J3D/TestDiskCacheState184535594/008/`: stat /home/kwatanabe/.jfs-chunk-test-bs7J3D/TestDiskCacheState184535594/008/: no such file or directory [inRootVolume@utils_unix.go:54]
2026/10/02 18:43:05.683294 juicefs[629908] <WARNING>: stat `/home/kwatanabe/.jfs-chunk-test-bs7J3D/TestDiskCacheState184535594/009/`: stat /home/kwatanabe/.jfs-chunk-test-bs7J3D/TestDiskCacheState184535594/009/: no such file or directory [inRootVolume@utils_unix.go:54]
2026/10/02 18:43:05.682904 juicefs[629908] <INFO>: lockfile /home/kwatanabe/.jfs-chunk-test-bs7J3D/TestDiskCacheState184535594/004/.lock is lost, cache device maybe broken [checkLockFile@disk_cache.go:232]
2026/10/02 18:43:05.683419 juicefs[629908] <INFO>: lockfile /home/kwatanabe/.jfs-chunk-test-bs7J3D/TestDiskCacheState184535594/011/.lock is lost, cache device maybe broken [checkLockFile@disk_cache.go:232]
2026/10/02 18:43:05.683486 juicefs[629908] <WARNING>: stat `/home/kwatanabe/.jfs-chunk-test-bs7J3D/TestDiskCacheState184535594/011/`: stat /home/kwatanabe/.jfs-chunk-test-bs7J3D/TestDiskCacheState184535594/011/: no such file or directory [inRootVolume@utils_unix.go:54]
2026/10/02 18:43:05.683420 juicefs[629908] <INFO>: lockfile /home/kwatanabe/.jfs-chunk-test-bs7J3D/TestDiskCacheState184535594/010/.lock is lost, cache device maybe broken [checkLockFile@disk_cache.go:232]
2026/10/02 18:43:05.683566 juicefs[629908] <WARNING>: stat `/home/kwatanabe/.jfs-chunk-test-bs7J3D/TestDiskCacheState184535594/010/`: stat /home/kwatanabe/.jfs-chunk-test-bs7J3D/TestDiskCacheState184535594/010/: no such file or directory [inRootVolume@utils_unix.go:54]
2026/10/02 18:43:05.683219 juicefs[629908] <WARNING>: stat `/home/kwatanabe/.jfs-chunk-test-bs7J3D/TestDiskCacheState184535594/002/`: stat /home/kwatanabe/.jfs-chunk-test-bs7J3D/TestDiskCacheState184535594/002/: no such file or directory [inRootVolume@utils_unix.go:54]
2026/10/02 18:43:05.682953 juicefs[629908] <INFO>: lockfile /home/kwatanabe/.jfs-chunk-test-bs7J3D/TestDiskCacheState184535594/006/.lock is lost, cache device maybe broken [checkLockFile@disk_cache.go:232]
2026/10/02 18:43:05.683439 juicefs[629908] <WARNING>: stat `/home/kwatanabe/.jfs-chunk-test-bs7J3D/TestDiskCacheState184535594/004/`: stat /home/kwatanabe/.jfs-chunk-test-bs7J3D/TestDiskCacheState184535594/004/: no such file or directory [inRootVolume@utils_unix.go:54]
2026/10/02 18:43:05.683704 juicefs[629908] <WARNING>: stat `/home/kwatanabe/.jfs-chunk-test-bs7J3D/TestDiskCacheState184535594/006/`: stat /home/kwatanabe/.jfs-chunk-test-bs7J3D/TestDiskCacheState184535594/006/: no such file or directory [inRootVolume@utils_unix.go:54]
2026/10/02 18:43:05.682959 juicefs[629908] <INFO>: lockfile /home/kwatanabe/.jfs-chunk-test-bs7J3D/TestDiskCacheState184535594/005/.lock is lost, cache device maybe broken [checkLockFile@disk_cache.go:232]
2026/10/02 18:43:05.683844 juicefs[629908] <WARNING>: stat `/home/kwatanabe/.jfs-chunk-test-bs7J3D/TestDiskCacheState184535594/005/`: stat /home/kwatanabe/.jfs-chunk-test-bs7J3D/TestDiskCacheState184535594/005/: no such file or directory [inRootVolume@utils_unix.go:54]
2026/10/02 18:43:05.695621 juicefs[629908] <WARNING>: statfs /home/kwatanabe/.jfs-chunk-test-bs7J3D/TestDiskCacheState184535594/008/: no such file or directory [getDiskUsage@utils_unix.go:39]
2026/10/02 18:43:05.695689 juicefs[629908] <WARNING>: statfs /home/kwatanabe/.jfs-chunk-test-bs7J3D/TestDiskCacheState184535594/005/: no such file or directory [getDiskUsage@utils_unix.go:39]
2026/10/02 18:43:05.695659 juicefs[629908] <WARNING>: statfs /home/kwatanabe/.jfs-chunk-test-bs7J3D/TestDiskCacheState184535594/003/: no such file or directory [getDiskUsage@utils_unix.go:39]
2026/10/02 18:43:05.695714 juicefs[629908] <WARNING>: statfs /home/kwatanabe/.jfs-chunk-test-bs7J3D/TestDiskCacheState184535594/006/: no such file or directory [getDiskUsage@utils_unix.go:39]
2026/10/02 18:43:05.695775 juicefs[629908] <WARNING>: statfs /home/kwatanabe/.jfs-chunk-test-bs7J3D/TestDiskCacheState184535594/011/: no such file or directory [getDiskUsage@utils_unix.go:39]
2026/10/02 18:43:05.695747 juicefs[629908] <WARNING>: statfs /home/kwatanabe/.jfs-chunk-test-bs7J3D/TestDiskCacheState184535594/009/: no such file or directory [getDiskUsage@utils_unix.go:39]
2026/10/02 18:43:05.695750 juicefs[629908] <WARNING>: statfs /home/kwatanabe/.jfs-chunk-test-bs7J3D/TestDiskCacheState184535594/004/: no such file or directory [getDiskUsage@utils_unix.go:39]
2026/10/02 18:43:05.695724 juicefs[629908] <WARNING>: statfs /home/kwatanabe/.jfs-chunk-test-bs7J3D/TestDiskCacheState184535594/002/: no such file or directory [getDiskUsage@utils_unix.go:39]
2026/10/02 18:43:05.695777 juicefs[629908] <WARNING>: statfs /home/kwatanabe/.jfs-chunk-test-bs7J3D/TestDiskCacheState184535594/010/: no such file or directory [getDiskUsage@utils_unix.go:39]
2026/10/02 18:43:05.699271 juicefs[629908] <WARNING>: statfs /home/kwatanabe/.jfs-chunk-test-bs7J3D/diskCache-629908/1790934171690050105: no such file or directory [getDiskUsage@utils_unix.go:39]
2026/10/02 18:43:05.700396 juicefs[629908] <WARNING>: statfs /home/kwatanabe/.jfs-chunk-test-bs7J3D/diskCache-629908/1790934171690825700/: no such file or directory [getDiskUsage@utils_unix.go:39]
2026/10/02 18:43:05.806784 juicefs[629908] <WARNING>: statfs /home/kwatanabe/.jfs-chunk-test-bs7J3D/diskCache-629908/1790934171795109371: no such file or directory [getDiskUsage@utils_unix.go:39]
2026/10/02 18:43:05.832491 juicefs[629908] <INFO>: Disk cache (/home/kwatanabe/.jfs-chunk-test-bs7J3D/diskCache-629908/): used ratio - [space 19.5%, inode 4.4%] [newCacheStore@disk_cache.go:154]
2026/10/02 18:43:05.832658 juicefs[629908] <INFO>: Adjusted max items based on freeratio: from 0 to 65095600 items [setLimitByFreeRatio@disk_cache.go:191]
2026/10/02 18:43:06.696185 juicefs[629908] <WARNING>: statfs /home/kwatanabe/.jfs-chunk-test-bs7J3D/TestDiskCacheState184535594/004/: no such file or directory [getDiskUsage@utils_unix.go:39]
2026/10/02 18:43:06.696245 juicefs[629908] <WARNING>: statfs /home/kwatanabe/.jfs-chunk-test-bs7J3D/TestDiskCacheState184535594/002/: no such file or directory [getDiskUsage@utils_unix.go:39]
2026/10/02 18:43:06.696269 juicefs[629908] <WARNING>: statfs /home/kwatanabe/.jfs-chunk-test-bs7J3D/TestDiskCacheState184535594/009/: no such file or directory [getDiskUsage@utils_unix.go:39]
2026/10/02 18:43:06.696319 juicefs[629908] <WARNING>: statfs /home/kwatanabe/.jfs-chunk-test-bs7J3D/TestDiskCacheState184535594/008/: no such file or directory [getDiskUsage@utils_unix.go:39]
2026/10/02 18:43:06.696334 juicefs[629908] <WARNING>: statfs /home/kwatanabe/.jfs-chunk-test-bs7J3D/TestDiskCacheState184535594/011/: no such file or directory [getDiskUsage@utils_unix.go:39]
2026/10/02 18:43:06.696372 juicefs[629908] <WARNING>: statfs /home/kwatanabe/.jfs-chunk-test-bs7J3D/TestDiskCacheState184535594/003/: no such file or directory [getDiskUsage@utils_unix.go:39]
2026/10/02 18:43:06.696425 juicefs[629908] <WARNING>: statfs /home/kwatanabe/.jfs-chunk-test-bs7J3D/TestDiskCacheState184535594/005/: no such file or directory [getDiskUsage@utils_unix.go:39]
2026/10/02 18:43:06.696368 juicefs[629908] <WARNING>: statfs /home/kwatanabe/.jfs-chunk-test-bs7J3D/TestDiskCacheState184535594/006/: no such file or directory [getDiskUsage@utils_unix.go:39]
2026/10/02 18:43:06.696341 juicefs[629908] <WARNING>: statfs /home/kwatanabe/.jfs-chunk-test-bs7J3D/TestDiskCacheState184535594/010/: no such file or directory [getDiskUsage@utils_unix.go:39]
2026/10/02 18:43:06.699862 juicefs[629908] <WARNING>: statfs /home/kwatanabe/.jfs-chunk-test-bs7J3D/diskCache-629908/1790934171690050105: no such file or directory [getDiskUsage@utils_unix.go:39]
2026/10/02 18:43:06.701051 juicefs[629908] <WARNING>: statfs /home/kwatanabe/.jfs-chunk-test-bs7J3D/diskCache-629908/1790934171690825700/: no such file or directory [getDiskUsage@utils_unix.go:39]
2026/10/02 18:43:06.807064 juicefs[629908] <WARNING>: statfs /home/kwatanabe/.jfs-chunk-test-bs7J3D/diskCache-629908/1790934171795109371: no such file or directory [getDiskUsage@utils_unix.go:39]
2026/10/02 18:43:07.697102 juicefs[629908] <WARNING>: statfs /home/kwatanabe/.jfs-chunk-test-bs7J3D/TestDiskCacheState184535594/006/: no such file or directory [getDiskUsage@utils_unix.go:39]
2026/10/02 18:43:07.697134 juicefs[629908] <WARNING>: statfs /home/kwatanabe/.jfs-chunk-test-bs7J3D/TestDiskCacheState184535594/010/: no such file or directory [getDiskUsage@utils_unix.go:39]
2026/10/02 18:43:07.697212 juicefs[629908] <WARNING>: statfs /home/kwatanabe/.jfs-chunk-test-bs7J3D/TestDiskCacheState184535594/009/: no such file or directory [getDiskUsage@utils_unix.go:39]
2026/10/02 18:43:07.697179 juicefs[629908] <WARNING>: statfs /home/kwatanabe/.jfs-chunk-test-bs7J3D/TestDiskCacheState184535594/002/: no such file or directory [getDiskUsage@utils_unix.go:39]
2026/10/02 18:43:07.697158 juicefs[629908] <WARNING>: statfs /home/kwatanabe/.jfs-chunk-test-bs7J3D/TestDiskCacheState184535594/008/: no such file or directory [getDiskUsage@utils_unix.go:39]
2026/10/02 18:43:07.697213 juicefs[629908] <WARNING>: statfs /home/kwatanabe/.jfs-chunk-test-bs7J3D/TestDiskCacheState184535594/005/: no such file or directory [getDiskUsage@utils_unix.go:39]
2026/10/02 18:43:07.697177 juicefs[629908] <WARNING>: statfs /home/kwatanabe/.jfs-chunk-test-bs7J3D/TestDiskCacheState184535594/011/: no such file or directory [getDiskUsage@utils_unix.go:39]
2026/10/02 18:43:07.697160 juicefs[629908] <WARNING>: statfs /home/kwatanabe/.jfs-chunk-test-bs7J3D/TestDiskCacheState184535594/003/: no such file or directory [getDiskUsage@utils_unix.go:39]
2026/10/02 18:43:07.697206 juicefs[629908] <WARNING>: statfs /home/kwatanabe/.jfs-chunk-test-bs7J3D/TestDiskCacheState184535594/004/: no such file or directory [getDiskUsage@utils_unix.go:39]
2026/10/02 18:43:07.700657 juicefs[629908] <WARNING>: statfs /home/kwatanabe/.jfs-chunk-test-bs7J3D/diskCache-629908/1790934171690050105: no such file or directory [getDiskUsage@utils_unix.go:39]
2026/10/02 18:43:07.701848 juicefs[629908] <WARNING>: statfs /home/kwatanabe/.jfs-chunk-test-bs7J3D/diskCache-629908/1790934171690825700/: no such file or directory [getDiskUsage@utils_unix.go:39]
2026/10/02 18:43:07.808212 juicefs[629908] <WARNING>: statfs /home/kwatanabe/.jfs-chunk-test-bs7J3D/diskCache-629908/1790934171795109371: no such file or directory [getDiskUsage@utils_unix.go:39]
2026/10/02 18:43:08.698135 juicefs[629908] <WARNING>: statfs /home/kwatanabe/.jfs-chunk-test-bs7J3D/TestDiskCacheState184535594/011/: no such file or directory [getDiskUsage@utils_unix.go:39]
2026/10/02 18:43:08.698181 juicefs[629908] <WARNING>: statfs /home/kwatanabe/.jfs-chunk-test-bs7J3D/TestDiskCacheState184535594/008/: no such file or directory [getDiskUsage@utils_unix.go:39]
2026/10/02 18:43:08.698219 juicefs[629908] <WARNING>: statfs /home/kwatanabe/.jfs-chunk-test-bs7J3D/TestDiskCacheState184535594/009/: no such file or directory [getDiskUsage@utils_unix.go:39]
2026/10/02 18:43:08.698246 juicefs[629908] <WARNING>: statfs /home/kwatanabe/.jfs-chunk-test-bs7J3D/TestDiskCacheState184535594/004/: no such file or directory [getDiskUsage@utils_unix.go:39]
2026/10/02 18:43:08.698291 juicefs[629908] <WARNING>: statfs /home/kwatanabe/.jfs-chunk-test-bs7J3D/TestDiskCacheState184535594/010/: no such file or directory [getDiskUsage@utils_unix.go:39]
2026/10/02 18:43:08.698309 juicefs[629908] <WARNING>: statfs /home/kwatanabe/.jfs-chunk-test-bs7J3D/TestDiskCacheState184535594/006/: no such file or directory [getDiskUsage@utils_unix.go:39]
2026/10/02 18:43:08.698261 juicefs[629908] <WARNING>: statfs /home/kwatanabe/.jfs-chunk-test-bs7J3D/TestDiskCacheState184535594/003/: no such file or directory [getDiskUsage@utils_unix.go:39]
2026/10/02 18:43:08.698276 juicefs[629908] <WARNING>: statfs /home/kwatanabe/.jfs-chunk-test-bs7J3D/TestDiskCacheState184535594/005/: no such file or directory [getDiskUsage@utils_unix.go:39]
2026/10/02 18:43:08.698206 juicefs[629908] <WARNING>: statfs /home/kwatanabe/.jfs-chunk-test-bs7J3D/TestDiskCacheState184535594/002/: no such file or directory [getDiskUsage@utils_unix.go:39]
2026/10/02 18:43:08.700779 juicefs[629908] <WARNING>: statfs /home/kwatanabe/.jfs-chunk-test-bs7J3D/diskCache-629908/1790934171690050105: no such file or directory [getDiskUsage@utils_unix.go:39]
2026/10/02 18:43:08.701958 juicefs[629908] <WARNING>: statfs /home/kwatanabe/.jfs-chunk-test-bs7J3D/diskCache-629908/1790934171690825700/: no such file or directory [getDiskUsage@utils_unix.go:39]
2026/10/02 18:43:08.809313 juicefs[629908] <WARNING>: statfs /home/kwatanabe/.jfs-chunk-test-bs7J3D/diskCache-629908/1790934171795109371: no such file or directory [getDiskUsage@utils_unix.go:39]
2026/10/02 18:43:08.834031 juicefs[629908] <INFO>: Disk cache (/home/kwatanabe/.jfs-chunk-test-bs7J3D/diskCache-629908/): used ratio - [space 19.5%, inode 4.4%] [newCacheStore@disk_cache.go:154]
2026/10/02 18:43:08.834115 juicefs[629908] <INFO>: Adjusted max items based on freeratio: from 0 to 65095600 items [setLimitByFreeRatio@disk_cache.go:191]
2026/10/02 18:43:09.698360 juicefs[629908] <WARNING>: statfs /home/kwatanabe/.jfs-chunk-test-bs7J3D/TestDiskCacheState184535594/004/: no such file or directory [getDiskUsage@utils_unix.go:39]
2026/10/02 18:43:09.698368 juicefs[629908] <WARNING>: statfs /home/kwatanabe/.jfs-chunk-test-bs7J3D/TestDiskCacheState184535594/008/: no such file or directory [getDiskUsage@utils_unix.go:39]
2026/10/02 18:43:09.698362 juicefs[629908] <WARNING>: statfs /home/kwatanabe/.jfs-chunk-test-bs7J3D/TestDiskCacheState184535594/011/: no such file or directory [getDiskUsage@utils_unix.go:39]
2026/10/02 18:43:09.698416 juicefs[629908] <WARNING>: statfs /home/kwatanabe/.jfs-chunk-test-bs7J3D/TestDiskCacheState184535594/009/: no such file or directory [getDiskUsage@utils_unix.go:39]
2026/10/02 18:43:09.698495 juicefs[629908] <WARNING>: statfs /home/kwatanabe/.jfs-chunk-test-bs7J3D/TestDiskCacheState184535594/003/: no such file or directory [getDiskUsage@utils_unix.go:39]
2026/10/02 18:43:09.698419 juicefs[629908] <WARNING>: statfs /home/kwatanabe/.jfs-chunk-test-bs7J3D/TestDiskCacheState184535594/006/: no such file or directory [getDiskUsage@utils_unix.go:39]
2026/10/02 18:43:09.698579 juicefs[629908] <WARNING>: statfs /home/kwatanabe/.jfs-chunk-test-bs7J3D/TestDiskCacheState184535594/005/: no such file or directory [getDiskUsage@utils_unix.go:39]
2026/10/02 18:43:09.698567 juicefs[629908] <WARNING>: statfs /home/kwatanabe/.jfs-chunk-test-bs7J3D/TestDiskCacheState184535594/002/: no such file or directory [getDiskUsage@utils_unix.go:39]
2026/10/02 18:43:09.698428 juicefs[629908] <WARNING>: statfs /home/kwatanabe/.jfs-chunk-test-bs7J3D/TestDiskCacheState184535594/010/: no such file or directory [getDiskUsage@utils_unix.go:39]
2026/10/02 18:43:09.701918 juicefs[629908] <WARNING>: statfs /home/kwatanabe/.jfs-chunk-test-bs7J3D/diskCache-629908/1790934171690050105: no such file or directory [getDiskUsage@utils_unix.go:39]
2026/10/02 18:43:09.703096 juicefs[629908] <WARNING>: statfs /home/kwatanabe/.jfs-chunk-test-bs7J3D/diskCache-629908/1790934171690825700/: no such file or directory [getDiskUsage@utils_unix.go:39]
2026/10/02 18:43:09.810185 juicefs[629908] <WARNING>: statfs /home/kwatanabe/.jfs-chunk-test-bs7J3D/diskCache-629908/1790934171795109371: no such file or directory [getDiskUsage@utils_unix.go:39]
2026/10/02 18:43:10.699040 juicefs[629908] <WARNING>: statfs /home/kwatanabe/.jfs-chunk-test-bs7J3D/TestDiskCacheState184535594/006/: no such file or directory [getDiskUsage@utils_unix.go:39]
2026/10/02 18:43:10.699107 juicefs[629908] <WARNING>: statfs /home/kwatanabe/.jfs-chunk-test-bs7J3D/TestDiskCacheState184535594/003/: no such file or directory [getDiskUsage@utils_unix.go:39]
2026/10/02 18:43:10.699147 juicefs[629908] <WARNING>: statfs /home/kwatanabe/.jfs-chunk-test-bs7J3D/TestDiskCacheState184535594/008/: no such file or directory [getDiskUsage@utils_unix.go:39]
2026/10/02 18:43:10.699117 juicefs[629908] <WARNING>: statfs /home/kwatanabe/.jfs-chunk-test-bs7J3D/TestDiskCacheState184535594/010/: no such file or directory [getDiskUsage@utils_unix.go:39]
2026/10/02 18:43:10.699132 juicefs[629908] <WARNING>: statfs /home/kwatanabe/.jfs-chunk-test-bs7J3D/TestDiskCacheState184535594/009/: no such file or directory [getDiskUsage@utils_unix.go:39]
2026/10/02 18:43:10.699161 juicefs[629908] <WARNING>: statfs /home/kwatanabe/.jfs-chunk-test-bs7J3D/TestDiskCacheState184535594/005/: no such file or directory [getDiskUsage@utils_unix.go:39]
2026/10/02 18:43:10.699171 juicefs[629908] <WARNING>: statfs /home/kwatanabe/.jfs-chunk-test-bs7J3D/TestDiskCacheState184535594/004/: no such file or directory [getDiskUsage@utils_unix.go:39]
2026/10/02 18:43:10.699147 juicefs[629908] <WARNING>: statfs /home/kwatanabe/.jfs-chunk-test-bs7J3D/TestDiskCacheState184535594/011/: no such file or directory [getDiskUsage@utils_unix.go:39]
2026/10/02 18:43:10.699172 juicefs[629908] <WARNING>: statfs /home/kwatanabe/.jfs-chunk-test-bs7J3D/TestDiskCacheState184535594/002/: no such file or directory [getDiskUsage@utils_unix.go:39]
2026/10/02 18:43:10.702875 juicefs[629908] <WARNING>: statfs /home/kwatanabe/.jfs-chunk-test-bs7J3D/diskCache-629908/1790934171690050105: no such file or directory [getDiskUsage@utils_unix.go:39]
2026/10/02 18:43:10.704003 juicefs[629908] <WARNING>: statfs /home/kwatanabe/.jfs-chunk-test-bs7J3D/diskCache-629908/1790934171690825700/: no such file or directory [getDiskUsage@utils_unix.go:39]
2026/10/02 18:43:10.811189 juicefs[629908] <WARNING>: statfs /home/kwatanabe/.jfs-chunk-test-bs7J3D/diskCache-629908/1790934171795109371: no such file or directory [getDiskUsage@utils_unix.go:39]
2026/10/02 18:43:11.691959 juicefs[629908] <INFO>: lockfile /home/kwatanabe/.jfs-chunk-test-bs7J3D/diskCache-629908/1790934171690050105/.lock is lost, cache device maybe broken [checkLockFile@disk_cache.go:232]
2026/10/02 18:43:11.692122 juicefs[629908] <WARNING>: stat `/home/kwatanabe/.jfs-chunk-test-bs7J3D/diskCache-629908/1790934171690050105`: stat /home/kwatanabe/.jfs-chunk-test-bs7J3D/diskCache-629908/1790934171690050105: no such file or directory [inRootVolume@utils_unix.go:54]
2026/10/02 18:43:11.692216 juicefs[629908] <INFO>: lockfile /home/kwatanabe/.jfs-chunk-test-bs7J3D/diskCache-629908/1790934171690825700/.lock is lost, cache device maybe broken [checkLockFile@disk_cache.go:232]
2026/10/02 18:43:11.692270 juicefs[629908] <WARNING>: stat `/home/kwatanabe/.jfs-chunk-test-bs7J3D/diskCache-629908/1790934171690825700/`: stat /home/kwatanabe/.jfs-chunk-test-bs7J3D/diskCache-629908/1790934171690825700/: no such file or directory [inRootVolume@utils_unix.go:54]
2026/10/02 18:43:11.699241 juicefs[629908] <WARNING>: statfs /home/kwatanabe/.jfs-chunk-test-bs7J3D/TestDiskCacheState184535594/003/: no such file or directory [getDiskUsage@utils_unix.go:39]
2026/10/02 18:43:11.699292 juicefs[629908] <WARNING>: statfs /home/kwatanabe/.jfs-chunk-test-bs7J3D/TestDiskCacheState184535594/005/: no such file or directory [getDiskUsage@utils_unix.go:39]
2026/10/02 18:43:11.699305 juicefs[629908] <WARNING>: statfs /home/kwatanabe/.jfs-chunk-test-bs7J3D/TestDiskCacheState184535594/004/: no such file or directory [getDiskUsage@utils_unix.go:39]
2026/10/02 18:43:11.699341 juicefs[629908] <WARNING>: statfs /home/kwatanabe/.jfs-chunk-test-bs7J3D/TestDiskCacheState184535594/008/: no such file or directory [getDiskUsage@utils_unix.go:39]
2026/10/02 18:43:11.699328 juicefs[629908] <WARNING>: statfs /home/kwatanabe/.jfs-chunk-test-bs7J3D/TestDiskCacheState184535594/006/: no such file or directory [getDiskUsage@utils_unix.go:39]
2026/10/02 18:43:11.699364 juicefs[629908] <WARNING>: statfs /home/kwatanabe/.jfs-chunk-test-bs7J3D/TestDiskCacheState184535594/002/: no such file or directory [getDiskUsage@utils_unix.go:39]
2026/10/02 18:43:11.699359 juicefs[629908] <WARNING>: statfs /home/kwatanabe/.jfs-chunk-test-bs7J3D/TestDiskCacheState184535594/010/: no such file or directory [getDiskUsage@utils_unix.go:39]
2026/10/02 18:43:11.699379 juicefs[629908] <WARNING>: statfs /home/kwatanabe/.jfs-chunk-test-bs7J3D/TestDiskCacheState184535594/009/: no such file or directory [getDiskUsage@utils_unix.go:39]
2026/10/02 18:43:11.699348 juicefs[629908] <WARNING>: statfs /home/kwatanabe/.jfs-chunk-test-bs7J3D/TestDiskCacheState184535594/011/: no such file or directory [getDiskUsage@utils_unix.go:39]
2026/10/02 18:43:11.703958 juicefs[629908] <WARNING>: statfs /home/kwatanabe/.jfs-chunk-test-bs7J3D/diskCache-629908/1790934171690050105: no such file or directory [getDiskUsage@utils_unix.go:39]
2026/10/02 18:43:11.705115 juicefs[629908] <WARNING>: statfs /home/kwatanabe/.jfs-chunk-test-bs7J3D/diskCache-629908/1790934171690825700/: no such file or directory [getDiskUsage@utils_unix.go:39]
2026/10/02 18:43:11.797093 juicefs[629908] <INFO>: lockfile /home/kwatanabe/.jfs-chunk-test-bs7J3D/diskCache-629908/1790934171795109371/.lock is lost, cache device maybe broken [checkLockFile@disk_cache.go:232]
2026/10/02 18:43:11.797169 juicefs[629908] <WARNING>: stat `/home/kwatanabe/.jfs-chunk-test-bs7J3D/diskCache-629908/1790934171795109371`: stat /home/kwatanabe/.jfs-chunk-test-bs7J3D/diskCache-629908/1790934171795109371: no such file or directory [inRootVolume@utils_unix.go:54]
2026/10/02 18:43:11.811564 juicefs[629908] <WARNING>: statfs /home/kwatanabe/.jfs-chunk-test-bs7J3D/diskCache-629908/1790934171795109371: no such file or directory [getDiskUsage@utils_unix.go:39]
--- FAIL: TestAtimeNotLost (9.00s)
    testing.go:1617: race detected during execution of test
2026/10/02 18:43:11.835287 juicefs[629908] <WARNING>: unknown cache eviction policy: "", fallback to 2-random [newCacheStore@disk_cache.go:119]
2026/10/02 18:43:11.835598 juicefs[629908] <INFO>: Disk cache (/home/kwatanabe/.jfs-chunk-test-bs7J3D/diskCache-629908/1790934191835249046): used ratio - [space 19.5%, inode 4.4%] [newCacheStore@disk_cache.go:154]
2026/10/02 18:43:11.835772 juicefs[629908] <INFO>: Adjusted cache capacity based on freeratio: from 1073741824 to 858993472 bytes [setLimitByFreeRatio@disk_cache.go:177]
2026/10/02 18:43:11.835822 juicefs[629908] <INFO>: Adjusted max items based on freeratio: from 1000 to 800 items [setLimitByFreeRatio@disk_cache.go:191]
2026/10/02 18:43:11.836017 juicefs[629908] <WARNING>: unknown cache eviction policy: "", fallback to 2-random [newCacheStore@disk_cache.go:119]
2026/10/02 18:43:11.836258 juicefs[629908] <INFO>: Disk cache (/home/kwatanabe/.jfs-chunk-test-bs7J3D/diskCache-629908/1790934191835991034): used ratio - [space 19.5%, inode 4.4%] [newCacheStore@disk_cache.go:154]
2026/10/02 18:43:11.836394 juicefs[629908] <INFO>: Adjusted cache capacity based on freeratio: from 1073741824 to 858993472 bytes [setLimitByFreeRatio@disk_cache.go:177]
2026/10/02 18:43:11.837130 juicefs[629908] <WARNING>: unknown cache eviction policy: "", fallback to 2-random [newCacheStore@disk_cache.go:119]
2026/10/02 18:43:11.837332 juicefs[629908] <WARNING>: not enough space (100%) or inodes (0%) for caching in /home/kwatanabe/.jfs-chunk-test-bs7J3D/TestUnknownInodeStatsShouldNotMarkCacheAsRawFull18056813/001: free ratio should be >= 10% [newCacheStore@disk_cache.go:152]
2026/10/02 18:43:11.837384 juicefs[629908] <INFO>: Disk cache (/home/kwatanabe/.jfs-chunk-test-bs7J3D/TestUnknownInodeStatsShouldNotMarkCacheAsRawFull18056813/001): used ratio - [space 0%, inode 100%] [newCacheStore@disk_cache.go:154]
2026/10/02 18:43:11.837422 juicefs[629908] <INFO>: Adjusted cache capacity based on freeratio: from 1073741824 to 966367616 bytes [setLimitByFreeRatio@disk_cache.go:177]
==================
WARNING: DATA RACE
Write at 0x00c0014a809a by goroutine 717:
  github.com/juicedata/juicefs/pkg/chunk.(*cacheStore).checkFreeSpace()
      /home/kwatanabe/tmp_local/juicefs_inspection/juicefs/pkg/chunk/disk_cache.go:357 +0x1ba
  github.com/juicedata/juicefs/pkg/chunk.newCacheStore.gowrap3()
      /home/kwatanabe/tmp_local/juicefs_inspection/juicefs/pkg/chunk/disk_cache.go:162 +0x33

Previous read at 0x00c0014a809a by goroutine 721:
  github.com/juicedata/juicefs/pkg/chunk.TestUnknownInodeStatsShouldNotMarkCacheAsRawFull.func1.2()
      /home/kwatanabe/tmp_local/juicefs_inspection/juicefs/pkg/chunk/disk_cache_test.go:520 +0x94
  github.com/stretchr/testify/assert.Never.func1()
      /home/kwatanabe/go/1.25.11/pkg/mod/github.com/stretchr/testify@v1.11.1/assert/assertions.go:2141 +0x33

Goroutine 717 (running) created at:
  github.com/juicedata/juicefs/pkg/chunk.newCacheStore()
      /home/kwatanabe/tmp_local/juicefs_inspection/juicefs/pkg/chunk/disk_cache.go:162 +0x108a
  github.com/juicedata/juicefs/pkg/chunk.TestUnknownInodeStatsShouldNotMarkCacheAsRawFull.func1()
      /home/kwatanabe/tmp_local/juicefs_inspection/juicefs/pkg/chunk/disk_cache_test.go:515 +0xf1
  runtime.call16()
      /home/kwatanabe/.goenv/versions/1.25.11/src/runtime/asm_amd64.s:774 +0x42
  reflect.Value.Call()
      /home/kwatanabe/.goenv/versions/1.25.11/src/reflect/value.go:365 +0xb5
  github.com/bytedance/mockey/internal/tool.ReflectCall()
      /home/kwatanabe/go/1.25.11/pkg/mod/github.com/bytedance/mockey@v1.2.14/internal/tool/call.go:36 +0x199
  github.com/bytedance/mockey.PatchConvey.func1()
      /home/kwatanabe/go/1.25.11/pkg/mod/github.com/bytedance/mockey@v1.2.14/convey.go:43 +0x1d5
  reflect.callReflect()
      /home/kwatanabe/.goenv/versions/1.25.11/src/reflect/value.go:767 +0x9a2
  reflect.callReflect()
      <autogenerated>:1 +0x56
  reflect.makeFuncStub()
      /home/kwatanabe/.goenv/versions/1.25.11/src/reflect/asm_amd64.s:47 +0x6d
  github.com/smartystreets/goconvey/convey.(*context).conveyInner()
      /home/kwatanabe/go/1.25.11/pkg/mod/github.com/smartystreets/goconvey@v1.7.2/convey/context.go:279 +0x2ac
  github.com/smartystreets/goconvey/convey.rootConvey.func1()
      /home/kwatanabe/go/1.25.11/pkg/mod/github.com/smartystreets/goconvey@v1.7.2/convey/context.go:112 +0x1a4
  github.com/jtolds/gls.(*ContextManager).SetValues.func1()
      /home/kwatanabe/go/1.25.11/pkg/mod/github.com/jtolds/gls@v4.20.0+incompatible/context.go:97 +0x666
  github.com/jtolds/gls.EnsureGoroutineId.func1()
      /home/kwatanabe/go/1.25.11/pkg/mod/github.com/jtolds/gls@v4.20.0+incompatible/gid.go:24 +0x38
  github.com/jtolds/gls._m()
      /home/kwatanabe/go/1.25.11/pkg/mod/github.com/jtolds/gls@v4.20.0+incompatible/stack_tags.go:108 +0x38
  github.com/jtolds/gls.github_com_jtolds_gls_markS()
      /home/kwatanabe/go/1.25.11/pkg/mod/github.com/jtolds/gls@v4.20.0+incompatible/stack_tags.go:56 +0x33
  github.com/jtolds/gls.addStackTag()
      /home/kwatanabe/go/1.25.11/pkg/mod/github.com/jtolds/gls@v4.20.0+incompatible/stack_tags.go:49 +0x15c
  github.com/jtolds/gls.EnsureGoroutineId()
      /home/kwatanabe/go/1.25.11/pkg/mod/github.com/jtolds/gls@v4.20.0+incompatible/gid.go:24 +0xcd
  github.com/jtolds/gls.(*ContextManager).SetValues()
      /home/kwatanabe/go/1.25.11/pkg/mod/github.com/jtolds/gls@v4.20.0+incompatible/context.go:63 +0x27c
  github.com/smartystreets/goconvey/convey.rootConvey()
      /home/kwatanabe/go/1.25.11/pkg/mod/github.com/smartystreets/goconvey@v1.7.2/convey/context.go:107 +0x54f
  github.com/smartystreets/goconvey/convey.Convey()
      /home/kwatanabe/go/1.25.11/pkg/mod/github.com/smartystreets/goconvey@v1.7.2/convey/doc.go:76 +0x9a
  github.com/bytedance/mockey.PatchConvey()
      /home/kwatanabe/go/1.25.11/pkg/mod/github.com/bytedance/mockey@v1.2.14/convey.go:48 +0x304
  github.com/juicedata/juicefs/pkg/chunk.TestUnknownInodeStatsShouldNotMarkCacheAsRawFull()
      /home/kwatanabe/tmp_local/juicefs_inspection/juicefs/pkg/chunk/disk_cache_test.go:506 +0x10e
  testing.tRunner()
      /home/kwatanabe/.goenv/versions/1.25.11/src/testing/testing.go:1934 +0x21c
  testing.(*T).Run.gowrap1()
      /home/kwatanabe/.goenv/versions/1.25.11/src/testing/testing.go:1997 +0x44

Goroutine 721 (finished) created at:
  github.com/stretchr/testify/assert.Never()
      /home/kwatanabe/go/1.25.11/pkg/mod/github.com/stretchr/testify@v1.11.1/assert/assertions.go:2152 +0x278
  github.com/stretchr/testify/require.Never()
      /home/kwatanabe/go/1.25.11/pkg/mod/github.com/stretchr/testify@v1.11.1/require/require.go:1318 +0xd1
  github.com/juicedata/juicefs/pkg/chunk.TestUnknownInodeStatsShouldNotMarkCacheAsRawFull.func1()
      /home/kwatanabe/tmp_local/juicefs_inspection/juicefs/pkg/chunk/disk_cache_test.go:517 +0x189
  runtime.call16()
      /home/kwatanabe/.goenv/versions/1.25.11/src/runtime/asm_amd64.s:774 +0x42
  reflect.Value.Call()
      /home/kwatanabe/.goenv/versions/1.25.11/src/reflect/value.go:365 +0xb5
  github.com/bytedance/mockey/internal/tool.ReflectCall()
      /home/kwatanabe/go/1.25.11/pkg/mod/github.com/bytedance/mockey@v1.2.14/internal/tool/call.go:36 +0x199
  github.com/bytedance/mockey.PatchConvey.func1()
      /home/kwatanabe/go/1.25.11/pkg/mod/github.com/bytedance/mockey@v1.2.14/convey.go:43 +0x1d5
  reflect.callReflect()
      /home/kwatanabe/.goenv/versions/1.25.11/src/reflect/value.go:767 +0x9a2
  reflect.callReflect()
      <autogenerated>:1 +0x56
  reflect.makeFuncStub()
      /home/kwatanabe/.goenv/versions/1.25.11/src/reflect/asm_amd64.s:47 +0x6d
  github.com/smartystreets/goconvey/convey.(*context).conveyInner()
      /home/kwatanabe/go/1.25.11/pkg/mod/github.com/smartystreets/goconvey@v1.7.2/convey/context.go:279 +0x2ac
  github.com/smartystreets/goconvey/convey.rootConvey.func1()
      /home/kwatanabe/go/1.25.11/pkg/mod/github.com/smartystreets/goconvey@v1.7.2/convey/context.go:112 +0x1a4
  github.com/jtolds/gls.(*ContextManager).SetValues.func1()
      /home/kwatanabe/go/1.25.11/pkg/mod/github.com/jtolds/gls@v4.20.0+incompatible/context.go:97 +0x666
  github.com/jtolds/gls.EnsureGoroutineId.func1()
      /home/kwatanabe/go/1.25.11/pkg/mod/github.com/jtolds/gls@v4.20.0+incompatible/gid.go:24 +0x38
  github.com/jtolds/gls._m()
      /home/kwatanabe/go/1.25.11/pkg/mod/github.com/jtolds/gls@v4.20.0+incompatible/stack_tags.go:108 +0x38
  github.com/jtolds/gls.github_com_jtolds_gls_markS()
      /home/kwatanabe/go/1.25.11/pkg/mod/github.com/jtolds/gls@v4.20.0+incompatible/stack_tags.go:56 +0x33
  github.com/jtolds/gls.addStackTag()
      /home/kwatanabe/go/1.25.11/pkg/mod/github.com/jtolds/gls@v4.20.0+incompatible/stack_tags.go:49 +0x15c
  github.com/jtolds/gls.EnsureGoroutineId()
      /home/kwatanabe/go/1.25.11/pkg/mod/github.com/jtolds/gls@v4.20.0+incompatible/gid.go:24 +0xcd
  github.com/jtolds/gls.(*ContextManager).SetValues()
      /home/kwatanabe/go/1.25.11/pkg/mod/github.com/jtolds/gls@v4.20.0+incompatible/context.go:63 +0x27c
  github.com/smartystreets/goconvey/convey.rootConvey()
      /home/kwatanabe/go/1.25.11/pkg/mod/github.com/smartystreets/goconvey@v1.7.2/convey/context.go:107 +0x54f
  github.com/smartystreets/goconvey/convey.Convey()
      /home/kwatanabe/go/1.25.11/pkg/mod/github.com/smartystreets/goconvey@v1.7.2/convey/doc.go:76 +0x9a
  github.com/bytedance/mockey.PatchConvey()
      /home/kwatanabe/go/1.25.11/pkg/mod/github.com/bytedance/mockey@v1.2.14/convey.go:48 +0x304
  github.com/juicedata/juicefs/pkg/chunk.TestUnknownInodeStatsShouldNotMarkCacheAsRawFull()
      /home/kwatanabe/tmp_local/juicefs_inspection/juicefs/pkg/chunk/disk_cache_test.go:506 +0x10e
  testing.tRunner()
      /home/kwatanabe/.goenv/versions/1.25.11/src/testing/testing.go:1934 +0x21c
  testing.(*T).Run.gowrap1()
      /home/kwatanabe/.goenv/versions/1.25.11/src/testing/testing.go:1997 +0x44
==================
==================
WARNING: DATA RACE
Read at 0x00c001421f70 by goroutine 226:
  reflect.callReflect()
      /home/kwatanabe/.goenv/versions/1.25.11/src/reflect/value.go:701 +0x85
  reflect.callReflect()
      <autogenerated>:1 +0x56
  reflect.makeFuncStub()
      /home/kwatanabe/.goenv/versions/1.25.11/src/reflect/asm_amd64.s:47 +0x6d
  github.com/juicedata/juicefs/pkg/chunk.(*cacheStore).checkErr()
      /home/kwatanabe/tmp_local/juicefs_inspection/juicefs/pkg/chunk/disk_cache.go:267 +0x28a
  github.com/juicedata/juicefs/pkg/chunk.(*cacheStore).curFreeRatio()
      /home/kwatanabe/tmp_local/juicefs_inspection/juicefs/pkg/chunk/disk_cache.go:493 +0x21c
  github.com/juicedata/juicefs/pkg/chunk.(*cacheStore).checkFreeSpace()
      /home/kwatanabe/tmp_local/juicefs_inspection/juicefs/pkg/chunk/disk_cache.go:355 +0x84
  github.com/juicedata/juicefs/pkg/chunk.newCacheStore.gowrap3()
      /home/kwatanabe/tmp_local/juicefs_inspection/juicefs/pkg/chunk/disk_cache.go:162 +0x33

Previous write at 0x00c001421f70 by goroutine 713:
  reflect.MakeFunc()
      /home/kwatanabe/.goenv/versions/1.25.11/src/reflect/makefunc.go:66 +0x22f
  github.com/bytedance/mockey.(*Mocker).buildHook()
      /home/kwatanabe/go/1.25.11/pkg/mod/github.com/bytedance/mockey@v1.2.14/mock.go:268 +0x7ee
  github.com/bytedance/mockey.(*MockBuilder).Build()
      /home/kwatanabe/go/1.25.11/pkg/mod/github.com/bytedance/mockey@v1.2.14/mock.go:216 +0x137
  github.com/juicedata/juicefs/pkg/chunk.TestUnknownInodeStatsShouldNotMarkCacheAsRawFull.func1()
      /home/kwatanabe/tmp_local/juicefs_inspection/juicefs/pkg/chunk/disk_cache_test.go:509 +0x69
  runtime.call16()
      /home/kwatanabe/.goenv/versions/1.25.11/src/runtime/asm_amd64.s:774 +0x42
  reflect.Value.Call()
      /home/kwatanabe/.goenv/versions/1.25.11/src/reflect/value.go:365 +0xb5
  github.com/bytedance/mockey/internal/tool.ReflectCall()
      /home/kwatanabe/go/1.25.11/pkg/mod/github.com/bytedance/mockey@v1.2.14/internal/tool/call.go:36 +0x199
  github.com/bytedance/mockey.PatchConvey.func1()
      /home/kwatanabe/go/1.25.11/pkg/mod/github.com/bytedance/mockey@v1.2.14/convey.go:43 +0x1d5
  reflect.callReflect()
      /home/kwatanabe/.goenv/versions/1.25.11/src/reflect/value.go:767 +0x9a2
  reflect.callReflect()
      <autogenerated>:1 +0x56
  reflect.makeFuncStub()
      /home/kwatanabe/.goenv/versions/1.25.11/src/reflect/asm_amd64.s:47 +0x6d
  github.com/smartystreets/goconvey/convey.(*context).conveyInner()
      /home/kwatanabe/go/1.25.11/pkg/mod/github.com/smartystreets/goconvey@v1.7.2/convey/context.go:279 +0x2ac
  github.com/smartystreets/goconvey/convey.rootConvey.func1()
      /home/kwatanabe/go/1.25.11/pkg/mod/github.com/smartystreets/goconvey@v1.7.2/convey/context.go:112 +0x1a4
  github.com/jtolds/gls.(*ContextManager).SetValues.func1()
      /home/kwatanabe/go/1.25.11/pkg/mod/github.com/jtolds/gls@v4.20.0+incompatible/context.go:97 +0x666
  github.com/jtolds/gls.EnsureGoroutineId.func1()
      /home/kwatanabe/go/1.25.11/pkg/mod/github.com/jtolds/gls@v4.20.0+incompatible/gid.go:24 +0x38
  github.com/jtolds/gls._m()
      /home/kwatanabe/go/1.25.11/pkg/mod/github.com/jtolds/gls@v4.20.0+incompatible/stack_tags.go:108 +0x38
  github.com/jtolds/gls.github_com_jtolds_gls_markS()
      /home/kwatanabe/go/1.25.11/pkg/mod/github.com/jtolds/gls@v4.20.0+incompatible/stack_tags.go:56 +0x33
  github.com/jtolds/gls.addStackTag()
      /home/kwatanabe/go/1.25.11/pkg/mod/github.com/jtolds/gls@v4.20.0+incompatible/stack_tags.go:49 +0x15c
  github.com/jtolds/gls.EnsureGoroutineId()
      /home/kwatanabe/go/1.25.11/pkg/mod/github.com/jtolds/gls@v4.20.0+incompatible/gid.go:24 +0xcd
  github.com/jtolds/gls.(*ContextManager).SetValues()
      /home/kwatanabe/go/1.25.11/pkg/mod/github.com/jtolds/gls@v4.20.0+incompatible/context.go:63 +0x27c
  github.com/smartystreets/goconvey/convey.rootConvey()
      /home/kwatanabe/go/1.25.11/pkg/mod/github.com/smartystreets/goconvey@v1.7.2/convey/context.go:107 +0x54f
  github.com/smartystreets/goconvey/convey.Convey()
      /home/kwatanabe/go/1.25.11/pkg/mod/github.com/smartystreets/goconvey@v1.7.2/convey/doc.go:76 +0x9a
  github.com/bytedance/mockey.PatchConvey()
      /home/kwatanabe/go/1.25.11/pkg/mod/github.com/bytedance/mockey@v1.2.14/convey.go:48 +0x304
  github.com/juicedata/juicefs/pkg/chunk.TestUnknownInodeStatsShouldNotMarkCacheAsRawFull()
      /home/kwatanabe/tmp_local/juicefs_inspection/juicefs/pkg/chunk/disk_cache_test.go:506 +0x10e
  testing.tRunner()
      /home/kwatanabe/.goenv/versions/1.25.11/src/testing/testing.go:1934 +0x21c
  testing.(*T).Run.gowrap1()
      /home/kwatanabe/.goenv/versions/1.25.11/src/testing/testing.go:1997 +0x44

Goroutine 226 (running) created at:
  github.com/juicedata/juicefs/pkg/chunk.newCacheStore()
      /home/kwatanabe/tmp_local/juicefs_inspection/juicefs/pkg/chunk/disk_cache.go:162 +0x108a
  github.com/juicedata/juicefs/pkg/chunk.newCacheManager()
      /home/kwatanabe/tmp_local/juicefs_inspection/juicefs/pkg/chunk/disk_cache.go:1182 +0xa15
  github.com/juicedata/juicefs/pkg/chunk.NewCachedStore()
      /home/kwatanabe/tmp_local/juicefs_inspection/juicefs/pkg/chunk/cached_store.go:887 +0xcb4
  github.com/juicedata/juicefs/pkg/chunk.TestStoreSmallBuffer()
      /home/kwatanabe/tmp_local/juicefs_inspection/juicefs/pkg/chunk/cached_store_test.go:178 +0xeb
  testing.tRunner()
      /home/kwatanabe/.goenv/versions/1.25.11/src/testing/testing.go:1934 +0x21c
  testing.(*T).Run.gowrap1()
      /home/kwatanabe/.goenv/versions/1.25.11/src/testing/testing.go:1997 +0x44

Goroutine 713 (running) created at:
  testing.(*T).Run()
      /home/kwatanabe/.goenv/versions/1.25.11/src/testing/testing.go:1997 +0x9d2
  testing.runTests.func1()
      /home/kwatanabe/.goenv/versions/1.25.11/src/testing/testing.go:2477 +0x84
  testing.tRunner()
      /home/kwatanabe/.goenv/versions/1.25.11/src/testing/testing.go:1934 +0x21c
  testing.runTests()
      /home/kwatanabe/.goenv/versions/1.25.11/src/testing/testing.go:2475 +0x96c
  testing.(*M).Run()
      /home/kwatanabe/.goenv/versions/1.25.11/src/testing/testing.go:2337 +0xed4
  main.main()
      _testmain.go:149 +0x164
==================
==================
WARNING: DATA RACE
Read at 0x00c001421f78 by goroutine 226:
  reflect.callReflect()
      /home/kwatanabe/.goenv/versions/1.25.11/src/reflect/value.go:702 +0xa4
  reflect.callReflect()
      <autogenerated>:1 +0x56
  reflect.makeFuncStub()
      /home/kwatanabe/.goenv/versions/1.25.11/src/reflect/asm_amd64.s:47 +0x6d
  github.com/juicedata/juicefs/pkg/chunk.(*cacheStore).checkErr()
      /home/kwatanabe/tmp_local/juicefs_inspection/juicefs/pkg/chunk/disk_cache.go:267 +0x28a
  github.com/juicedata/juicefs/pkg/chunk.(*cacheStore).curFreeRatio()
      /home/kwatanabe/tmp_local/juicefs_inspection/juicefs/pkg/chunk/disk_cache.go:493 +0x21c
  github.com/juicedata/juicefs/pkg/chunk.(*cacheStore).checkFreeSpace()
      /home/kwatanabe/tmp_local/juicefs_inspection/juicefs/pkg/chunk/disk_cache.go:355 +0x84
  github.com/juicedata/juicefs/pkg/chunk.newCacheStore.gowrap3()
      /home/kwatanabe/tmp_local/juicefs_inspection/juicefs/pkg/chunk/disk_cache.go:162 +0x33

Previous write at 0x00c001421f78 by goroutine 713:
  reflect.MakeFunc()
      /home/kwatanabe/.goenv/versions/1.25.11/src/reflect/makefunc.go:67 +0x277
  github.com/bytedance/mockey.(*Mocker).buildHook()
      /home/kwatanabe/go/1.25.11/pkg/mod/github.com/bytedance/mockey@v1.2.14/mock.go:268 +0x7ee
  github.com/bytedance/mockey.(*MockBuilder).Build()
      /home/kwatanabe/go/1.25.11/pkg/mod/github.com/bytedance/mockey@v1.2.14/mock.go:216 +0x137
  github.com/juicedata/juicefs/pkg/chunk.TestUnknownInodeStatsShouldNotMarkCacheAsRawFull.func1()
      /home/kwatanabe/tmp_local/juicefs_inspection/juicefs/pkg/chunk/disk_cache_test.go:509 +0x69
  runtime.call16()
      /home/kwatanabe/.goenv/versions/1.25.11/src/runtime/asm_amd64.s:774 +0x42
  reflect.Value.Call()
      /home/kwatanabe/.goenv/versions/1.25.11/src/reflect/value.go:365 +0xb5
  github.com/bytedance/mockey/internal/tool.ReflectCall()
      /home/kwatanabe/go/1.25.11/pkg/mod/github.com/bytedance/mockey@v1.2.14/internal/tool/call.go:36 +0x199
  github.com/bytedance/mockey.PatchConvey.func1()
      /home/kwatanabe/go/1.25.11/pkg/mod/github.com/bytedance/mockey@v1.2.14/convey.go:43 +0x1d5
  reflect.callReflect()
      /home/kwatanabe/.goenv/versions/1.25.11/src/reflect/value.go:767 +0x9a2
  reflect.callReflect()
      <autogenerated>:1 +0x56
  reflect.makeFuncStub()
      /home/kwatanabe/.goenv/versions/1.25.11/src/reflect/asm_amd64.s:47 +0x6d
  github.com/smartystreets/goconvey/convey.(*context).conveyInner()
      /home/kwatanabe/go/1.25.11/pkg/mod/github.com/smartystreets/goconvey@v1.7.2/convey/context.go:279 +0x2ac
  github.com/smartystreets/goconvey/convey.rootConvey.func1()
      /home/kwatanabe/go/1.25.11/pkg/mod/github.com/smartystreets/goconvey@v1.7.2/convey/context.go:112 +0x1a4
  github.com/jtolds/gls.(*ContextManager).SetValues.func1()
      /home/kwatanabe/go/1.25.11/pkg/mod/github.com/jtolds/gls@v4.20.0+incompatible/context.go:97 +0x666
  github.com/jtolds/gls.EnsureGoroutineId.func1()
      /home/kwatanabe/go/1.25.11/pkg/mod/github.com/jtolds/gls@v4.20.0+incompatible/gid.go:24 +0x38
  github.com/jtolds/gls._m()
      /home/kwatanabe/go/1.25.11/pkg/mod/github.com/jtolds/gls@v4.20.0+incompatible/stack_tags.go:108 +0x38
  github.com/jtolds/gls.github_com_jtolds_gls_markS()
      /home/kwatanabe/go/1.25.11/pkg/mod/github.com/jtolds/gls@v4.20.0+incompatible/stack_tags.go:56 +0x33
  github.com/jtolds/gls.addStackTag()
      /home/kwatanabe/go/1.25.11/pkg/mod/github.com/jtolds/gls@v4.20.0+incompatible/stack_tags.go:49 +0x15c
  github.com/jtolds/gls.EnsureGoroutineId()
      /home/kwatanabe/go/1.25.11/pkg/mod/github.com/jtolds/gls@v4.20.0+incompatible/gid.go:24 +0xcd
  github.com/jtolds/gls.(*ContextManager).SetValues()
      /home/kwatanabe/go/1.25.11/pkg/mod/github.com/jtolds/gls@v4.20.0+incompatible/context.go:63 +0x27c
  github.com/smartystreets/goconvey/convey.rootConvey()
      /home/kwatanabe/go/1.25.11/pkg/mod/github.com/smartystreets/goconvey@v1.7.2/convey/context.go:107 +0x54f
  github.com/smartystreets/goconvey/convey.Convey()
      /home/kwatanabe/go/1.25.11/pkg/mod/github.com/smartystreets/goconvey@v1.7.2/convey/doc.go:76 +0x9a
  github.com/bytedance/mockey.PatchConvey()
      /home/kwatanabe/go/1.25.11/pkg/mod/github.com/bytedance/mockey@v1.2.14/convey.go:48 +0x304
  github.com/juicedata/juicefs/pkg/chunk.TestUnknownInodeStatsShouldNotMarkCacheAsRawFull()
      /home/kwatanabe/tmp_local/juicefs_inspection/juicefs/pkg/chunk/disk_cache_test.go:506 +0x10e
  testing.tRunner()
      /home/kwatanabe/.goenv/versions/1.25.11/src/testing/testing.go:1934 +0x21c
  testing.(*T).Run.gowrap1()
      /home/kwatanabe/.goenv/versions/1.25.11/src/testing/testing.go:1997 +0x44

Goroutine 226 (running) created at:
  github.com/juicedata/juicefs/pkg/chunk.newCacheStore()
      /home/kwatanabe/tmp_local/juicefs_inspection/juicefs/pkg/chunk/disk_cache.go:162 +0x108a
  github.com/juicedata/juicefs/pkg/chunk.newCacheManager()
      /home/kwatanabe/tmp_local/juicefs_inspection/juicefs/pkg/chunk/disk_cache.go:1182 +0xa15
  github.com/juicedata/juicefs/pkg/chunk.NewCachedStore()
      /home/kwatanabe/tmp_local/juicefs_inspection/juicefs/pkg/chunk/cached_store.go:887 +0xcb4
  github.com/juicedata/juicefs/pkg/chunk.TestStoreSmallBuffer()
      /home/kwatanabe/tmp_local/juicefs_inspection/juicefs/pkg/chunk/cached_store_test.go:178 +0xeb
  testing.tRunner()
      /home/kwatanabe/.goenv/versions/1.25.11/src/testing/testing.go:1934 +0x21c
  testing.(*T).Run.gowrap1()
      /home/kwatanabe/.goenv/versions/1.25.11/src/testing/testing.go:1997 +0x44

Goroutine 713 (running) created at:
  testing.(*T).Run()
      /home/kwatanabe/.goenv/versions/1.25.11/src/testing/testing.go:1997 +0x9d2
  testing.runTests.func1()
      /home/kwatanabe/.goenv/versions/1.25.11/src/testing/testing.go:2477 +0x84
  testing.tRunner()
      /home/kwatanabe/.goenv/versions/1.25.11/src/testing/testing.go:1934 +0x21c
  testing.runTests()
      /home/kwatanabe/.goenv/versions/1.25.11/src/testing/testing.go:2475 +0x96c
  testing.(*M).Run()
      /home/kwatanabe/.goenv/versions/1.25.11/src/testing/testing.go:2337 +0xed4
  main.main()
      _testmain.go:149 +0x164
==================
==================
WARNING: DATA RACE
Write at 0x00c001482860 by goroutine 226:
  sync/atomic.AddInt64()
      /home/kwatanabe/.goenv/versions/1.25.11/src/runtime/race_amd64.s:289 +0xb
  sync/atomic.AddInt64()
      <autogenerated>:1 +0x15
  reflect.callReflect()
      /home/kwatanabe/.goenv/versions/1.25.11/src/reflect/value.go:767 +0x9a2
  reflect.callReflect()
      <autogenerated>:1 +0x56
  reflect.makeFuncStub()
      /home/kwatanabe/.goenv/versions/1.25.11/src/reflect/asm_amd64.s:47 +0x6d
  github.com/juicedata/juicefs/pkg/chunk.(*cacheStore).checkErr()
      /home/kwatanabe/tmp_local/juicefs_inspection/juicefs/pkg/chunk/disk_cache.go:267 +0x28a
  github.com/juicedata/juicefs/pkg/chunk.(*cacheStore).curFreeRatio()
      /home/kwatanabe/tmp_local/juicefs_inspection/juicefs/pkg/chunk/disk_cache.go:493 +0x21c
  github.com/juicedata/juicefs/pkg/chunk.(*cacheStore).checkFreeSpace()
      /home/kwatanabe/tmp_local/juicefs_inspection/juicefs/pkg/chunk/disk_cache.go:355 +0x84
  github.com/juicedata/juicefs/pkg/chunk.newCacheStore.gowrap3()
      /home/kwatanabe/tmp_local/juicefs_inspection/juicefs/pkg/chunk/disk_cache.go:162 +0x33

Previous write at 0x00c001482860 by goroutine 713:
  github.com/bytedance/mockey.(*MockBuilder).Build()
      /home/kwatanabe/go/1.25.11/pkg/mod/github.com/bytedance/mockey@v1.2.14/mock.go:215 +0xdb
  github.com/juicedata/juicefs/pkg/chunk.TestUnknownInodeStatsShouldNotMarkCacheAsRawFull.func1()
      /home/kwatanabe/tmp_local/juicefs_inspection/juicefs/pkg/chunk/disk_cache_test.go:509 +0x69
  runtime.call16()
      /home/kwatanabe/.goenv/versions/1.25.11/src/runtime/asm_amd64.s:774 +0x42
  reflect.Value.Call()
      /home/kwatanabe/.goenv/versions/1.25.11/src/reflect/value.go:365 +0xb5
  github.com/bytedance/mockey/internal/tool.ReflectCall()
      /home/kwatanabe/go/1.25.11/pkg/mod/github.com/bytedance/mockey@v1.2.14/internal/tool/call.go:36 +0x199
  github.com/bytedance/mockey.PatchConvey.func1()
      /home/kwatanabe/go/1.25.11/pkg/mod/github.com/bytedance/mockey@v1.2.14/convey.go:43 +0x1d5
  reflect.callReflect()
      /home/kwatanabe/.goenv/versions/1.25.11/src/reflect/value.go:767 +0x9a2
  reflect.callReflect()
      <autogenerated>:1 +0x56
  reflect.makeFuncStub()
      /home/kwatanabe/.goenv/versions/1.25.11/src/reflect/asm_amd64.s:47 +0x6d
  github.com/smartystreets/goconvey/convey.(*context).conveyInner()
      /home/kwatanabe/go/1.25.11/pkg/mod/github.com/smartystreets/goconvey@v1.7.2/convey/context.go:279 +0x2ac
  github.com/smartystreets/goconvey/convey.rootConvey.func1()
      /home/kwatanabe/go/1.25.11/pkg/mod/github.com/smartystreets/goconvey@v1.7.2/convey/context.go:112 +0x1a4
  github.com/jtolds/gls.(*ContextManager).SetValues.func1()
      /home/kwatanabe/go/1.25.11/pkg/mod/github.com/jtolds/gls@v4.20.0+incompatible/context.go:97 +0x666
  github.com/jtolds/gls.EnsureGoroutineId.func1()
      /home/kwatanabe/go/1.25.11/pkg/mod/github.com/jtolds/gls@v4.20.0+incompatible/gid.go:24 +0x38
  github.com/jtolds/gls._m()
      /home/kwatanabe/go/1.25.11/pkg/mod/github.com/jtolds/gls@v4.20.0+incompatible/stack_tags.go:108 +0x38
  github.com/jtolds/gls.github_com_jtolds_gls_markS()
      /home/kwatanabe/go/1.25.11/pkg/mod/github.com/jtolds/gls@v4.20.0+incompatible/stack_tags.go:56 +0x33
  github.com/jtolds/gls.addStackTag()
      /home/kwatanabe/go/1.25.11/pkg/mod/github.com/jtolds/gls@v4.20.0+incompatible/stack_tags.go:49 +0x15c
  github.com/jtolds/gls.EnsureGoroutineId()
      /home/kwatanabe/go/1.25.11/pkg/mod/github.com/jtolds/gls@v4.20.0+incompatible/gid.go:24 +0xcd
  github.com/jtolds/gls.(*ContextManager).SetValues()
      /home/kwatanabe/go/1.25.11/pkg/mod/github.com/jtolds/gls@v4.20.0+incompatible/context.go:63 +0x27c
  github.com/smartystreets/goconvey/convey.rootConvey()
      /home/kwatanabe/go/1.25.11/pkg/mod/github.com/smartystreets/goconvey@v1.7.2/convey/context.go:107 +0x54f
  github.com/smartystreets/goconvey/convey.Convey()
      /home/kwatanabe/go/1.25.11/pkg/mod/github.com/smartystreets/goconvey@v1.7.2/convey/doc.go:76 +0x9a
  github.com/bytedance/mockey.PatchConvey()
      /home/kwatanabe/go/1.25.11/pkg/mod/github.com/bytedance/mockey@v1.2.14/convey.go:48 +0x304
  github.com/juicedata/juicefs/pkg/chunk.TestUnknownInodeStatsShouldNotMarkCacheAsRawFull()
      /home/kwatanabe/tmp_local/juicefs_inspection/juicefs/pkg/chunk/disk_cache_test.go:506 +0x10e
  testing.tRunner()
      /home/kwatanabe/.goenv/versions/1.25.11/src/testing/testing.go:1934 +0x21c
  testing.(*T).Run.gowrap1()
      /home/kwatanabe/.goenv/versions/1.25.11/src/testing/testing.go:1997 +0x44

Goroutine 226 (running) created at:
  github.com/juicedata/juicefs/pkg/chunk.newCacheStore()
      /home/kwatanabe/tmp_local/juicefs_inspection/juicefs/pkg/chunk/disk_cache.go:162 +0x108a
  github.com/juicedata/juicefs/pkg/chunk.newCacheManager()
      /home/kwatanabe/tmp_local/juicefs_inspection/juicefs/pkg/chunk/disk_cache.go:1182 +0xa15
  github.com/juicedata/juicefs/pkg/chunk.NewCachedStore()
      /home/kwatanabe/tmp_local/juicefs_inspection/juicefs/pkg/chunk/cached_store.go:887 +0xcb4
  github.com/juicedata/juicefs/pkg/chunk.TestStoreSmallBuffer()
      /home/kwatanabe/tmp_local/juicefs_inspection/juicefs/pkg/chunk/cached_store_test.go:178 +0xeb
  testing.tRunner()
      /home/kwatanabe/.goenv/versions/1.25.11/src/testing/testing.go:1934 +0x21c
  testing.(*T).Run.gowrap1()
      /home/kwatanabe/.goenv/versions/1.25.11/src/testing/testing.go:1997 +0x44

Goroutine 713 (running) created at:
  testing.(*T).Run()
      /home/kwatanabe/.goenv/versions/1.25.11/src/testing/testing.go:1997 +0x9d2
  testing.runTests.func1()
      /home/kwatanabe/.goenv/versions/1.25.11/src/testing/testing.go:2477 +0x84
  testing.tRunner()
      /home/kwatanabe/.goenv/versions/1.25.11/src/testing/testing.go:1934 +0x21c
  testing.runTests()
      /home/kwatanabe/.goenv/versions/1.25.11/src/testing/testing.go:2475 +0x96c
  testing.(*M).Run()
      /home/kwatanabe/.goenv/versions/1.25.11/src/testing/testing.go:2337 +0xed4
  main.main()
      _testmain.go:149 +0x164
==================
[31m[0m[33m[0m[32m
1 total assertion[0m

--- FAIL: TestUnknownInodeStatsShouldNotMarkCacheAsRawFull (1.50s)
    testing.go:1617: race detected during execution of test
2026/10/02 18:43:13.339552 juicefs[629908] <WARNING>: unknown cache eviction policy: "", fallback to 2-random [newCacheStore@disk_cache.go:119]
2026/10/02 18:43:13.339923 juicefs[629908] <INFO>: Disk cache (/home/kwatanabe/.jfs-chunk-test-bs7J3D/Test2RandomEviction3841942512/001/diskCache): used ratio - [space 19.5%, inode 4.4%] [newCacheStore@disk_cache.go:154]
[31m[0m[33m[0m[32m
1 total assertion[0m

2026/10/02 18:43:13.342033 juicefs[629908] <INFO>: Disk cache (/home/kwatanabe/.jfs-chunk-test-bs7J3D/TestLruEviction4261294319/001/diskCache): used ratio - [space 19.5%, inode 4.4%] [newCacheStore@disk_cache.go:154]
[31m[0m[33m[0m[32m
1 total assertion[0m

2026/10/02 18:43:13.343473 juicefs[629908] <INFO>: Disk cache (/home/kwatanabe/.jfs-chunk-test-bs7J3D/TestLruEviction4261294319/002/diskCache): used ratio - [space 19.5%, inode 4.4%] [newCacheStore@disk_cache.go:154]
==================
WARNING: DATA RACE
Read at 0x00c0013bbbc9 by goroutine 744:
  github.com/juicedata/juicefs/pkg/chunk.(*cacheStore).stage()
      /home/kwatanabe/tmp_local/juicefs_inspection/juicefs/pkg/chunk/disk_cache.go:793 +0x1c4
  github.com/juicedata/juicefs/pkg/chunk.TestLruEviction.func2()
      /home/kwatanabe/tmp_local/juicefs_inspection/juicefs/pkg/chunk/disk_cache_test.go:629 +0x3dc
  github.com/smartystreets/goconvey/convey.discover.parseAction.func1()
      /home/kwatanabe/go/1.25.11/pkg/mod/github.com/smartystreets/goconvey@v1.7.2/convey/discovery.go:89 +0x2e
  github.com/smartystreets/goconvey/convey.(*context).conveyInner()
      /home/kwatanabe/go/1.25.11/pkg/mod/github.com/smartystreets/goconvey@v1.7.2/convey/context.go:279 +0x2ac
  github.com/smartystreets/goconvey/convey.rootConvey.func1()
      /home/kwatanabe/go/1.25.11/pkg/mod/github.com/smartystreets/goconvey@v1.7.2/convey/context.go:112 +0x1a4
  github.com/jtolds/gls.(*ContextManager).SetValues.func1()
      /home/kwatanabe/go/1.25.11/pkg/mod/github.com/jtolds/gls@v4.20.0+incompatible/context.go:97 +0x666
  github.com/jtolds/gls.EnsureGoroutineId.func1()
      /home/kwatanabe/go/1.25.11/pkg/mod/github.com/jtolds/gls@v4.20.0+incompatible/gid.go:24 +0x38
  github.com/jtolds/gls._m()
      /home/kwatanabe/go/1.25.11/pkg/mod/github.com/jtolds/gls@v4.20.0+incompatible/stack_tags.go:108 +0x38
  github.com/jtolds/gls.github_com_jtolds_gls_markS()
      /home/kwatanabe/go/1.25.11/pkg/mod/github.com/jtolds/gls@v4.20.0+incompatible/stack_tags.go:56 +0x33
  github.com/jtolds/gls.addStackTag()
      /home/kwatanabe/go/1.25.11/pkg/mod/github.com/jtolds/gls@v4.20.0+incompatible/stack_tags.go:49 +0x15c
  github.com/jtolds/gls.EnsureGoroutineId()
      /home/kwatanabe/go/1.25.11/pkg/mod/github.com/jtolds/gls@v4.20.0+incompatible/gid.go:24 +0xcd
  github.com/jtolds/gls.(*ContextManager).SetValues()
      /home/kwatanabe/go/1.25.11/pkg/mod/github.com/jtolds/gls@v4.20.0+incompatible/context.go:63 +0x27c
  github.com/smartystreets/goconvey/convey.rootConvey()
      /home/kwatanabe/go/1.25.11/pkg/mod/github.com/smartystreets/goconvey@v1.7.2/convey/context.go:107 +0x54f
  github.com/smartystreets/goconvey/convey.Convey()
      /home/kwatanabe/go/1.25.11/pkg/mod/github.com/smartystreets/goconvey@v1.7.2/convey/doc.go:76 +0x9a
  github.com/juicedata/juicefs/pkg/chunk.TestLruEviction()
      /home/kwatanabe/tmp_local/juicefs_inspection/juicefs/pkg/chunk/disk_cache_test.go:607 +0x1fa
  testing.tRunner()
      /home/kwatanabe/.goenv/versions/1.25.11/src/testing/testing.go:1934 +0x21c
  testing.(*T).Run.gowrap1()
      /home/kwatanabe/.goenv/versions/1.25.11/src/testing/testing.go:1997 +0x44

Previous write at 0x00c0013bbbc9 by goroutine 754:
  github.com/juicedata/juicefs/pkg/chunk.(*cacheStore).checkFreeSpace()
      /home/kwatanabe/tmp_local/juicefs_inspection/juicefs/pkg/chunk/disk_cache.go:356 +0x133
  github.com/juicedata/juicefs/pkg/chunk.newCacheStore.gowrap3()
      /home/kwatanabe/tmp_local/juicefs_inspection/juicefs/pkg/chunk/disk_cache.go:162 +0x33

Goroutine 744 (running) created at:
  testing.(*T).Run()
      /home/kwatanabe/.goenv/versions/1.25.11/src/testing/testing.go:1997 +0x9d2
  testing.runTests.func1()
      /home/kwatanabe/.goenv/versions/1.25.11/src/testing/testing.go:2477 +0x84
  testing.tRunner()
      /home/kwatanabe/.goenv/versions/1.25.11/src/testing/testing.go:1934 +0x21c
  testing.runTests()
      /home/kwatanabe/.goenv/versions/1.25.11/src/testing/testing.go:2475 +0x96c
  testing.(*M).Run()
      /home/kwatanabe/.goenv/versions/1.25.11/src/testing/testing.go:2337 +0xed4
  main.main()
      _testmain.go:149 +0x164

Goroutine 754 (running) created at:
  github.com/juicedata/juicefs/pkg/chunk.newCacheStore()
      /home/kwatanabe/tmp_local/juicefs_inspection/juicefs/pkg/chunk/disk_cache.go:162 +0x108a
  github.com/juicedata/juicefs/pkg/chunk.TestLruEviction.func2()
      /home/kwatanabe/tmp_local/juicefs_inspection/juicefs/pkg/chunk/disk_cache_test.go:621 +0x218
  github.com/smartystreets/goconvey/convey.discover.parseAction.func1()
      /home/kwatanabe/go/1.25.11/pkg/mod/github.com/smartystreets/goconvey@v1.7.2/convey/discovery.go:89 +0x2e
  github.com/smartystreets/goconvey/convey.(*context).conveyInner()
      /home/kwatanabe/go/1.25.11/pkg/mod/github.com/smartystreets/goconvey@v1.7.2/convey/context.go:279 +0x2ac
  github.com/smartystreets/goconvey/convey.rootConvey.func1()
      /home/kwatanabe/go/1.25.11/pkg/mod/github.com/smartystreets/goconvey@v1.7.2/convey/context.go:112 +0x1a4
  github.com/jtolds/gls.(*ContextManager).SetValues.func1()
      /home/kwatanabe/go/1.25.11/pkg/mod/github.com/jtolds/gls@v4.20.0+incompatible/context.go:97 +0x666
  github.com/jtolds/gls.EnsureGoroutineId.func1()
      /home/kwatanabe/go/1.25.11/pkg/mod/github.com/jtolds/gls@v4.20.0+incompatible/gid.go:24 +0x38
  github.com/jtolds/gls._m()
      /home/kwatanabe/go/1.25.11/pkg/mod/github.com/jtolds/gls@v4.20.0+incompatible/stack_tags.go:108 +0x38
  github.com/jtolds/gls.github_com_jtolds_gls_markS()
      /home/kwatanabe/go/1.25.11/pkg/mod/github.com/jtolds/gls@v4.20.0+incompatible/stack_tags.go:56 +0x33
  github.com/jtolds/gls.addStackTag()
      /home/kwatanabe/go/1.25.11/pkg/mod/github.com/jtolds/gls@v4.20.0+incompatible/stack_tags.go:49 +0x15c
  github.com/jtolds/gls.EnsureGoroutineId()
      /home/kwatanabe/go/1.25.11/pkg/mod/github.com/jtolds/gls@v4.20.0+incompatible/gid.go:24 +0xcd
  github.com/jtolds/gls.(*ContextManager).SetValues()
      /home/kwatanabe/go/1.25.11/pkg/mod/github.com/jtolds/gls@v4.20.0+incompatible/context.go:63 +0x27c
  github.com/smartystreets/goconvey/convey.rootConvey()
      /home/kwatanabe/go/1.25.11/pkg/mod/github.com/smartystreets/goconvey@v1.7.2/convey/context.go:107 +0x54f
  github.com/smartystreets/goconvey/convey.Convey()
      /home/kwatanabe/go/1.25.11/pkg/mod/github.com/smartystreets/goconvey@v1.7.2/convey/doc.go:76 +0x9a
  github.com/juicedata/juicefs/pkg/chunk.TestLruEviction()
      /home/kwatanabe/tmp_local/juicefs_inspection/juicefs/pkg/chunk/disk_cache_test.go:607 +0x1fa
  testing.tRunner()
      /home/kwatanabe/.goenv/versions/1.25.11/src/testing/testing.go:1934 +0x21c
  testing.(*T).Run.gowrap1()
      /home/kwatanabe/.goenv/versions/1.25.11/src/testing/testing.go:1997 +0x44
==================
[31m[0m[33m[0m[32m
1 total assertion[0m

--- FAIL: TestLruEviction (0.00s)
    testing.go:1617: race detected during execution of test
2026/10/02 18:43:13.346714 juicefs[629908] <INFO>: Disk cache (/home/kwatanabe/.jfs-chunk-test-bs7J3D/TestCooldownAtimeOnWriteFixedOnLoad3841134159/001): used ratio - [space 19.5%, inode 4.4%] [newCacheStore@disk_cache.go:154]
==================
WARNING: DATA RACE
Read at 0x00c0013e0ea9 by goroutine 758:
  github.com/juicedata/juicefs/pkg/chunk.(*cacheStore).stage()
      /home/kwatanabe/tmp_local/juicefs_inspection/juicefs/pkg/chunk/disk_cache.go:793 +0x1c4
  github.com/juicedata/juicefs/pkg/chunk.TestCooldownAtimeOnWriteFixedOnLoad.func1()
      /home/kwatanabe/tmp_local/juicefs_inspection/juicefs/pkg/chunk/disk_cache_test.go:669 +0x20e
  runtime.call16()
      /home/kwatanabe/.goenv/versions/1.25.11/src/runtime/asm_amd64.s:774 +0x42
  reflect.Value.Call()
      /home/kwatanabe/.goenv/versions/1.25.11/src/reflect/value.go:365 +0xb5
  github.com/bytedance/mockey/internal/tool.ReflectCall()
      /home/kwatanabe/go/1.25.11/pkg/mod/github.com/bytedance/mockey@v1.2.14/internal/tool/call.go:36 +0x199
  github.com/bytedance/mockey.PatchConvey.func1()
      /home/kwatanabe/go/1.25.11/pkg/mod/github.com/bytedance/mockey@v1.2.14/convey.go:43 +0x1d5
  reflect.callReflect()
      /home/kwatanabe/.goenv/versions/1.25.11/src/reflect/value.go:767 +0x9a2
  reflect.callReflect()
      <autogenerated>:1 +0x56
  reflect.makeFuncStub()
      /home/kwatanabe/.goenv/versions/1.25.11/src/reflect/asm_amd64.s:47 +0x6d
  github.com/smartystreets/goconvey/convey.(*context).conveyInner()
      /home/kwatanabe/go/1.25.11/pkg/mod/github.com/smartystreets/goconvey@v1.7.2/convey/context.go:279 +0x2ac
  github.com/smartystreets/goconvey/convey.rootConvey.func1()
      /home/kwatanabe/go/1.25.11/pkg/mod/github.com/smartystreets/goconvey@v1.7.2/convey/context.go:112 +0x1a4
  github.com/jtolds/gls.(*ContextManager).SetValues.func1()
      /home/kwatanabe/go/1.25.11/pkg/mod/github.com/jtolds/gls@v4.20.0+incompatible/context.go:97 +0x666
  github.com/jtolds/gls.EnsureGoroutineId.func1()
      /home/kwatanabe/go/1.25.11/pkg/mod/github.com/jtolds/gls@v4.20.0+incompatible/gid.go:24 +0x38
  github.com/jtolds/gls._m()
      /home/kwatanabe/go/1.25.11/pkg/mod/github.com/jtolds/gls@v4.20.0+incompatible/stack_tags.go:108 +0x38
  github.com/jtolds/gls.github_com_jtolds_gls_markS()
      /home/kwatanabe/go/1.25.11/pkg/mod/github.com/jtolds/gls@v4.20.0+incompatible/stack_tags.go:56 +0x33
  github.com/jtolds/gls.addStackTag()
      /home/kwatanabe/go/1.25.11/pkg/mod/github.com/jtolds/gls@v4.20.0+incompatible/stack_tags.go:49 +0x15c
  github.com/jtolds/gls.EnsureGoroutineId()
      /home/kwatanabe/go/1.25.11/pkg/mod/github.com/jtolds/gls@v4.20.0+incompatible/gid.go:24 +0xcd
  github.com/jtolds/gls.(*ContextManager).SetValues()
      /home/kwatanabe/go/1.25.11/pkg/mod/github.com/jtolds/gls@v4.20.0+incompatible/context.go:63 +0x27c
  github.com/smartystreets/goconvey/convey.rootConvey()
      /home/kwatanabe/go/1.25.11/pkg/mod/github.com/smartystreets/goconvey@v1.7.2/convey/context.go:107 +0x54f
  github.com/smartystreets/goconvey/convey.Convey()
      /home/kwatanabe/go/1.25.11/pkg/mod/github.com/smartystreets/goconvey@v1.7.2/convey/doc.go:76 +0x9a
  github.com/bytedance/mockey.PatchConvey()
      /home/kwatanabe/go/1.25.11/pkg/mod/github.com/bytedance/mockey@v1.2.14/convey.go:48 +0x304
  github.com/juicedata/juicefs/pkg/chunk.TestCooldownAtimeOnWriteFixedOnLoad()
      /home/kwatanabe/tmp_local/juicefs_inspection/juicefs/pkg/chunk/disk_cache_test.go:666 +0x375
  testing.tRunner()
      /home/kwatanabe/.goenv/versions/1.25.11/src/testing/testing.go:1934 +0x21c
  testing.(*T).Run.gowrap1()
      /home/kwatanabe/.goenv/versions/1.25.11/src/testing/testing.go:1997 +0x44

Previous write at 0x00c0013e0ea9 by goroutine 762:
  github.com/juicedata/juicefs/pkg/chunk.(*cacheStore).checkFreeSpace()
      /home/kwatanabe/tmp_local/juicefs_inspection/juicefs/pkg/chunk/disk_cache.go:356 +0x133
  github.com/juicedata/juicefs/pkg/chunk.newCacheStore.gowrap3()
      /home/kwatanabe/tmp_local/juicefs_inspection/juicefs/pkg/chunk/disk_cache.go:162 +0x33

Goroutine 758 (running) created at:
  testing.(*T).Run()
      /home/kwatanabe/.goenv/versions/1.25.11/src/testing/testing.go:1997 +0x9d2
  testing.runTests.func1()
      /home/kwatanabe/.goenv/versions/1.25.11/src/testing/testing.go:2477 +0x84
  testing.tRunner()
      /home/kwatanabe/.goenv/versions/1.25.11/src/testing/testing.go:1934 +0x21c
  testing.runTests()
      /home/kwatanabe/.goenv/versions/1.25.11/src/testing/testing.go:2475 +0x96c
  testing.(*M).Run()
      /home/kwatanabe/.goenv/versions/1.25.11/src/testing/testing.go:2337 +0xed4
  main.main()
      _testmain.go:149 +0x164

Goroutine 762 (running) created at:
  github.com/juicedata/juicefs/pkg/chunk.newCacheStore()
      /home/kwatanabe/tmp_local/juicefs_inspection/juicefs/pkg/chunk/disk_cache.go:162 +0x108a
  github.com/juicedata/juicefs/pkg/chunk.TestCooldownAtimeOnWriteFixedOnLoad()
      /home/kwatanabe/tmp_local/juicefs_inspection/juicefs/pkg/chunk/disk_cache_test.go:662 +0x193
  testing.tRunner()
      /home/kwatanabe/.goenv/versions/1.25.11/src/testing/testing.go:1934 +0x21c
  testing.(*T).Run.gowrap1()
      /home/kwatanabe/.goenv/versions/1.25.11/src/testing/testing.go:1997 +0x44
==================
[31m[0m[33m[0m[32m
1 total assertion[0m

--- FAIL: TestCooldownAtimeOnWriteFixedOnLoad (0.00s)
    testing.go:1617: race detected during execution of test
[31m[0m[33m[0m[32m
1 total assertion[0m

[31m[0m[33m[0m[32m
1 total assertion[0m

[31m[0m[33m[0m[32m
1 total assertion[0m

2026/10/02 18:43:13.418364 juicefs[629908] <INFO>: Key chunks/0/0/7_0_8 is not needed, abandoned, err: injected DELETE failure [finishStagingUpload@cached_store.go:1185]
2026/10/02 18:43:13.423295 juicefs[629908] <INFO>: Key chunks/0/0/7_0_8 is not needed, abandoned, err: injected DELETE failure [finishStagingUpload@cached_store.go:1185]
2026/10/02 18:43:13.451171 juicefs[629908] <WARNING>: write chunks/0/0/23_0_10 to disk: timeout after 20ms: function timeout, upload it directly [upload@cached_store.go:456]
2026/10/02 18:43:13.455212 juicefs[629908] <INFO>: Key chunks/0/0/31_0_7 is not needed, abandoned, err: <nil> [finishStagingUpload@cached_store.go:1185]
2026/10/02 18:43:13.701074 juicefs[629908] <WARNING>: statfs /home/kwatanabe/.jfs-chunk-test-bs7J3D/TestDiskCacheState184535594/010/: no such file or directory [getDiskUsage@utils_unix.go:39]
2026/10/02 18:43:13.701144 juicefs[629908] <WARNING>: statfs /home/kwatanabe/.jfs-chunk-test-bs7J3D/TestDiskCacheState184535594/005/: no such file or directory [getDiskUsage@utils_unix.go:39]
2026/10/02 18:43:13.701169 juicefs[629908] <WARNING>: statfs /home/kwatanabe/.jfs-chunk-test-bs7J3D/TestDiskCacheState184535594/006/: no such file or directory [getDiskUsage@utils_unix.go:39]
2026/10/02 18:43:13.701146 juicefs[629908] <WARNING>: statfs /home/kwatanabe/.jfs-chunk-test-bs7J3D/TestDiskCacheState184535594/004/: no such file or directory [getDiskUsage@utils_unix.go:39]
2026/10/02 18:43:13.701115 juicefs[629908] <WARNING>: statfs /home/kwatanabe/.jfs-chunk-test-bs7J3D/TestDiskCacheState184535594/009/: no such file or directory [getDiskUsage@utils_unix.go:39]
2026/10/02 18:43:13.701119 juicefs[629908] <WARNING>: statfs /home/kwatanabe/.jfs-chunk-test-bs7J3D/TestDiskCacheState184535594/008/: no such file or directory [getDiskUsage@utils_unix.go:39]
2026/10/02 18:43:13.701141 juicefs[629908] <WARNING>: statfs /home/kwatanabe/.jfs-chunk-test-bs7J3D/TestDiskCacheState184535594/002/: no such file or directory [getDiskUsage@utils_unix.go:39]
2026/10/02 18:43:13.701077 juicefs[629908] <WARNING>: statfs /home/kwatanabe/.jfs-chunk-test-bs7J3D/TestDiskCacheState184535594/003/: no such file or directory [getDiskUsage@utils_unix.go:39]
2026/10/02 18:43:13.701080 juicefs[629908] <WARNING>: statfs /home/kwatanabe/.jfs-chunk-test-bs7J3D/TestDiskCacheState184535594/011/: no such file or directory [getDiskUsage@utils_unix.go:39]
2026/10/02 18:43:13.705608 juicefs[629908] <WARNING>: statfs /home/kwatanabe/.jfs-chunk-test-bs7J3D/diskCache-629908/1790934171690050105: no such file or directory [getDiskUsage@utils_unix.go:39]
2026/10/02 18:43:13.706791 juicefs[629908] <WARNING>: statfs /home/kwatanabe/.jfs-chunk-test-bs7J3D/diskCache-629908/1790934171690825700/: no such file or directory [getDiskUsage@utils_unix.go:39]
2026/10/02 18:43:13.812778 juicefs[629908] <WARNING>: statfs /home/kwatanabe/.jfs-chunk-test-bs7J3D/diskCache-629908/1790934171795109371: no such file or directory [getDiskUsage@utils_unix.go:39]
2026/10/02 18:43:13.837831 juicefs[629908] <WARNING>: statfs /home/kwatanabe/.jfs-chunk-test-bs7J3D/diskCache-629908/1790934191835249046: no such file or directory [getDiskUsage@utils_unix.go:39]
2026/10/02 18:43:13.837849 juicefs[629908] <WARNING>: statfs /home/kwatanabe/.jfs-chunk-test-bs7J3D/diskCache-629908/1790934191835991034: no such file or directory [getDiskUsage@utils_unix.go:39]
2026/10/02 18:43:13.838868 juicefs[629908] <WARNING>: statfs /home/kwatanabe/.jfs-chunk-test-bs7J3D/TestUnknownInodeStatsShouldNotMarkCacheAsRawFull18056813/001: no such file or directory [getDiskUsage@utils_unix.go:39]
2026/10/02 18:43:14.340957 juicefs[629908] <WARNING>: statfs /home/kwatanabe/.jfs-chunk-test-bs7J3D/Test2RandomEviction3841942512/001/diskCache: no such file or directory [getDiskUsage@utils_unix.go:39]
2026/10/02 18:43:14.343219 juicefs[629908] <WARNING>: statfs /home/kwatanabe/.jfs-chunk-test-bs7J3D/TestLruEviction4261294319/001/diskCache: no such file or directory [getDiskUsage@utils_unix.go:39]
2026/10/02 18:43:14.344441 juicefs[629908] <WARNING>: statfs /home/kwatanabe/.jfs-chunk-test-bs7J3D/TestLruEviction4261294319/002/diskCache: no such file or directory [getDiskUsage@utils_unix.go:39]
2026/10/02 18:43:14.347754 juicefs[629908] <WARNING>: statfs /home/kwatanabe/.jfs-chunk-test-bs7J3D/TestCooldownAtimeOnWriteFixedOnLoad3841134159/001: no such file or directory [getDiskUsage@utils_unix.go:39]
2026/10/02 18:43:14.702074 juicefs[629908] <WARNING>: statfs /home/kwatanabe/.jfs-chunk-test-bs7J3D/TestDiskCacheState184535594/003/: no such file or directory [getDiskUsage@utils_unix.go:39]
2026/10/02 18:43:14.702115 juicefs[629908] <WARNING>: statfs /home/kwatanabe/.jfs-chunk-test-bs7J3D/TestDiskCacheState184535594/010/: no such file or directory [getDiskUsage@utils_unix.go:39]
2026/10/02 18:43:14.702190 juicefs[629908] <WARNING>: statfs /home/kwatanabe/.jfs-chunk-test-bs7J3D/TestDiskCacheState184535594/011/: no such file or directory [getDiskUsage@utils_unix.go:39]
2026/10/02 18:43:14.702133 juicefs[629908] <WARNING>: statfs /home/kwatanabe/.jfs-chunk-test-bs7J3D/TestDiskCacheState184535594/006/: no such file or directory [getDiskUsage@utils_unix.go:39]
2026/10/02 18:43:14.702157 juicefs[629908] <WARNING>: statfs /home/kwatanabe/.jfs-chunk-test-bs7J3D/TestDiskCacheState184535594/008/: no such file or directory [getDiskUsage@utils_unix.go:39]
2026/10/02 18:43:14.702168 juicefs[629908] <WARNING>: statfs /home/kwatanabe/.jfs-chunk-test-bs7J3D/TestDiskCacheState184535594/005/: no such file or directory [getDiskUsage@utils_unix.go:39]
2026/10/02 18:43:14.702141 juicefs[629908] <WARNING>: statfs /home/kwatanabe/.jfs-chunk-test-bs7J3D/TestDiskCacheState184535594/002/: no such file or directory [getDiskUsage@utils_unix.go:39]
2026/10/02 18:43:14.702157 juicefs[629908] <WARNING>: statfs /home/kwatanabe/.jfs-chunk-test-bs7J3D/TestDiskCacheState184535594/009/: no such file or directory [getDiskUsage@utils_unix.go:39]
2026/10/02 18:43:14.702147 juicefs[629908] <WARNING>: statfs /home/kwatanabe/.jfs-chunk-test-bs7J3D/TestDiskCacheState184535594/004/: no such file or directory [getDiskUsage@utils_unix.go:39]
2026/10/02 18:43:14.706466 juicefs[629908] <WARNING>: statfs /home/kwatanabe/.jfs-chunk-test-bs7J3D/diskCache-629908/1790934171690050105: no such file or directory [getDiskUsage@utils_unix.go:39]
2026/10/02 18:43:14.707598 juicefs[629908] <WARNING>: statfs /home/kwatanabe/.jfs-chunk-test-bs7J3D/diskCache-629908/1790934171690825700/: no such file or directory [getDiskUsage@utils_unix.go:39]
2026/10/02 18:43:14.813137 juicefs[629908] <WARNING>: statfs /home/kwatanabe/.jfs-chunk-test-bs7J3D/diskCache-629908/1790934171795109371: no such file or directory [getDiskUsage@utils_unix.go:39]
2026/10/02 18:43:14.838066 juicefs[629908] <WARNING>: statfs /home/kwatanabe/.jfs-chunk-test-bs7J3D/diskCache-629908/1790934191835249046: no such file or directory [getDiskUsage@utils_unix.go:39]
2026/10/02 18:43:14.838095 juicefs[629908] <WARNING>: statfs /home/kwatanabe/.jfs-chunk-test-bs7J3D/diskCache-629908/1790934191835991034: no such file or directory [getDiskUsage@utils_unix.go:39]
2026/10/02 18:43:14.839273 juicefs[629908] <WARNING>: statfs /home/kwatanabe/.jfs-chunk-test-bs7J3D/TestUnknownInodeStatsShouldNotMarkCacheAsRawFull18056813/001: no such file or directory [getDiskUsage@utils_unix.go:39]
2026/10/02 18:43:15.341545 juicefs[629908] <WARNING>: statfs /home/kwatanabe/.jfs-chunk-test-bs7J3D/Test2RandomEviction3841942512/001/diskCache: no such file or directory [getDiskUsage@utils_unix.go:39]
2026/10/02 18:43:15.343835 juicefs[629908] <WARNING>: statfs /home/kwatanabe/.jfs-chunk-test-bs7J3D/TestLruEviction4261294319/001/diskCache: no such file or directory [getDiskUsage@utils_unix.go:39]
2026/10/02 18:43:15.344951 juicefs[629908] <WARNING>: statfs /home/kwatanabe/.jfs-chunk-test-bs7J3D/TestLruEviction4261294319/002/diskCache: no such file or directory [getDiskUsage@utils_unix.go:39]
2026/10/02 18:43:15.348238 juicefs[629908] <WARNING>: statfs /home/kwatanabe/.jfs-chunk-test-bs7J3D/TestCooldownAtimeOnWriteFixedOnLoad3841134159/001: no such file or directory [getDiskUsage@utils_unix.go:39]
2026/10/02 18:43:15.683244 juicefs[629908] <INFO>: lockfile /home/kwatanabe/.jfs-chunk-test-bs7J3D/TestDiskCacheState184535594/003/.lock is lost, cache device maybe broken [checkLockFile@disk_cache.go:232]
2026/10/02 18:43:15.683333 juicefs[629908] <WARNING>: stat `/home/kwatanabe/.jfs-chunk-test-bs7J3D/TestDiskCacheState184535594/003/`: stat /home/kwatanabe/.jfs-chunk-test-bs7J3D/TestDiskCacheState184535594/003/: no such file or directory [inRootVolume@utils_unix.go:54]
2026/10/02 18:43:15.683394 juicefs[629908] <INFO>: lockfile /home/kwatanabe/.jfs-chunk-test-bs7J3D/TestDiskCacheState184535594/008/.lock is lost, cache device maybe broken [checkLockFile@disk_cache.go:232]
2026/10/02 18:43:15.683442 juicefs[629908] <INFO>: lockfile /home/kwatanabe/.jfs-chunk-test-bs7J3D/TestDiskCacheState184535594/009/.lock is lost, cache device maybe broken [checkLockFile@disk_cache.go:232]
2026/10/02 18:43:15.683598 juicefs[629908] <WARNING>: stat `/home/kwatanabe/.jfs-chunk-test-bs7J3D/TestDiskCacheState184535594/009/`: stat /home/kwatanabe/.jfs-chunk-test-bs7J3D/TestDiskCacheState184535594/009/: no such file or directory [inRootVolume@utils_unix.go:54]
2026/10/02 18:43:15.683457 juicefs[629908] <WARNING>: stat `/home/kwatanabe/.jfs-chunk-test-bs7J3D/TestDiskCacheState184535594/008/`: stat /home/kwatanabe/.jfs-chunk-test-bs7J3D/TestDiskCacheState184535594/008/: no such file or directory [inRootVolume@utils_unix.go:54]
2026/10/02 18:43:15.683690 juicefs[629908] <INFO>: lockfile /home/kwatanabe/.jfs-chunk-test-bs7J3D/TestDiskCacheState184535594/011/.lock is lost, cache device maybe broken [checkLockFile@disk_cache.go:232]
2026/10/02 18:43:15.683815 juicefs[629908] <INFO>: lockfile /home/kwatanabe/.jfs-chunk-test-bs7J3D/TestDiskCacheState184535594/006/.lock is lost, cache device maybe broken [checkLockFile@disk_cache.go:232]
2026/10/02 18:43:15.683866 juicefs[629908] <WARNING>: stat `/home/kwatanabe/.jfs-chunk-test-bs7J3D/TestDiskCacheState184535594/006/`: stat /home/kwatanabe/.jfs-chunk-test-bs7J3D/TestDiskCacheState184535594/006/: no such file or directory [inRootVolume@utils_unix.go:54]
2026/10/02 18:43:15.683761 juicefs[629908] <INFO>: lockfile /home/kwatanabe/.jfs-chunk-test-bs7J3D/TestDiskCacheState184535594/002/.lock is lost, cache device maybe broken [checkLockFile@disk_cache.go:232]
2026/10/02 18:43:15.683843 juicefs[629908] <WARNING>: stat `/home/kwatanabe/.jfs-chunk-test-bs7J3D/TestDiskCacheState184535594/011/`: stat /home/kwatanabe/.jfs-chunk-test-bs7J3D/TestDiskCacheState184535594/011/: no such file or directory [inRootVolume@utils_unix.go:54]
2026/10/02 18:43:15.683910 juicefs[629908] <INFO>: lockfile /home/kwatanabe/.jfs-chunk-test-bs7J3D/TestDiskCacheState184535594/005/.lock is lost, cache device maybe broken [checkLockFile@disk_cache.go:232]
2026/10/02 18:43:15.684167 juicefs[629908] <WARNING>: stat `/home/kwatanabe/.jfs-chunk-test-bs7J3D/TestDiskCacheState184535594/005/`: stat /home/kwatanabe/.jfs-chunk-test-bs7J3D/TestDiskCacheState184535594/005/: no such file or directory [inRootVolume@utils_unix.go:54]
2026/10/02 18:43:15.683792 juicefs[629908] <INFO>: lockfile /home/kwatanabe/.jfs-chunk-test-bs7J3D/TestDiskCacheState184535594/004/.lock is lost, cache device maybe broken [checkLockFile@disk_cache.go:232]
2026/10/02 18:43:15.683716 juicefs[629908] <INFO>: lockfile /home/kwatanabe/.jfs-chunk-test-bs7J3D/TestDiskCacheState184535594/010/.lock is lost, cache device maybe broken [checkLockFile@disk_cache.go:232]
2026/10/02 18:43:15.684390 juicefs[629908] <WARNING>: stat `/home/kwatanabe/.jfs-chunk-test-bs7J3D/TestDiskCacheState184535594/010/`: stat /home/kwatanabe/.jfs-chunk-test-bs7J3D/TestDiskCacheState184535594/010/: no such file or directory [inRootVolume@utils_unix.go:54]
2026/10/02 18:43:15.684322 juicefs[629908] <WARNING>: stat `/home/kwatanabe/.jfs-chunk-test-bs7J3D/TestDiskCacheState184535594/004/`: stat /home/kwatanabe/.jfs-chunk-test-bs7J3D/TestDiskCacheState184535594/004/: no such file or directory [inRootVolume@utils_unix.go:54]
2026/10/02 18:43:15.684070 juicefs[629908] <WARNING>: stat `/home/kwatanabe/.jfs-chunk-test-bs7J3D/TestDiskCacheState184535594/002/`: stat /home/kwatanabe/.jfs-chunk-test-bs7J3D/TestDiskCacheState184535594/002/: no such file or directory [inRootVolume@utils_unix.go:54]
2026/10/02 18:43:15.702838 juicefs[629908] <WARNING>: statfs /home/kwatanabe/.jfs-chunk-test-bs7J3D/TestDiskCacheState184535594/004/: no such file or directory [getDiskUsage@utils_unix.go:39]
2026/10/02 18:43:15.702901 juicefs[629908] <WARNING>: statfs /home/kwatanabe/.jfs-chunk-test-bs7J3D/TestDiskCacheState184535594/003/: no such file or directory [getDiskUsage@utils_unix.go:39]
2026/10/02 18:43:15.702915 juicefs[629908] <WARNING>: statfs /home/kwatanabe/.jfs-chunk-test-bs7J3D/TestDiskCacheState184535594/010/: no such file or directory [getDiskUsage@utils_unix.go:39]
2026/10/02 18:43:15.702944 juicefs[629908] <WARNING>: statfs /home/kwatanabe/.jfs-chunk-test-bs7J3D/TestDiskCacheState184535594/005/: no such file or directory [getDiskUsage@utils_unix.go:39]
2026/10/02 18:43:15.702947 juicefs[629908] <WARNING>: statfs /home/kwatanabe/.jfs-chunk-test-bs7J3D/TestDiskCacheState184535594/008/: no such file or directory [getDiskUsage@utils_unix.go:39]
2026/10/02 18:43:15.702959 juicefs[629908] <WARNING>: statfs /home/kwatanabe/.jfs-chunk-test-bs7J3D/TestDiskCacheState184535594/011/: no such file or directory [getDiskUsage@utils_unix.go:39]
2026/10/02 18:43:15.702977 juicefs[629908] <WARNING>: statfs /home/kwatanabe/.jfs-chunk-test-bs7J3D/TestDiskCacheState184535594/009/: no such file or directory [getDiskUsage@utils_unix.go:39]
2026/10/02 18:43:15.702968 juicefs[629908] <WARNING>: statfs /home/kwatanabe/.jfs-chunk-test-bs7J3D/TestDiskCacheState184535594/006/: no such file or directory [getDiskUsage@utils_unix.go:39]
2026/10/02 18:43:15.702962 juicefs[629908] <WARNING>: statfs /home/kwatanabe/.jfs-chunk-test-bs7J3D/TestDiskCacheState184535594/002/: no such file or directory [getDiskUsage@utils_unix.go:39]
2026/10/02 18:43:15.707539 juicefs[629908] <WARNING>: statfs /home/kwatanabe/.jfs-chunk-test-bs7J3D/diskCache-629908/1790934171690050105: no such file or directory [getDiskUsage@utils_unix.go:39]
2026/10/02 18:43:15.708855 juicefs[629908] <WARNING>: statfs /home/kwatanabe/.jfs-chunk-test-bs7J3D/diskCache-629908/1790934171690825700/: no such file or directory [getDiskUsage@utils_unix.go:39]
2026/10/02 18:43:15.813921 juicefs[629908] <WARNING>: statfs /home/kwatanabe/.jfs-chunk-test-bs7J3D/diskCache-629908/1790934171795109371: no such file or directory [getDiskUsage@utils_unix.go:39]
2026/10/02 18:43:15.839302 juicefs[629908] <WARNING>: statfs /home/kwatanabe/.jfs-chunk-test-bs7J3D/diskCache-629908/1790934191835991034: no such file or directory [getDiskUsage@utils_unix.go:39]
2026/10/02 18:43:15.839302 juicefs[629908] <WARNING>: statfs /home/kwatanabe/.jfs-chunk-test-bs7J3D/diskCache-629908/1790934191835249046: no such file or directory [getDiskUsage@utils_unix.go:39]
2026/10/02 18:43:15.839396 juicefs[629908] <WARNING>: statfs /home/kwatanabe/.jfs-chunk-test-bs7J3D/TestUnknownInodeStatsShouldNotMarkCacheAsRawFull18056813/001: no such file or directory [getDiskUsage@utils_unix.go:39]
2026/10/02 18:43:16.342005 juicefs[629908] <WARNING>: statfs /home/kwatanabe/.jfs-chunk-test-bs7J3D/Test2RandomEviction3841942512/001/diskCache: no such file or directory [getDiskUsage@utils_unix.go:39]
2026/10/02 18:43:16.344273 juicefs[629908] <WARNING>: statfs /home/kwatanabe/.jfs-chunk-test-bs7J3D/TestLruEviction4261294319/001/diskCache: no such file or directory [getDiskUsage@utils_unix.go:39]
2026/10/02 18:43:16.345473 juicefs[629908] <WARNING>: statfs /home/kwatanabe/.jfs-chunk-test-bs7J3D/TestLruEviction4261294319/002/diskCache: no such file or directory [getDiskUsage@utils_unix.go:39]
2026/10/02 18:43:16.348774 juicefs[629908] <WARNING>: statfs /home/kwatanabe/.jfs-chunk-test-bs7J3D/TestCooldownAtimeOnWriteFixedOnLoad3841134159/001: no such file or directory [getDiskUsage@utils_unix.go:39]
2026/10/02 18:43:16.703402 juicefs[629908] <WARNING>: statfs /home/kwatanabe/.jfs-chunk-test-bs7J3D/TestDiskCacheState184535594/002/: no such file or directory [getDiskUsage@utils_unix.go:39]
2026/10/02 18:43:16.703506 juicefs[629908] <WARNING>: statfs /home/kwatanabe/.jfs-chunk-test-bs7J3D/TestDiskCacheState184535594/004/: no such file or directory [getDiskUsage@utils_unix.go:39]
2026/10/02 18:43:16.703536 juicefs[629908] <WARNING>: statfs /home/kwatanabe/.jfs-chunk-test-bs7J3D/TestDiskCacheState184535594/005/: no such file or directory [getDiskUsage@utils_unix.go:39]
2026/10/02 18:43:16.703557 juicefs[629908] <WARNING>: statfs /home/kwatanabe/.jfs-chunk-test-bs7J3D/TestDiskCacheState184535594/003/: no such file or directory [getDiskUsage@utils_unix.go:39]
2026/10/02 18:43:16.703587 juicefs[629908] <WARNING>: statfs /home/kwatanabe/.jfs-chunk-test-bs7J3D/TestDiskCacheState184535594/006/: no such file or directory [getDiskUsage@utils_unix.go:39]
2026/10/02 18:43:16.703593 juicefs[629908] <WARNING>: statfs /home/kwatanabe/.jfs-chunk-test-bs7J3D/TestDiskCacheState184535594/008/: no such file or directory [getDiskUsage@utils_unix.go:39]
2026/10/02 18:43:16.703647 juicefs[629908] <WARNING>: statfs /home/kwatanabe/.jfs-chunk-test-bs7J3D/TestDiskCacheState184535594/010/: no such file or directory [getDiskUsage@utils_unix.go:39]
2026/10/02 18:43:16.703552 juicefs[629908] <WARNING>: statfs /home/kwatanabe/.jfs-chunk-test-bs7J3D/TestDiskCacheState184535594/009/: no such file or directory [getDiskUsage@utils_unix.go:39]
2026/10/02 18:43:16.703600 juicefs[629908] <WARNING>: statfs /home/kwatanabe/.jfs-chunk-test-bs7J3D/TestDiskCacheState184535594/011/: no such file or directory [getDiskUsage@utils_unix.go:39]
2026/10/02 18:43:16.708068 juicefs[629908] <WARNING>: statfs /home/kwatanabe/.jfs-chunk-test-bs7J3D/diskCache-629908/1790934171690050105: no such file or directory [getDiskUsage@utils_unix.go:39]
2026/10/02 18:43:16.709310 juicefs[629908] <WARNING>: statfs /home/kwatanabe/.jfs-chunk-test-bs7J3D/diskCache-629908/1790934171690825700/: no such file or directory [getDiskUsage@utils_unix.go:39]
2026/10/02 18:43:16.814238 juicefs[629908] <WARNING>: statfs /home/kwatanabe/.jfs-chunk-test-bs7J3D/diskCache-629908/1790934171795109371: no such file or directory [getDiskUsage@utils_unix.go:39]
2026/10/02 18:43:16.840514 juicefs[629908] <WARNING>: statfs /home/kwatanabe/.jfs-chunk-test-bs7J3D/diskCache-629908/1790934191835991034: no such file or directory [getDiskUsage@utils_unix.go:39]
2026/10/02 18:43:16.840575 juicefs[629908] <WARNING>: statfs /home/kwatanabe/.jfs-chunk-test-bs7J3D/diskCache-629908/1790934191835249046: no such file or directory [getDiskUsage@utils_unix.go:39]
2026/10/02 18:43:16.840656 juicefs[629908] <WARNING>: statfs /home/kwatanabe/.jfs-chunk-test-bs7J3D/TestUnknownInodeStatsShouldNotMarkCacheAsRawFull18056813/001: no such file or directory [getDiskUsage@utils_unix.go:39]
2026/10/02 18:43:17.342427 juicefs[629908] <WARNING>: statfs /home/kwatanabe/.jfs-chunk-test-bs7J3D/Test2RandomEviction3841942512/001/diskCache: no such file or directory [getDiskUsage@utils_unix.go:39]
2026/10/02 18:43:17.344841 juicefs[629908] <WARNING>: statfs /home/kwatanabe/.jfs-chunk-test-bs7J3D/TestLruEviction4261294319/001/diskCache: no such file or directory [getDiskUsage@utils_unix.go:39]
2026/10/02 18:43:17.346161 juicefs[629908] <WARNING>: statfs /home/kwatanabe/.jfs-chunk-test-bs7J3D/TestLruEviction4261294319/002/diskCache: no such file or directory [getDiskUsage@utils_unix.go:39]
2026/10/02 18:43:17.349466 juicefs[629908] <WARNING>: statfs /home/kwatanabe/.jfs-chunk-test-bs7J3D/TestCooldownAtimeOnWriteFixedOnLoad3841134159/001: no such file or directory [getDiskUsage@utils_unix.go:39]
2026/10/02 18:43:17.704406 juicefs[629908] <WARNING>: statfs /home/kwatanabe/.jfs-chunk-test-bs7J3D/TestDiskCacheState184535594/011/: no such file or directory [getDiskUsage@utils_unix.go:39]
2026/10/02 18:43:17.704461 juicefs[629908] <WARNING>: statfs /home/kwatanabe/.jfs-chunk-test-bs7J3D/TestDiskCacheState184535594/009/: no such file or directory [getDiskUsage@utils_unix.go:39]
2026/10/02 18:43:17.704538 juicefs[629908] <WARNING>: statfs /home/kwatanabe/.jfs-chunk-test-bs7J3D/TestDiskCacheState184535594/006/: no such file or directory [getDiskUsage@utils_unix.go:39]
2026/10/02 18:43:17.704668 juicefs[629908] <WARNING>: statfs /home/kwatanabe/.jfs-chunk-test-bs7J3D/TestDiskCacheState184535594/003/: no such file or directory [getDiskUsage@utils_unix.go:39]
2026/10/02 18:43:17.704787 juicefs[629908] <WARNING>: statfs /home/kwatanabe/.jfs-chunk-test-bs7J3D/TestDiskCacheState184535594/004/: no such file or directory [getDiskUsage@utils_unix.go:39]
2026/10/02 18:43:17.704724 juicefs[629908] <WARNING>: statfs /home/kwatanabe/.jfs-chunk-test-bs7J3D/TestDiskCacheState184535594/002/: no such file or directory [getDiskUsage@utils_unix.go:39]
2026/10/02 18:43:17.704651 juicefs[629908] <WARNING>: statfs /home/kwatanabe/.jfs-chunk-test-bs7J3D/TestDiskCacheState184535594/010/: no such file or directory [getDiskUsage@utils_unix.go:39]
2026/10/02 18:43:17.704791 juicefs[629908] <WARNING>: statfs /home/kwatanabe/.jfs-chunk-test-bs7J3D/TestDiskCacheState184535594/005/: no such file or directory [getDiskUsage@utils_unix.go:39]
2026/10/02 18:43:17.704581 juicefs[629908] <WARNING>: statfs /home/kwatanabe/.jfs-chunk-test-bs7J3D/TestDiskCacheState184535594/008/: no such file or directory [getDiskUsage@utils_unix.go:39]
2026/10/02 18:43:17.708979 juicefs[629908] <WARNING>: statfs /home/kwatanabe/.jfs-chunk-test-bs7J3D/diskCache-629908/1790934171690050105: no such file or directory [getDiskUsage@utils_unix.go:39]
2026/10/02 18:43:17.710076 juicefs[629908] <WARNING>: statfs /home/kwatanabe/.jfs-chunk-test-bs7J3D/diskCache-629908/1790934171690825700/: no such file or directory [getDiskUsage@utils_unix.go:39]
2026/10/02 18:43:17.814929 juicefs[629908] <WARNING>: statfs /home/kwatanabe/.jfs-chunk-test-bs7J3D/diskCache-629908/1790934171795109371: no such file or directory [getDiskUsage@utils_unix.go:39]
2026/10/02 18:43:17.840903 juicefs[629908] <WARNING>: statfs /home/kwatanabe/.jfs-chunk-test-bs7J3D/TestUnknownInodeStatsShouldNotMarkCacheAsRawFull18056813/001: no such file or directory [getDiskUsage@utils_unix.go:39]
2026/10/02 18:43:17.840927 juicefs[629908] <WARNING>: statfs /home/kwatanabe/.jfs-chunk-test-bs7J3D/diskCache-629908/1790934191835991034: no such file or directory [getDiskUsage@utils_unix.go:39]
2026/10/02 18:43:17.840947 juicefs[629908] <WARNING>: statfs /home/kwatanabe/.jfs-chunk-test-bs7J3D/diskCache-629908/1790934191835249046: no such file or directory [getDiskUsage@utils_unix.go:39]
2026/10/02 18:43:18.342871 juicefs[629908] <WARNING>: statfs /home/kwatanabe/.jfs-chunk-test-bs7J3D/Test2RandomEviction3841942512/001/diskCache: no such file or directory [getDiskUsage@utils_unix.go:39]
2026/10/02 18:43:18.346181 juicefs[629908] <WARNING>: statfs /home/kwatanabe/.jfs-chunk-test-bs7J3D/TestLruEviction4261294319/001/diskCache: no such file or directory [getDiskUsage@utils_unix.go:39]
2026/10/02 18:43:18.346272 juicefs[629908] <WARNING>: statfs /home/kwatanabe/.jfs-chunk-test-bs7J3D/TestLruEviction4261294319/002/diskCache: no such file or directory [getDiskUsage@utils_unix.go:39]
2026/10/02 18:43:18.349617 juicefs[629908] <WARNING>: statfs /home/kwatanabe/.jfs-chunk-test-bs7J3D/TestCooldownAtimeOnWriteFixedOnLoad3841134159/001: no such file or directory [getDiskUsage@utils_unix.go:39]
2026/10/02 18:43:18.470714 juicefs[629908] <WARNING>: staging admission could not stat chunks/0/0/53_0_5: stat /home/kwatanabe/.jfs-chunk-test-bs7J3D/TestRetireStagingStatErrorRetainsIntent2639351232/002/regular/child: not a directory; pending intent retained [addDelayedStaging@cached_store.go:1214]
2026/10/02 18:43:18.704670 juicefs[629908] <WARNING>: statfs /home/kwatanabe/.jfs-chunk-test-bs7J3D/TestDiskCacheState184535594/011/: no such file or directory [getDiskUsage@utils_unix.go:39]
2026/10/02 18:43:18.704780 juicefs[629908] <WARNING>: statfs /home/kwatanabe/.jfs-chunk-test-bs7J3D/TestDiskCacheState184535594/009/: no such file or directory [getDiskUsage@utils_unix.go:39]
2026/10/02 18:43:18.704877 juicefs[629908] <WARNING>: statfs /home/kwatanabe/.jfs-chunk-test-bs7J3D/TestDiskCacheState184535594/006/: no such file or directory [getDiskUsage@utils_unix.go:39]
2026/10/02 18:43:18.704929 juicefs[629908] <WARNING>: statfs /home/kwatanabe/.jfs-chunk-test-bs7J3D/TestDiskCacheState184535594/003/: no such file or directory [getDiskUsage@utils_unix.go:39]
2026/10/02 18:43:18.705041 juicefs[629908] <WARNING>: statfs /home/kwatanabe/.jfs-chunk-test-bs7J3D/TestDiskCacheState184535594/004/: no such file or directory [getDiskUsage@utils_unix.go:39]
2026/10/02 18:43:18.705246 juicefs[629908] <WARNING>: statfs /home/kwatanabe/.jfs-chunk-test-bs7J3D/TestDiskCacheState184535594/002/: no such file or directory [getDiskUsage@utils_unix.go:39]
2026/10/02 18:43:18.705360 juicefs[629908] <WARNING>: statfs /home/kwatanabe/.jfs-chunk-test-bs7J3D/TestDiskCacheState184535594/005/: no such file or directory [getDiskUsage@utils_unix.go:39]
2026/10/02 18:43:18.705409 juicefs[629908] <WARNING>: statfs /home/kwatanabe/.jfs-chunk-test-bs7J3D/TestDiskCacheState184535594/008/: no such file or directory [getDiskUsage@utils_unix.go:39]
2026/10/02 18:43:18.705456 juicefs[629908] <WARNING>: statfs /home/kwatanabe/.jfs-chunk-test-bs7J3D/TestDiskCacheState184535594/010/: no such file or directory [getDiskUsage@utils_unix.go:39]
2026/10/02 18:43:18.709180 juicefs[629908] <WARNING>: statfs /home/kwatanabe/.jfs-chunk-test-bs7J3D/diskCache-629908/1790934171690050105: no such file or directory [getDiskUsage@utils_unix.go:39]
2026/10/02 18:43:18.721829 juicefs[629908] <WARNING>: statfs /home/kwatanabe/.jfs-chunk-test-bs7J3D/diskCache-629908/1790934171690825700/: no such file or directory [getDiskUsage@utils_unix.go:39]
2026/10/02 18:43:18.815258 juicefs[629908] <WARNING>: statfs /home/kwatanabe/.jfs-chunk-test-bs7J3D/diskCache-629908/1790934171795109371: no such file or directory [getDiskUsage@utils_unix.go:39]
2026/10/02 18:43:18.841871 juicefs[629908] <WARNING>: statfs /home/kwatanabe/.jfs-chunk-test-bs7J3D/TestUnknownInodeStatsShouldNotMarkCacheAsRawFull18056813/001: no such file or directory [getDiskUsage@utils_unix.go:39]
2026/10/02 18:43:18.841887 juicefs[629908] <WARNING>: statfs /home/kwatanabe/.jfs-chunk-test-bs7J3D/diskCache-629908/1790934191835249046: no such file or directory [getDiskUsage@utils_unix.go:39]
2026/10/02 18:43:18.841876 juicefs[629908] <WARNING>: statfs /home/kwatanabe/.jfs-chunk-test-bs7J3D/diskCache-629908/1790934191835991034: no such file or directory [getDiskUsage@utils_unix.go:39]
2026/10/02 18:43:19.343187 juicefs[629908] <WARNING>: statfs /home/kwatanabe/.jfs-chunk-test-bs7J3D/Test2RandomEviction3841942512/001/diskCache: no such file or directory [getDiskUsage@utils_unix.go:39]
2026/10/02 18:43:19.347890 juicefs[629908] <WARNING>: statfs /home/kwatanabe/.jfs-chunk-test-bs7J3D/TestLruEviction4261294319/002/diskCache: no such file or directory [getDiskUsage@utils_unix.go:39]
2026/10/02 18:43:19.348590 juicefs[629908] <WARNING>: statfs /home/kwatanabe/.jfs-chunk-test-bs7J3D/TestLruEviction4261294319/001/diskCache: no such file or directory [getDiskUsage@utils_unix.go:39]
2026/10/02 18:43:19.349847 juicefs[629908] <WARNING>: statfs /home/kwatanabe/.jfs-chunk-test-bs7J3D/TestCooldownAtimeOnWriteFixedOnLoad3841134159/001: no such file or directory [getDiskUsage@utils_unix.go:39]
2026/10/02 18:43:19.705312 juicefs[629908] <WARNING>: statfs /home/kwatanabe/.jfs-chunk-test-bs7J3D/TestDiskCacheState184535594/003/: no such file or directory [getDiskUsage@utils_unix.go:39]
2026/10/02 18:43:19.705310 juicefs[629908] <WARNING>: statfs /home/kwatanabe/.jfs-chunk-test-bs7J3D/TestDiskCacheState184535594/011/: no such file or directory [getDiskUsage@utils_unix.go:39]
2026/10/02 18:43:19.705343 juicefs[629908] <WARNING>: statfs /home/kwatanabe/.jfs-chunk-test-bs7J3D/TestDiskCacheState184535594/009/: no such file or directory [getDiskUsage@utils_unix.go:39]
2026/10/02 18:43:19.705325 juicefs[629908] <WARNING>: statfs /home/kwatanabe/.jfs-chunk-test-bs7J3D/TestDiskCacheState184535594/006/: no such file or directory [getDiskUsage@utils_unix.go:39]
2026/10/02 18:43:19.705370 juicefs[629908] <WARNING>: statfs /home/kwatanabe/.jfs-chunk-test-bs7J3D/TestDiskCacheState184535594/004/: no such file or directory [getDiskUsage@utils_unix.go:39]
2026/10/02 18:43:19.705473 juicefs[629908] <WARNING>: statfs /home/kwatanabe/.jfs-chunk-test-bs7J3D/TestDiskCacheState184535594/002/: no such file or directory [getDiskUsage@utils_unix.go:39]
2026/10/02 18:43:19.705688 juicefs[629908] <WARNING>: statfs /home/kwatanabe/.jfs-chunk-test-bs7J3D/TestDiskCacheState184535594/005/: no such file or directory [getDiskUsage@utils_unix.go:39]
2026/10/02 18:43:19.705629 juicefs[629908] <WARNING>: statfs /home/kwatanabe/.jfs-chunk-test-bs7J3D/TestDiskCacheState184535594/008/: no such file or directory [getDiskUsage@utils_unix.go:39]
2026/10/02 18:43:19.706301 juicefs[629908] <WARNING>: statfs /home/kwatanabe/.jfs-chunk-test-bs7J3D/TestDiskCacheState184535594/010/: no such file or directory [getDiskUsage@utils_unix.go:39]
2026/10/02 18:43:19.709375 juicefs[629908] <WARNING>: statfs /home/kwatanabe/.jfs-chunk-test-bs7J3D/diskCache-629908/1790934171690050105: no such file or directory [getDiskUsage@utils_unix.go:39]
2026/10/02 18:43:19.743937 juicefs[629908] <WARNING>: statfs /home/kwatanabe/.jfs-chunk-test-bs7J3D/diskCache-629908/1790934171690825700/: no such file or directory [getDiskUsage@utils_unix.go:39]
2026/10/02 18:43:19.815620 juicefs[629908] <WARNING>: statfs /home/kwatanabe/.jfs-chunk-test-bs7J3D/diskCache-629908/1790934171795109371: no such file or directory [getDiskUsage@utils_unix.go:39]
2026/10/02 18:43:19.842169 juicefs[629908] <WARNING>: statfs /home/kwatanabe/.jfs-chunk-test-bs7J3D/diskCache-629908/1790934191835991034: no such file or directory [getDiskUsage@utils_unix.go:39]
2026/10/02 18:43:19.842486 juicefs[629908] <WARNING>: statfs /home/kwatanabe/.jfs-chunk-test-bs7J3D/TestUnknownInodeStatsShouldNotMarkCacheAsRawFull18056813/001: no such file or directory [getDiskUsage@utils_unix.go:39]
2026/10/02 18:43:19.842621 juicefs[629908] <WARNING>: statfs /home/kwatanabe/.jfs-chunk-test-bs7J3D/diskCache-629908/1790934191835249046: no such file or directory [getDiskUsage@utils_unix.go:39]
2026/10/02 18:43:20.343446 juicefs[629908] <WARNING>: statfs /home/kwatanabe/.jfs-chunk-test-bs7J3D/Test2RandomEviction3841942512/001/diskCache: no such file or directory [getDiskUsage@utils_unix.go:39]
2026/10/02 18:43:20.348143 juicefs[629908] <WARNING>: statfs /home/kwatanabe/.jfs-chunk-test-bs7J3D/TestLruEviction4261294319/002/diskCache: no such file or directory [getDiskUsage@utils_unix.go:39]
2026/10/02 18:43:20.349260 juicefs[629908] <WARNING>: statfs /home/kwatanabe/.jfs-chunk-test-bs7J3D/TestLruEviction4261294319/001/diskCache: no such file or directory [getDiskUsage@utils_unix.go:39]
2026/10/02 18:43:20.350537 juicefs[629908] <WARNING>: statfs /home/kwatanabe/.jfs-chunk-test-bs7J3D/TestCooldownAtimeOnWriteFixedOnLoad3841134159/001: no such file or directory [getDiskUsage@utils_unix.go:39]
FAIL
FAIL	github.com/juicedata/juicefs/pkg/chunk	49.586s
FAIL
