# github.com/mattn/go-sqlite3
sqlite3-binding.c: In function ‘sqlite3ShadowTableName’:
sqlite3-binding.c:123934:9: warning: assignment discards ‘const’ qualifier from pointer target type [-Wdiscarded-qualifiers]
123934 |   zTail = strrchr(zName, '_');
       |         ^

Mockey check failed, please add -gcflags="all=-N -l".
(Set env MOCKEY_CHECK_GCFLAGS=false to disable gcflags check) 
		
2026/10/02 18:43:44.272591 juicefs[630724] <WARNING>: unknown cache eviction policy: "", fallback to 2-random [newCacheStore@disk_cache.go:119]
2026/10/02 18:43:44.273087 juicefs[630724] <INFO>: Disk cache (/home/kwatanabe/.jfs-chunk-test-VlIrvK/diskCache-630724/): used ratio - [space 19.4%, inode 4.4%] [newCacheStore@disk_cache.go:154]
2026/10/02 18:43:44.273154 juicefs[630724] <INFO>: Adjusted max items based on freeratio: from 0 to 60397976 items [setLimitByFreeRatio@disk_cache.go:191]
==================
WARNING: DATA RACE
Read at 0x00c00062490a by goroutine 50:
  github.com/juicedata/juicefs/pkg/chunk.(*cacheStore).cache()
      /home/kwatanabe/.jfs-baseline-hwDf9E/pkg/chunk/disk_cache.go:448 +0x90
  github.com/juicedata/juicefs/pkg/chunk.(*cacheManager).cache()
      /home/kwatanabe/.jfs-baseline-hwDf9E/pkg/chunk/disk_cache.go:1282 +0x6d
  github.com/juicedata/juicefs/pkg/chunk.(*cachedStore).upload()
      /home/kwatanabe/.jfs-baseline-hwDf9E/pkg/chunk/cached_store.go:370 +0x202
  github.com/juicedata/juicefs/pkg/chunk.(*wSlice).upload.func1()
      /home/kwatanabe/.jfs-baseline-hwDf9E/pkg/chunk/cached_store.go:467 +0x6fd

Previous write at 0x00c00062490a by goroutine 43:
  github.com/juicedata/juicefs/pkg/chunk.(*cacheStore).checkFreeSpace()
      /home/kwatanabe/.jfs-baseline-hwDf9E/pkg/chunk/disk_cache.go:357 +0x1ba
  github.com/juicedata/juicefs/pkg/chunk.newCacheStore.gowrap3()
      /home/kwatanabe/.jfs-baseline-hwDf9E/pkg/chunk/disk_cache.go:162 +0x33

Goroutine 50 (running) created at:
  github.com/juicedata/juicefs/pkg/chunk.(*wSlice).upload()
      /home/kwatanabe/.jfs-baseline-hwDf9E/pkg/chunk/cached_store.go:407 +0x393
  github.com/juicedata/juicefs/pkg/chunk.(*wSlice).FlushTo()
      /home/kwatanabe/.jfs-baseline-hwDf9E/pkg/chunk/cached_store.go:488 +0x1e4
  github.com/juicedata/juicefs/pkg/chunk.(*wSlice).Finish()
      /home/kwatanabe/.jfs-baseline-hwDf9E/pkg/chunk/cached_store.go:503 +0x138
  github.com/juicedata/juicefs/pkg/chunk.testStore()
      /home/kwatanabe/.jfs-baseline-hwDf9E/pkg/chunk/cached_store_test.go:60 +0x43c
  github.com/juicedata/juicefs/pkg/chunk.TestStoreDefault()
      /home/kwatanabe/.jfs-baseline-hwDf9E/pkg/chunk/cached_store_test.go:126 +0x113
  testing.tRunner()
      /home/kwatanabe/.goenv/versions/1.25.11/src/testing/testing.go:1934 +0x21c
  testing.(*T).Run.gowrap1()
      /home/kwatanabe/.goenv/versions/1.25.11/src/testing/testing.go:1997 +0x44

Goroutine 43 (running) created at:
  github.com/juicedata/juicefs/pkg/chunk.newCacheStore()
      /home/kwatanabe/.jfs-baseline-hwDf9E/pkg/chunk/disk_cache.go:162 +0x108a
  github.com/juicedata/juicefs/pkg/chunk.newCacheManager()
      /home/kwatanabe/.jfs-baseline-hwDf9E/pkg/chunk/disk_cache.go:1174 +0xa15
  github.com/juicedata/juicefs/pkg/chunk.NewCachedStore()
      /home/kwatanabe/.jfs-baseline-hwDf9E/pkg/chunk/cached_store.go:865 +0xbf4
  github.com/juicedata/juicefs/pkg/chunk.TestStoreDefault()
      /home/kwatanabe/.jfs-baseline-hwDf9E/pkg/chunk/cached_store_test.go:125 +0xf0
  testing.tRunner()
      /home/kwatanabe/.goenv/versions/1.25.11/src/testing/testing.go:1934 +0x21c
  testing.(*T).Run.gowrap1()
      /home/kwatanabe/.goenv/versions/1.25.11/src/testing/testing.go:1997 +0x44
==================
==================
WARNING: DATA RACE
Read at 0x00c0008690d0 by goroutine 42:
  github.com/juicedata/juicefs/pkg/chunk.(*cacheStore).flush()
      /home/kwatanabe/.jfs-baseline-hwDf9E/pkg/chunk/disk_cache.go:741 +0x212
  github.com/juicedata/juicefs/pkg/chunk.newCacheStore.gowrap2()
      /home/kwatanabe/.jfs-baseline-hwDf9E/pkg/chunk/disk_cache.go:161 +0x33

Previous write at 0x00c0008690d0 by goroutine 50:
  github.com/juicedata/juicefs/pkg/chunk.(*cachedStore).upload()
      /home/kwatanabe/.jfs-baseline-hwDf9E/pkg/chunk/cached_store.go:377 +0x335
  github.com/juicedata/juicefs/pkg/chunk.(*wSlice).upload.func1()
      /home/kwatanabe/.jfs-baseline-hwDf9E/pkg/chunk/cached_store.go:467 +0x6fd

Goroutine 42 (running) created at:
  github.com/juicedata/juicefs/pkg/chunk.newCacheStore()
      /home/kwatanabe/.jfs-baseline-hwDf9E/pkg/chunk/disk_cache.go:161 +0x100a
  github.com/juicedata/juicefs/pkg/chunk.newCacheManager()
      /home/kwatanabe/.jfs-baseline-hwDf9E/pkg/chunk/disk_cache.go:1174 +0xa15
  github.com/juicedata/juicefs/pkg/chunk.NewCachedStore()
      /home/kwatanabe/.jfs-baseline-hwDf9E/pkg/chunk/cached_store.go:865 +0xbf4
  github.com/juicedata/juicefs/pkg/chunk.TestStoreDefault()
      /home/kwatanabe/.jfs-baseline-hwDf9E/pkg/chunk/cached_store_test.go:125 +0xf0
  testing.tRunner()
      /home/kwatanabe/.goenv/versions/1.25.11/src/testing/testing.go:1934 +0x21c
  testing.(*T).Run.gowrap1()
      /home/kwatanabe/.goenv/versions/1.25.11/src/testing/testing.go:1997 +0x44

Goroutine 50 (running) created at:
  github.com/juicedata/juicefs/pkg/chunk.(*wSlice).upload()
      /home/kwatanabe/.jfs-baseline-hwDf9E/pkg/chunk/cached_store.go:407 +0x393
  github.com/juicedata/juicefs/pkg/chunk.(*wSlice).FlushTo()
      /home/kwatanabe/.jfs-baseline-hwDf9E/pkg/chunk/cached_store.go:488 +0x1e4
  github.com/juicedata/juicefs/pkg/chunk.(*wSlice).Finish()
      /home/kwatanabe/.jfs-baseline-hwDf9E/pkg/chunk/cached_store.go:503 +0x138
  github.com/juicedata/juicefs/pkg/chunk.testStore()
      /home/kwatanabe/.jfs-baseline-hwDf9E/pkg/chunk/cached_store_test.go:60 +0x43c
  github.com/juicedata/juicefs/pkg/chunk.TestStoreDefault()
      /home/kwatanabe/.jfs-baseline-hwDf9E/pkg/chunk/cached_store_test.go:126 +0x113
  testing.tRunner()
      /home/kwatanabe/.goenv/versions/1.25.11/src/testing/testing.go:1934 +0x21c
  testing.(*T).Run.gowrap1()
      /home/kwatanabe/.goenv/versions/1.25.11/src/testing/testing.go:1997 +0x44
==================
==================
WARNING: DATA RACE
Read at 0x00c000d0c000 by goroutine 42:
  runtime.racereadrange()
      <autogenerated>:1 +0x24
  internal/poll.ignoringEINTRIO()
      /home/kwatanabe/.goenv/versions/1.25.11/src/internal/poll/fd_unix.go:738 +0x561
  internal/poll.(*FD).Write()
      /home/kwatanabe/.goenv/versions/1.25.11/src/internal/poll/fd_unix.go:374 +0x31b
  os.(*File).write()
      /home/kwatanabe/.goenv/versions/1.25.11/src/os/file_posix.go:46 +0xa4
  os.(*File).Write()
      /home/kwatanabe/.goenv/versions/1.25.11/src/os/file.go:215 +0x75
  github.com/juicedata/juicefs/pkg/chunk.(*cacheStore).flushPage.(*cacheStore).writeFile.func5()
      /home/kwatanabe/.jfs-baseline-hwDf9E/pkg/chunk/disk_cache.go:325 +0x54
  github.com/juicedata/juicefs/pkg/chunk.(*cacheStore).checkErr()
      /home/kwatanabe/.jfs-baseline-hwDf9E/pkg/chunk/disk_cache.go:267 +0x28a
  github.com/juicedata/juicefs/pkg/chunk.(*cacheStore).writeFile()
      /home/kwatanabe/.jfs-baseline-hwDf9E/pkg/chunk/disk_cache.go:324 +0x90a
  github.com/juicedata/juicefs/pkg/chunk.(*cacheStore).flushPage()
      /home/kwatanabe/.jfs-baseline-hwDf9E/pkg/chunk/disk_cache.go:540 +0x80d
  github.com/juicedata/juicefs/pkg/chunk.(*cacheStore).flush()
      /home/kwatanabe/.jfs-baseline-hwDf9E/pkg/chunk/disk_cache.go:741 +0x246
  github.com/juicedata/juicefs/pkg/chunk.newCacheStore.gowrap2()
      /home/kwatanabe/.jfs-baseline-hwDf9E/pkg/chunk/disk_cache.go:161 +0x33

Previous write at 0x00c000d0c000 by goroutine 50:
  runtime.slicecopy()
      /home/kwatanabe/.goenv/versions/1.25.11/src/runtime/slice.go:355 +0x0
  github.com/juicedata/juicefs/pkg/compress.noOp.Compress()
      /home/kwatanabe/.jfs-baseline-hwDf9E/pkg/compress/compress.go:59 +0x111
  github.com/juicedata/juicefs/pkg/compress.(*noOp).Compress()
      <autogenerated>:1 +0x84
  github.com/juicedata/juicefs/pkg/chunk.(*cachedStore).upload()
      /home/kwatanabe/.jfs-baseline-hwDf9E/pkg/chunk/cached_store.go:372 +0x2cc
  github.com/juicedata/juicefs/pkg/chunk.(*wSlice).upload.func1()
      /home/kwatanabe/.jfs-baseline-hwDf9E/pkg/chunk/cached_store.go:467 +0x6fd

Goroutine 42 (running) created at:
  github.com/juicedata/juicefs/pkg/chunk.newCacheStore()
      /home/kwatanabe/.jfs-baseline-hwDf9E/pkg/chunk/disk_cache.go:161 +0x100a
  github.com/juicedata/juicefs/pkg/chunk.newCacheManager()
      /home/kwatanabe/.jfs-baseline-hwDf9E/pkg/chunk/disk_cache.go:1174 +0xa15
  github.com/juicedata/juicefs/pkg/chunk.NewCachedStore()
      /home/kwatanabe/.jfs-baseline-hwDf9E/pkg/chunk/cached_store.go:865 +0xbf4
  github.com/juicedata/juicefs/pkg/chunk.TestStoreDefault()
      /home/kwatanabe/.jfs-baseline-hwDf9E/pkg/chunk/cached_store_test.go:125 +0xf0
  testing.tRunner()
      /home/kwatanabe/.goenv/versions/1.25.11/src/testing/testing.go:1934 +0x21c
  testing.(*T).Run.gowrap1()
      /home/kwatanabe/.goenv/versions/1.25.11/src/testing/testing.go:1997 +0x44

Goroutine 50 (finished) created at:
  github.com/juicedata/juicefs/pkg/chunk.(*wSlice).upload()
      /home/kwatanabe/.jfs-baseline-hwDf9E/pkg/chunk/cached_store.go:407 +0x393
  github.com/juicedata/juicefs/pkg/chunk.(*wSlice).FlushTo()
      /home/kwatanabe/.jfs-baseline-hwDf9E/pkg/chunk/cached_store.go:488 +0x1e4
  github.com/juicedata/juicefs/pkg/chunk.(*wSlice).Finish()
      /home/kwatanabe/.jfs-baseline-hwDf9E/pkg/chunk/cached_store.go:503 +0x138
  github.com/juicedata/juicefs/pkg/chunk.testStore()
      /home/kwatanabe/.jfs-baseline-hwDf9E/pkg/chunk/cached_store_test.go:60 +0x43c
  github.com/juicedata/juicefs/pkg/chunk.TestStoreDefault()
      /home/kwatanabe/.jfs-baseline-hwDf9E/pkg/chunk/cached_store_test.go:126 +0x113
  testing.tRunner()
      /home/kwatanabe/.goenv/versions/1.25.11/src/testing/testing.go:1934 +0x21c
  testing.(*T).Run.gowrap1()
      /home/kwatanabe/.goenv/versions/1.25.11/src/testing/testing.go:1997 +0x44
==================
==================
WARNING: DATA RACE
Write at 0x00c000869290 by goroutine 61:
  github.com/juicedata/juicefs/pkg/chunk.(*cachedStore).upload()
      /home/kwatanabe/.jfs-baseline-hwDf9E/pkg/chunk/cached_store.go:377 +0x335
  github.com/juicedata/juicefs/pkg/chunk.(*wSlice).upload.func1()
      /home/kwatanabe/.jfs-baseline-hwDf9E/pkg/chunk/cached_store.go:467 +0x6fd

Previous read at 0x00c000869290 by goroutine 42:
  github.com/juicedata/juicefs/pkg/chunk.(*cacheStore).flush()
      /home/kwatanabe/.jfs-baseline-hwDf9E/pkg/chunk/disk_cache.go:747 +0x3ba
  github.com/juicedata/juicefs/pkg/chunk.newCacheStore.gowrap2()
      /home/kwatanabe/.jfs-baseline-hwDf9E/pkg/chunk/disk_cache.go:161 +0x33

Goroutine 61 (running) created at:
  github.com/juicedata/juicefs/pkg/chunk.(*wSlice).upload()
      /home/kwatanabe/.jfs-baseline-hwDf9E/pkg/chunk/cached_store.go:407 +0x393
  github.com/juicedata/juicefs/pkg/chunk.(*wSlice).FlushTo()
      /home/kwatanabe/.jfs-baseline-hwDf9E/pkg/chunk/cached_store.go:488 +0x1e4
  github.com/juicedata/juicefs/pkg/chunk.(*wSlice).Finish()
      /home/kwatanabe/.jfs-baseline-hwDf9E/pkg/chunk/cached_store.go:503 +0x138
  github.com/juicedata/juicefs/pkg/chunk.forgetSlice()
      /home/kwatanabe/.jfs-baseline-hwDf9E/pkg/chunk/cached_store_test.go:43 +0xe1
  github.com/juicedata/juicefs/pkg/chunk.testStore.func1()
      /home/kwatanabe/.jfs-baseline-hwDf9E/pkg/chunk/cached_store_test.go:89 +0x5d
  github.com/juicedata/juicefs/pkg/chunk.testStore.gowrap2()
      /home/kwatanabe/.jfs-baseline-hwDf9E/pkg/chunk/cached_store_test.go:95 +0x41

Goroutine 42 (running) created at:
  github.com/juicedata/juicefs/pkg/chunk.newCacheStore()
      /home/kwatanabe/.jfs-baseline-hwDf9E/pkg/chunk/disk_cache.go:161 +0x100a
  github.com/juicedata/juicefs/pkg/chunk.newCacheManager()
      /home/kwatanabe/.jfs-baseline-hwDf9E/pkg/chunk/disk_cache.go:1174 +0xa15
  github.com/juicedata/juicefs/pkg/chunk.NewCachedStore()
      /home/kwatanabe/.jfs-baseline-hwDf9E/pkg/chunk/cached_store.go:865 +0xbf4
  github.com/juicedata/juicefs/pkg/chunk.TestStoreDefault()
      /home/kwatanabe/.jfs-baseline-hwDf9E/pkg/chunk/cached_store_test.go:125 +0xf0
  testing.tRunner()
      /home/kwatanabe/.goenv/versions/1.25.11/src/testing/testing.go:1934 +0x21c
  testing.(*T).Run.gowrap1()
      /home/kwatanabe/.goenv/versions/1.25.11/src/testing/testing.go:1997 +0x44
==================
--- FAIL: TestStoreDefault (0.15s)
    testing.go:1617: race detected during execution of test
2026/10/02 18:43:44.562977 juicefs[630724] <WARNING>: unknown cache eviction policy: "", fallback to 2-random [newCacheStore@disk_cache.go:119]
2026/10/02 18:43:44.563193 juicefs[630724] <INFO>: Disk cache (/home/kwatanabe/.jfs-chunk-test-VlIrvK/diskCache-630724/): used ratio - [space 19.4%, inode 4.4%] [newCacheStore@disk_cache.go:154]
2026/10/02 18:43:44.563272 juicefs[630724] <INFO>: Adjusted max items based on freeratio: from 0 to 60397976 items [setLimitByFreeRatio@disk_cache.go:191]
2026/10/02 18:43:44.678479 juicefs[630724] <WARNING>: unknown cache eviction policy: "", fallback to 2-random [newCacheStore@disk_cache.go:119]
2026/10/02 18:43:44.678641 juicefs[630724] <INFO>: Disk cache (/home/kwatanabe/.jfs-chunk-test-VlIrvK/diskCache-630724/): used ratio - [space 19.4%, inode 4.4%] [newCacheStore@disk_cache.go:154]
2026/10/02 18:43:44.678693 juicefs[630724] <INFO>: Adjusted max items based on freeratio: from 0 to 60397976 items [setLimitByFreeRatio@disk_cache.go:191]
2026/10/02 18:43:48.778383 juicefs[630724] <WARNING>: unknown cache eviction policy: "", fallback to 2-random [newCacheStore@disk_cache.go:119]
2026/10/02 18:43:48.778520 juicefs[630724] <WARNING>: not enough space (80%) or inodes (95%) for caching in /home/kwatanabe/.jfs-chunk-test-VlIrvK/diskCache-630724/: free ratio should be >= 99% [newCacheStore@disk_cache.go:152]
2026/10/02 18:43:48.778573 juicefs[630724] <INFO>: Disk cache (/home/kwatanabe/.jfs-chunk-test-VlIrvK/diskCache-630724/): used ratio - [space 19.4%, inode 4.4%] [newCacheStore@disk_cache.go:154]
2026/10/02 18:43:48.778607 juicefs[630724] <INFO>: Adjusted max items based on freeratio: from 0 to 6712 items [setLimitByFreeRatio@disk_cache.go:191]
==================
WARNING: DATA RACE
Write at 0x00c000624728 by goroutine 187:
  github.com/juicedata/juicefs/pkg/chunk.(*cacheStore).scanCached()
      /home/kwatanabe/.jfs-baseline-hwDf9E/pkg/chunk/disk_cache.go:954 +0xd6
  github.com/juicedata/juicefs/pkg/chunk.(*cacheStore).refreshCacheKeys()
      /home/kwatanabe/.jfs-baseline-hwDf9E/pkg/chunk/disk_cache.go:422 +0x4f
  github.com/juicedata/juicefs/pkg/chunk.newCacheStore.gowrap5()
      /home/kwatanabe/.jfs-baseline-hwDf9E/pkg/chunk/disk_cache.go:166 +0x33

Previous read at 0x00c000624728 by goroutine 186:
  github.com/juicedata/juicefs/pkg/chunk.(*cacheStore).uploadStaging()
      /home/kwatanabe/.jfs-baseline-hwDf9E/pkg/chunk/disk_cache.go:892 +0x46
  github.com/juicedata/juicefs/pkg/chunk.(*cacheStore).checkFreeSpace()
      /home/kwatanabe/.jfs-baseline-hwDf9E/pkg/chunk/disk_cache.go:367 +0x4de
  github.com/juicedata/juicefs/pkg/chunk.newCacheStore.gowrap3()
      /home/kwatanabe/.jfs-baseline-hwDf9E/pkg/chunk/disk_cache.go:162 +0x33

Goroutine 187 (running) created at:
  github.com/juicedata/juicefs/pkg/chunk.newCacheStore()
      /home/kwatanabe/.jfs-baseline-hwDf9E/pkg/chunk/disk_cache.go:166 +0x11aa
  github.com/juicedata/juicefs/pkg/chunk.newCacheManager()
      /home/kwatanabe/.jfs-baseline-hwDf9E/pkg/chunk/disk_cache.go:1174 +0xa15
  github.com/juicedata/juicefs/pkg/chunk.NewCachedStore()
      /home/kwatanabe/.jfs-baseline-hwDf9E/pkg/chunk/cached_store.go:865 +0xbf4
  github.com/juicedata/juicefs/pkg/chunk.TestStoreFull()
      /home/kwatanabe/.jfs-baseline-hwDf9E/pkg/chunk/cached_store_test.go:170 +0xeb
  testing.tRunner()
      /home/kwatanabe/.goenv/versions/1.25.11/src/testing/testing.go:1934 +0x21c
  testing.(*T).Run.gowrap1()
      /home/kwatanabe/.goenv/versions/1.25.11/src/testing/testing.go:1997 +0x44

Goroutine 186 (running) created at:
  github.com/juicedata/juicefs/pkg/chunk.newCacheStore()
      /home/kwatanabe/.jfs-baseline-hwDf9E/pkg/chunk/disk_cache.go:162 +0x108a
  github.com/juicedata/juicefs/pkg/chunk.newCacheManager()
      /home/kwatanabe/.jfs-baseline-hwDf9E/pkg/chunk/disk_cache.go:1174 +0xa15
  github.com/juicedata/juicefs/pkg/chunk.NewCachedStore()
      /home/kwatanabe/.jfs-baseline-hwDf9E/pkg/chunk/cached_store.go:865 +0xbf4
  github.com/juicedata/juicefs/pkg/chunk.TestStoreFull()
      /home/kwatanabe/.jfs-baseline-hwDf9E/pkg/chunk/cached_store_test.go:170 +0xeb
  testing.tRunner()
      /home/kwatanabe/.goenv/versions/1.25.11/src/testing/testing.go:1934 +0x21c
  testing.(*T).Run.gowrap1()
      /home/kwatanabe/.goenv/versions/1.25.11/src/testing/testing.go:1997 +0x44
==================
--- FAIL: TestStoreFull (0.14s)
    testing.go:1617: race detected during execution of test
2026/10/02 18:43:48.923165 juicefs[630724] <WARNING>: unknown cache eviction policy: "", fallback to 2-random [newCacheStore@disk_cache.go:119]
2026/10/02 18:43:48.923342 juicefs[630724] <INFO>: Disk cache (/home/kwatanabe/.jfs-chunk-test-VlIrvK/diskCache-630724/): used ratio - [space 19.4%, inode 4.4%] [newCacheStore@disk_cache.go:154]
2026/10/02 18:43:48.923412 juicefs[630724] <INFO>: Adjusted max items based on freeratio: from 0 to 60397976 items [setLimitByFreeRatio@disk_cache.go:191]
2026/10/02 18:43:49.067038 juicefs[630724] <WARNING>: unknown cache eviction policy: "", fallback to 2-random [newCacheStore@disk_cache.go:119]
2026/10/02 18:43:49.067155 juicefs[630724] <INFO>: Disk cache (/home/kwatanabe/.jfs-chunk-test-VlIrvK/diskCache-630724/): used ratio - [space 19.4%, inode 4.4%] [newCacheStore@disk_cache.go:154]
2026/10/02 18:43:49.067210 juicefs[630724] <INFO>: Adjusted max items based on freeratio: from 0 to 60397976 items [setLimitByFreeRatio@disk_cache.go:191]
2026/10/02 18:43:49.067757 juicefs[630724] <INFO>: Found 1 staging blocks (4 B) in /home/kwatanabe/.jfs-chunk-test-VlIrvK/diskCache-630724/ with 299.592µs [scanStaging@disk_cache.go:1066]
2026/10/02 18:43:49.261024 juicefs[630724] <WARNING>: unknown cache eviction policy: "", fallback to 2-random [newCacheStore@disk_cache.go:119]
2026/10/02 18:43:49.261315 juicefs[630724] <INFO>: Disk cache (/home/kwatanabe/.jfs-chunk-test-VlIrvK/diskCache-630724/): used ratio - [space 19.4%, inode 4.4%] [newCacheStore@disk_cache.go:154]
2026/10/02 18:43:49.261397 juicefs[630724] <INFO>: Adjusted max items based on freeratio: from 0 to 60397976 items [setLimitByFreeRatio@disk_cache.go:191]
2026/10/02 18:43:49.261580 juicefs[630724] <INFO>: delay uploading by 1h0m0s [NewCachedStore@cached_store.go:917]
==================
WARNING: DATA RACE
Read at 0x00c00099e549 by goroutine 329:
  github.com/juicedata/juicefs/pkg/chunk.(*cacheStore).stage()
      /home/kwatanabe/.jfs-baseline-hwDf9E/pkg/chunk/disk_cache.go:785 +0x1c4
  github.com/juicedata/juicefs/pkg/chunk.(*cacheManager).stage()
      /home/kwatanabe/.jfs-baseline-hwDf9E/pkg/chunk/disk_cache.go:1334 +0x104
  github.com/juicedata/juicefs/pkg/chunk.(*wSlice).upload.func1.1()
      /home/kwatanabe/.jfs-baseline-hwDf9E/pkg/chunk/cached_store.go:430 +0x1a3
  github.com/juicedata/juicefs/pkg/utils.WithTimeout.func1()
      /home/kwatanabe/.jfs-baseline-hwDf9E/pkg/utils/utils.go:116 +0x5c

Previous write at 0x00c00099e549 by goroutine 320:
  github.com/juicedata/juicefs/pkg/chunk.(*cacheStore).checkFreeSpace()
      /home/kwatanabe/.jfs-baseline-hwDf9E/pkg/chunk/disk_cache.go:356 +0x133
  github.com/juicedata/juicefs/pkg/chunk.newCacheStore.gowrap3()
      /home/kwatanabe/.jfs-baseline-hwDf9E/pkg/chunk/disk_cache.go:162 +0x33

Goroutine 329 (running) created at:
  github.com/juicedata/juicefs/pkg/utils.WithTimeout()
      /home/kwatanabe/.jfs-baseline-hwDf9E/pkg/utils/utils.go:115 +0x227
  github.com/juicedata/juicefs/pkg/chunk.(*wSlice).upload.func1()
      /home/kwatanabe/.jfs-baseline-hwDf9E/pkg/chunk/cached_store.go:428 +0x430

Goroutine 320 (running) created at:
  github.com/juicedata/juicefs/pkg/chunk.newCacheStore()
      /home/kwatanabe/.jfs-baseline-hwDf9E/pkg/chunk/disk_cache.go:162 +0x108a
  github.com/juicedata/juicefs/pkg/chunk.newCacheManager()
      /home/kwatanabe/.jfs-baseline-hwDf9E/pkg/chunk/disk_cache.go:1174 +0xa15
  github.com/juicedata/juicefs/pkg/chunk.NewCachedStore()
      /home/kwatanabe/.jfs-baseline-hwDf9E/pkg/chunk/cached_store.go:865 +0xbf4
  github.com/juicedata/juicefs/pkg/chunk.TestForceUpload()
      /home/kwatanabe/.jfs-baseline-hwDf9E/pkg/chunk/cached_store_test.go:212 +0x12b
  testing.tRunner()
      /home/kwatanabe/.goenv/versions/1.25.11/src/testing/testing.go:1934 +0x21c
  testing.(*T).Run.gowrap1()
      /home/kwatanabe/.goenv/versions/1.25.11/src/testing/testing.go:1997 +0x44
==================
--- FAIL: TestForceUpload (0.00s)
    testing.go:1617: race detected during execution of test
2026/10/02 18:43:49.263319 juicefs[630724] <WARNING>: unknown cache eviction policy: "", fallback to 2-random [newCacheStore@disk_cache.go:119]
2026/10/02 18:43:49.263393 juicefs[630724] <INFO>: Disk cache (/home/kwatanabe/.jfs-chunk-test-VlIrvK/diskCache-630724/): used ratio - [space 19.4%, inode 4.4%] [newCacheStore@disk_cache.go:154]
2026/10/02 18:43:49.263432 juicefs[630724] <INFO>: Adjusted max items based on freeratio: from 0 to 60397976 items [setLimitByFreeRatio@disk_cache.go:191]
2026/10/02 18:43:49.263580 juicefs[630724] <WARNING>: delay uploading by 200ms (this value is too small, and is not recommended) [NewCachedStore@cached_store.go:915]
2026/10/02 18:43:51.408193 juicefs[630724] <WARNING>: unknown cache eviction policy: "", fallback to 2-random [newCacheStore@disk_cache.go:119]
2026/10/02 18:43:51.408338 juicefs[630724] <INFO>: Disk cache (/home/kwatanabe/.jfs-chunk-test-VlIrvK/diskCache-630724/): used ratio - [space 19.4%, inode 4.4%] [newCacheStore@disk_cache.go:154]
2026/10/02 18:43:51.408385 juicefs[630724] <INFO>: Adjusted max items based on freeratio: from 0 to 60397976 items [setLimitByFreeRatio@disk_cache.go:191]
2026/10/02 18:43:51.553288 juicefs[630724] <WARNING>: unknown cache eviction policy: "", fallback to 2-random [newCacheStore@disk_cache.go:119]
2026/10/02 18:43:51.553709 juicefs[630724] <INFO>: Disk cache (/home/kwatanabe/.jfs-chunk-test-VlIrvK/diskCache-630724/): used ratio - [space 19.4%, inode 4.4%] [newCacheStore@disk_cache.go:154]
2026/10/02 18:43:51.553801 juicefs[630724] <INFO>: Adjusted max items based on freeratio: from 0 to 66437776 items [setLimitByFreeRatio@disk_cache.go:191]
2026/10/02 18:43:52.679302 juicefs[630724] <WARNING>: unknown cache eviction policy: "", fallback to 2-random [newCacheStore@disk_cache.go:119]
2026/10/02 18:43:52.679434 juicefs[630724] <INFO>: Disk cache (/home/kwatanabe/.jfs-chunk-test-VlIrvK/diskCache-630724/): used ratio - [space 19.4%, inode 4.4%] [newCacheStore@disk_cache.go:154]
2026/10/02 18:43:52.679470 juicefs[630724] <INFO>: Adjusted max items based on freeratio: from 0 to 60397976 items [setLimitByFreeRatio@disk_cache.go:191]
2026/10/02 18:43:52.680091 juicefs[630724] <WARNING>: unknown cache eviction policy: "", fallback to 2-random [newCacheStore@disk_cache.go:119]
2026/10/02 18:43:52.680190 juicefs[630724] <INFO>: Disk cache (/home/kwatanabe/.jfs-chunk-test-VlIrvK/TestDiskCacheState1992529928/001/): used ratio - [space 19.4%, inode 4.4%] [newCacheStore@disk_cache.go:154]
2026/10/02 18:43:52.680239 juicefs[630724] <INFO>: Adjusted max items based on freeratio: from 0 to 60397976 items [setLimitByFreeRatio@disk_cache.go:191]
==================
WARNING: DATA RACE
Read at 0x00c00099edba by goroutine 468:
  github.com/juicedata/juicefs/pkg/chunk.(*cacheStore).cache()
      /home/kwatanabe/.jfs-baseline-hwDf9E/pkg/chunk/disk_cache.go:448 +0x90
  github.com/juicedata/juicefs/pkg/chunk.(*cacheManager).cache()
      /home/kwatanabe/.jfs-baseline-hwDf9E/pkg/chunk/disk_cache.go:1282 +0x6d
  github.com/juicedata/juicefs/pkg/chunk.testDiskCacheState()
      /home/kwatanabe/.jfs-baseline-hwDf9E/pkg/chunk/disk_cache_state_test.go:67 +0x5cd
  github.com/juicedata/juicefs/pkg/chunk.TestDiskCacheState()
      /home/kwatanabe/.jfs-baseline-hwDf9E/pkg/chunk/disk_cache_state_test.go:109 +0x2b
  testing.tRunner()
      /home/kwatanabe/.goenv/versions/1.25.11/src/testing/testing.go:1934 +0x21c
  testing.(*T).Run.gowrap1()
      /home/kwatanabe/.goenv/versions/1.25.11/src/testing/testing.go:1997 +0x44

Previous write at 0x00c00099edba by goroutine 482:
  github.com/juicedata/juicefs/pkg/chunk.(*cacheStore).checkFreeSpace()
      /home/kwatanabe/.jfs-baseline-hwDf9E/pkg/chunk/disk_cache.go:357 +0x1ba
  github.com/juicedata/juicefs/pkg/chunk.newCacheStore.gowrap3()
      /home/kwatanabe/.jfs-baseline-hwDf9E/pkg/chunk/disk_cache.go:162 +0x33

Goroutine 468 (running) created at:
  testing.(*T).Run()
      /home/kwatanabe/.goenv/versions/1.25.11/src/testing/testing.go:1997 +0x9d2
  testing.runTests.func1()
      /home/kwatanabe/.goenv/versions/1.25.11/src/testing/testing.go:2477 +0x84
  testing.tRunner()
      /home/kwatanabe/.goenv/versions/1.25.11/src/testing/testing.go:1934 +0x21c
  testing.runTests()
      /home/kwatanabe/.goenv/versions/1.25.11/src/testing/testing.go:2475 +0x96c
  testing.(*M).Run()
      /home/kwatanabe/.goenv/versions/1.25.11/src/testing/testing.go:2337 +0xed4
  main.main()
      _testmain.go:131 +0x164

Goroutine 482 (running) created at:
  github.com/juicedata/juicefs/pkg/chunk.newCacheStore()
      /home/kwatanabe/.jfs-baseline-hwDf9E/pkg/chunk/disk_cache.go:162 +0x108a
  github.com/juicedata/juicefs/pkg/chunk.newCacheManager()
      /home/kwatanabe/.jfs-baseline-hwDf9E/pkg/chunk/disk_cache.go:1174 +0xa15
  github.com/juicedata/juicefs/pkg/chunk.testDiskCacheState()
      /home/kwatanabe/.jfs-baseline-hwDf9E/pkg/chunk/disk_cache_state_test.go:55 +0x33a
  github.com/juicedata/juicefs/pkg/chunk.TestDiskCacheState()
      /home/kwatanabe/.jfs-baseline-hwDf9E/pkg/chunk/disk_cache_state_test.go:109 +0x2b
  testing.tRunner()
      /home/kwatanabe/.goenv/versions/1.25.11/src/testing/testing.go:1934 +0x21c
  testing.(*T).Run.gowrap1()
      /home/kwatanabe/.goenv/versions/1.25.11/src/testing/testing.go:1997 +0x44
==================
==================
WARNING: DATA RACE
Write at 0x00c00099ede8 by goroutine 468:
  github.com/juicedata/juicefs/pkg/chunk.(*cacheStore).event()
      /home/kwatanabe/.jfs-baseline-hwDf9E/pkg/chunk/disk_cache_state.go:271 +0x15e
  github.com/juicedata/juicefs/pkg/chunk.(*normalDC).onIOErr()
      /home/kwatanabe/.jfs-baseline-hwDf9E/pkg/chunk/disk_cache_state.go:156 +0x6c
  github.com/juicedata/juicefs/pkg/chunk.testDiskCacheState()
      /home/kwatanabe/.jfs-baseline-hwDf9E/pkg/chunk/disk_cache_state_test.go:73 +0x62e
  github.com/juicedata/juicefs/pkg/chunk.TestDiskCacheState()
      /home/kwatanabe/.jfs-baseline-hwDf9E/pkg/chunk/disk_cache_state_test.go:109 +0x2b
  testing.tRunner()
      /home/kwatanabe/.goenv/versions/1.25.11/src/testing/testing.go:1934 +0x21c
  testing.(*T).Run.gowrap1()
      /home/kwatanabe/.goenv/versions/1.25.11/src/testing/testing.go:1997 +0x44

Previous read at 0x00c00099ede8 by goroutine 481:
  github.com/juicedata/juicefs/pkg/chunk.(*cacheStore).checkErr()
      /home/kwatanabe/.jfs-baseline-hwDf9E/pkg/chunk/disk_cache.go:278 +0x430
  github.com/juicedata/juicefs/pkg/chunk.(*cacheStore).renameFile()
      /home/kwatanabe/.jfs-baseline-hwDf9E/pkg/chunk/disk_cache.go:318 +0x18b4
  github.com/juicedata/juicefs/pkg/chunk.(*cacheStore).flushPage()
      /home/kwatanabe/.jfs-baseline-hwDf9E/pkg/chunk/disk_cache.go:575 +0x18c2
  github.com/juicedata/juicefs/pkg/chunk.(*cacheStore).flush()
      /home/kwatanabe/.jfs-baseline-hwDf9E/pkg/chunk/disk_cache.go:741 +0x246
  github.com/juicedata/juicefs/pkg/chunk.newCacheStore.gowrap2()
      /home/kwatanabe/.jfs-baseline-hwDf9E/pkg/chunk/disk_cache.go:161 +0x33

Goroutine 468 (running) created at:
  testing.(*T).Run()
      /home/kwatanabe/.goenv/versions/1.25.11/src/testing/testing.go:1997 +0x9d2
  testing.runTests.func1()
      /home/kwatanabe/.goenv/versions/1.25.11/src/testing/testing.go:2477 +0x84
  testing.tRunner()
      /home/kwatanabe/.goenv/versions/1.25.11/src/testing/testing.go:1934 +0x21c
  testing.runTests()
      /home/kwatanabe/.goenv/versions/1.25.11/src/testing/testing.go:2475 +0x96c
  testing.(*M).Run()
      /home/kwatanabe/.goenv/versions/1.25.11/src/testing/testing.go:2337 +0xed4
  main.main()
      _testmain.go:131 +0x164

Goroutine 481 (running) created at:
  github.com/juicedata/juicefs/pkg/chunk.newCacheStore()
      /home/kwatanabe/.jfs-baseline-hwDf9E/pkg/chunk/disk_cache.go:161 +0x100a
  github.com/juicedata/juicefs/pkg/chunk.newCacheManager()
      /home/kwatanabe/.jfs-baseline-hwDf9E/pkg/chunk/disk_cache.go:1174 +0xa15
  github.com/juicedata/juicefs/pkg/chunk.testDiskCacheState()
      /home/kwatanabe/.jfs-baseline-hwDf9E/pkg/chunk/disk_cache_state_test.go:55 +0x33a
  github.com/juicedata/juicefs/pkg/chunk.TestDiskCacheState()
      /home/kwatanabe/.jfs-baseline-hwDf9E/pkg/chunk/disk_cache_state_test.go:109 +0x2b
  testing.tRunner()
      /home/kwatanabe/.goenv/versions/1.25.11/src/testing/testing.go:1934 +0x21c
  testing.(*T).Run.gowrap1()
      /home/kwatanabe/.goenv/versions/1.25.11/src/testing/testing.go:1997 +0x44
==================
==================
2026/10/02 18:43:53.680942 juicefs[630724] <INFO>: disk cache /home/kwatanabe/.jfs-chunk-test-VlIrvK/TestDiskCacheState1992529928/001/ state change from normal to unstable [event@disk_cache_state.go:283]
WARNING: DATA RACE
Read at 0x00c00099edba by goroutine 487:
  github.com/juicedata/juicefs/pkg/chunk.(*cacheStore).cache()
      /home/kwatanabe/.jfs-baseline-hwDf9E/pkg/chunk/disk_cache.go:448 +0x90
  github.com/juicedata/juicefs/pkg/chunk.(*unstableDC).doProbe()
      /home/kwatanabe/.jfs-baseline-hwDf9E/pkg/chunk/disk_cache_state.go:236 +0x84
  github.com/juicedata/juicefs/pkg/chunk.(*unstableDC).probe()
      /home/kwatanabe/.jfs-baseline-hwDf9E/pkg/chunk/disk_cache_state.go:226 +0x224
  github.com/juicedata/juicefs/pkg/chunk.(*unstableDC).tick.gowrap1()
      /home/kwatanabe/.jfs-baseline-hwDf9E/pkg/chunk/disk_cache_state.go:190 +0x33

Previous write at 0x00c00099edba by goroutine 482:
  github.com/juicedata/juicefs/pkg/chunk.(*cacheStore).checkFreeSpace()
      /home/kwatanabe/.jfs-baseline-hwDf9E/pkg/chunk/disk_cache.go:357 +0x1ba
  github.com/juicedata/juicefs/pkg/chunk.newCacheStore.gowrap3()
      /home/kwatanabe/.jfs-baseline-hwDf9E/pkg/chunk/disk_cache.go:162 +0x33

Goroutine 487 (running) created at:
  github.com/juicedata/juicefs/pkg/chunk.(*unstableDC).tick()
      /home/kwatanabe/.jfs-baseline-hwDf9E/pkg/chunk/disk_cache_state.go:190 +0x8a
  github.com/juicedata/juicefs/pkg/chunk.newDCState()
      /home/kwatanabe/.jfs-baseline-hwDf9E/pkg/chunk/disk_cache_state.go:102 +0x1e6
  github.com/juicedata/juicefs/pkg/chunk.(*cacheStore).event()
      /home/kwatanabe/.jfs-baseline-hwDf9E/pkg/chunk/disk_cache_state.go:271 +0x144
  github.com/juicedata/juicefs/pkg/chunk.(*normalDC).onIOErr()
      /home/kwatanabe/.jfs-baseline-hwDf9E/pkg/chunk/disk_cache_state.go:156 +0x6c
  github.com/juicedata/juicefs/pkg/chunk.testDiskCacheState()
      /home/kwatanabe/.jfs-baseline-hwDf9E/pkg/chunk/disk_cache_state_test.go:73 +0x62e
  github.com/juicedata/juicefs/pkg/chunk.TestDiskCacheState()
      /home/kwatanabe/.jfs-baseline-hwDf9E/pkg/chunk/disk_cache_state_test.go:109 +0x2b
  testing.tRunner()
      /home/kwatanabe/.goenv/versions/1.25.11/src/testing/testing.go:1934 +0x21c
  testing.(*T).Run.gowrap1()
      /home/kwatanabe/.goenv/versions/1.25.11/src/testing/testing.go:1997 +0x44

Goroutine 482 (running) created at:
  github.com/juicedata/juicefs/pkg/chunk.newCacheStore()
      /home/kwatanabe/.jfs-baseline-hwDf9E/pkg/chunk/disk_cache.go:162 +0x108a
  github.com/juicedata/juicefs/pkg/chunk.newCacheManager()
      /home/kwatanabe/.jfs-baseline-hwDf9E/pkg/chunk/disk_cache.go:1174 +0xa15
  github.com/juicedata/juicefs/pkg/chunk.testDiskCacheState()
      /home/kwatanabe/.jfs-baseline-hwDf9E/pkg/chunk/disk_cache_state_test.go:55 +0x33a
  github.com/juicedata/juicefs/pkg/chunk.TestDiskCacheState()
      /home/kwatanabe/.jfs-baseline-hwDf9E/pkg/chunk/disk_cache_state_test.go:109 +0x2b
  testing.tRunner()
      /home/kwatanabe/.goenv/versions/1.25.11/src/testing/testing.go:1934 +0x21c
  testing.(*T).Run.gowrap1()
      /home/kwatanabe/.goenv/versions/1.25.11/src/testing/testing.go:1997 +0x44
==================
==================
WARNING: DATA RACE
Write at 0x000007f4a158 by goroutine 468:
  github.com/juicedata/juicefs/pkg/chunk.testDiskCacheState()
      /home/kwatanabe/.jfs-baseline-hwDf9E/pkg/chunk/disk_cache_state_test.go:92 +0x8f5
  github.com/juicedata/juicefs/pkg/chunk.TestDiskCacheState()
      /home/kwatanabe/.jfs-baseline-hwDf9E/pkg/chunk/disk_cache_state_test.go:109 +0x2b
  testing.tRunner()
      /home/kwatanabe/.goenv/versions/1.25.11/src/testing/testing.go:1934 +0x21c
  testing.(*T).Run.gowrap1()
      /home/kwatanabe/.goenv/versions/1.25.11/src/testing/testing.go:1997 +0x44

Previous read at 0x000007f4a158 by goroutine 488:
  github.com/juicedata/juicefs/pkg/chunk.(*unstableDC).tick.func1()
      /home/kwatanabe/.jfs-baseline-hwDf9E/pkg/chunk/disk_cache_state.go:192 +0x3e

Goroutine 468 (running) created at:
  testing.(*T).Run()
      /home/kwatanabe/.goenv/versions/1.25.11/src/testing/testing.go:1997 +0x9d2
  testing.runTests.func1()
      /home/kwatanabe/.goenv/versions/1.25.11/src/testing/testing.go:2477 +0x84
  testing.tRunner()
      /home/kwatanabe/.goenv/versions/1.25.11/src/testing/testing.go:1934 +0x21c
  testing.runTests()
      /home/kwatanabe/.goenv/versions/1.25.11/src/testing/testing.go:2475 +0x96c
  testing.(*M).Run()
      /home/kwatanabe/.goenv/versions/1.25.11/src/testing/testing.go:2337 +0xed4
  main.main()
      _testmain.go:131 +0x164

Goroutine 488 (running) created at:
  github.com/juicedata/juicefs/pkg/chunk.(*unstableDC).tick()
      /home/kwatanabe/.jfs-baseline-hwDf9E/pkg/chunk/disk_cache_state.go:191 +0xf9
  github.com/juicedata/juicefs/pkg/chunk.newDCState()
      /home/kwatanabe/.jfs-baseline-hwDf9E/pkg/chunk/disk_cache_state.go:102 +0x1e6
  github.com/juicedata/juicefs/pkg/chunk.(*cacheStore).event()
      /home/kwatanabe/.jfs-baseline-hwDf9E/pkg/chunk/disk_cache_state.go:271 +0x144
  github.com/juicedata/juicefs/pkg/chunk.(*normalDC).onIOErr()
      /home/kwatanabe/.jfs-baseline-hwDf9E/pkg/chunk/disk_cache_state.go:156 +0x6c
  github.com/juicedata/juicefs/pkg/chunk.testDiskCacheState()
      /home/kwatanabe/.jfs-baseline-hwDf9E/pkg/chunk/disk_cache_state_test.go:73 +0x62e
  github.com/juicedata/juicefs/pkg/chunk.TestDiskCacheState()
      /home/kwatanabe/.jfs-baseline-hwDf9E/pkg/chunk/disk_cache_state_test.go:109 +0x2b
  testing.tRunner()
      /home/kwatanabe/.goenv/versions/1.25.11/src/testing/testing.go:1934 +0x21c
  testing.(*T).Run.gowrap1()
      /home/kwatanabe/.goenv/versions/1.25.11/src/testing/testing.go:1997 +0x44
==================
==================
WARNING: DATA RACE
Write at 0x00c00099ede8 by goroutine 468:
  github.com/juicedata/juicefs/pkg/chunk.setState()
      /home/kwatanabe/.jfs-baseline-hwDf9E/pkg/chunk/disk_cache_state_test.go:33 +0xea
  github.com/juicedata/juicefs/pkg/chunk.testDiskCacheState()
      /home/kwatanabe/.jfs-baseline-hwDf9E/pkg/chunk/disk_cache_state_test.go:94 +0x928
  github.com/juicedata/juicefs/pkg/chunk.TestDiskCacheState()
      /home/kwatanabe/.jfs-baseline-hwDf9E/pkg/chunk/disk_cache_state_test.go:109 +0x2b
  testing.tRunner()
      /home/kwatanabe/.goenv/versions/1.25.11/src/testing/testing.go:1934 +0x21c
  testing.(*T).Run.gowrap1()
      /home/kwatanabe/.goenv/versions/1.25.11/src/testing/testing.go:1997 +0x44

Previous read at 0x00c00099ede8 by goroutine 485:
  github.com/juicedata/juicefs/pkg/chunk.(*cacheStore).available()
      /home/kwatanabe/.jfs-baseline-hwDf9E/pkg/chunk/disk_cache.go:242 +0x6b
  github.com/juicedata/juicefs/pkg/chunk.(*cacheStore).checkTimeout()
      /home/kwatanabe/.jfs-baseline-hwDf9E/pkg/chunk/disk_cache.go:288 +0x1d
  github.com/juicedata/juicefs/pkg/chunk.newCacheStore.gowrap7()
      /home/kwatanabe/.jfs-baseline-hwDf9E/pkg/chunk/disk_cache.go:168 +0x33

Goroutine 468 (running) created at:
  testing.(*T).Run()
      /home/kwatanabe/.goenv/versions/1.25.11/src/testing/testing.go:1997 +0x9d2
  testing.runTests.func1()
      /home/kwatanabe/.goenv/versions/1.25.11/src/testing/testing.go:2477 +0x84
  testing.tRunner()
      /home/kwatanabe/.goenv/versions/1.25.11/src/testing/testing.go:1934 +0x21c
  testing.runTests()
      /home/kwatanabe/.goenv/versions/1.25.11/src/testing/testing.go:2475 +0x96c
  testing.(*M).Run()
      /home/kwatanabe/.goenv/versions/1.25.11/src/testing/testing.go:2337 +0xed4
  main.main()
      _testmain.go:131 +0x164

Goroutine 485 (running) created at:
  github.com/juicedata/juicefs/pkg/chunk.newCacheStore()
      /home/kwatanabe/.jfs-baseline-hwDf9E/pkg/chunk/disk_cache.go:168 +0x12aa
  github.com/juicedata/juicefs/pkg/chunk.newCacheManager()
      /home/kwatanabe/.jfs-baseline-hwDf9E/pkg/chunk/disk_cache.go:1174 +0xa15
  github.com/juicedata/juicefs/pkg/chunk.testDiskCacheState()
      /home/kwatanabe/.jfs-baseline-hwDf9E/pkg/chunk/disk_cache_state_test.go:55 +0x33a
  github.com/juicedata/juicefs/pkg/chunk.TestDiskCacheState()
      /home/kwatanabe/.jfs-baseline-hwDf9E/pkg/chunk/disk_cache_state_test.go:109 +0x2b
  testing.tRunner()
      /home/kwatanabe/.goenv/versions/1.25.11/src/testing/testing.go:1934 +0x21c
  testing.(*T).Run.gowrap1()
      /home/kwatanabe/.goenv/versions/1.25.11/src/testing/testing.go:1997 +0x44
==================
==================
WARNING: DATA RACE
Read at 0x00c00099edba by goroutine 468:
  github.com/juicedata/juicefs/pkg/chunk.(*cacheStore).cache()
      /home/kwatanabe/.jfs-baseline-hwDf9E/pkg/chunk/disk_cache.go:448 +0x90
  github.com/juicedata/juicefs/pkg/chunk.(*unstableDC).doProbe()
      /home/kwatanabe/.jfs-baseline-hwDf9E/pkg/chunk/disk_cache_state.go:236 +0x84
  github.com/juicedata/juicefs/pkg/chunk.testDiskCacheState()
      /home/kwatanabe/.jfs-baseline-hwDf9E/pkg/chunk/disk_cache_state_test.go:95 +0x975
  github.com/juicedata/juicefs/pkg/chunk.TestDiskCacheState()
      /home/kwatanabe/.jfs-baseline-hwDf9E/pkg/chunk/disk_cache_state_test.go:109 +0x2b
  testing.tRunner()
      /home/kwatanabe/.goenv/versions/1.25.11/src/testing/testing.go:1934 +0x21c
  testing.(*T).Run.gowrap1()
      /home/kwatanabe/.goenv/versions/1.25.11/src/testing/testing.go:1997 +0x44

Previous write at 0x00c00099edba by goroutine 482:
  github.com/juicedata/juicefs/pkg/chunk.(*cacheStore).checkFreeSpace()
      /home/kwatanabe/.jfs-baseline-hwDf9E/pkg/chunk/disk_cache.go:364 +0x4a4
  github.com/juicedata/juicefs/pkg/chunk.newCacheStore.gowrap3()
      /home/kwatanabe/.jfs-baseline-hwDf9E/pkg/chunk/disk_cache.go:162 +0x33

Goroutine 468 (running) created at:
  testing.(*T).Run()
      /home/kwatanabe/.goenv/versions/1.25.11/src/testing/testing.go:1997 +0x9d2
  testing.runTests.func1()
      /home/kwatanabe/.goenv/versions/1.25.11/src/testing/testing.go:2477 +0x84
  testing.tRunner()
      /home/kwatanabe/.goenv/versions/1.25.11/src/testing/testing.go:1934 +0x21c
  testing.runTests()
      /home/kwatanabe/.goenv/versions/1.25.11/src/testing/testing.go:2475 +0x96c
  testing.(*M).Run()
      /home/kwatanabe/.goenv/versions/1.25.11/src/testing/testing.go:2337 +0xed4
  main.main()
      _testmain.go:131 +0x164

Goroutine 482 (running) created at:
  github.com/juicedata/juicefs/pkg/chunk.newCacheStore()
      /home/kwatanabe/.jfs-baseline-hwDf9E/pkg/chunk/disk_cache.go:162 +0x108a
  github.com/juicedata/juicefs/pkg/chunk.newCacheManager()
      /home/kwatanabe/.jfs-baseline-hwDf9E/pkg/chunk/disk_cache.go:1174 +0xa15
  github.com/juicedata/juicefs/pkg/chunk.testDiskCacheState()
      /home/kwatanabe/.jfs-baseline-hwDf9E/pkg/chunk/disk_cache_state_test.go:55 +0x33a
  github.com/juicedata/juicefs/pkg/chunk.TestDiskCacheState()
      /home/kwatanabe/.jfs-baseline-hwDf9E/pkg/chunk/disk_cache_state_test.go:109 +0x2b
  testing.tRunner()
      /home/kwatanabe/.goenv/versions/1.25.11/src/testing/testing.go:1934 +0x21c
  testing.(*T).Run.gowrap1()
      /home/kwatanabe/.goenv/versions/1.25.11/src/testing/testing.go:1997 +0x44
==================
2026/10/02 18:43:55.682923 juicefs[630724] <WARNING>: Rename cache file /home/kwatanabe/.jfs-chunk-test-VlIrvK/TestDiskCacheState1992529928/001/raw/probe/03/0/3_0_3.tmp -> /home/kwatanabe/.jfs-chunk-test-VlIrvK/TestDiskCacheState1992529928/001/raw/probe/03/0/3_0_3 failed: rename /home/kwatanabe/.jfs-chunk-test-VlIrvK/TestDiskCacheState1992529928/001/raw/probe/03/0/3_0_3.tmp /home/kwatanabe/.jfs-chunk-test-VlIrvK/TestDiskCacheState1992529928/001/raw/probe/03/0/3_0_3: no such file or directory [flushPage@disk_cache.go:576]
==================
WARNING: DATA RACE
Write at 0x00c00099ede8 by goroutine 490:
  github.com/juicedata/juicefs/pkg/chunk.(*cacheStore).event()
      /home/kwatanabe/.jfs-baseline-hwDf9E/pkg/chunk/disk_cache_state.go:277 +0x2de
  github.com/juicedata/juicefs/pkg/chunk.(*unstableDC).tick.func1()
      /home/kwatanabe/.jfs-baseline-hwDf9E/pkg/chunk/disk_cache_state.go:202 +0x24c

Previous read at 0x00c00099ede8 by goroutine 481:
  github.com/juicedata/juicefs/pkg/chunk.(*cacheStore).checkErr()
      /home/kwatanabe/.jfs-baseline-hwDf9E/pkg/chunk/disk_cache.go:258 +0xc4
  github.com/juicedata/juicefs/pkg/chunk.(*cacheStore).removeFile()
      /home/kwatanabe/.jfs-baseline-hwDf9E/pkg/chunk/disk_cache.go:312 +0xcb
  github.com/juicedata/juicefs/pkg/chunk.(*cacheStore).flushPage.func3()
      /home/kwatanabe/.jfs-baseline-hwDf9E/pkg/chunk/disk_cache.go:536 +0x5a
  runtime.deferreturn()
      /home/kwatanabe/.goenv/versions/1.25.11/src/runtime/panic.go:589 +0x5d
  github.com/juicedata/juicefs/pkg/chunk.(*cacheStore).flush()
      /home/kwatanabe/.jfs-baseline-hwDf9E/pkg/chunk/disk_cache.go:741 +0x246
  github.com/juicedata/juicefs/pkg/chunk.newCacheStore.gowrap2()
      /home/kwatanabe/.jfs-baseline-hwDf9E/pkg/chunk/disk_cache.go:161 +0x33

Goroutine 490 (running) created at:
  github.com/juicedata/juicefs/pkg/chunk.(*unstableDC).tick()
      /home/kwatanabe/.jfs-baseline-hwDf9E/pkg/chunk/disk_cache_state.go:191 +0xf9
  github.com/juicedata/juicefs/pkg/chunk.newDCState()
      /home/kwatanabe/.jfs-baseline-hwDf9E/pkg/chunk/disk_cache_state.go:102 +0x1e6
  github.com/juicedata/juicefs/pkg/chunk.setState()
      /home/kwatanabe/.jfs-baseline-hwDf9E/pkg/chunk/disk_cache_state_test.go:33 +0xd6
  github.com/juicedata/juicefs/pkg/chunk.testDiskCacheState()
      /home/kwatanabe/.jfs-baseline-hwDf9E/pkg/chunk/disk_cache_state_test.go:94 +0x928
  github.com/juicedata/juicefs/pkg/chunk.TestDiskCacheState()
      /home/kwatanabe/.jfs-baseline-hwDf9E/pkg/chunk/disk_cache_state_test.go:109 +0x2b
  testing.tRunner()
      /home/kwatanabe/.goenv/versions/1.25.11/src/testing/testing.go:1934 +0x21c
  testing.(*T).Run.gowrap1()
      /home/kwatanabe/.goenv/versions/1.25.11/src/testing/testing.go:1997 +0x44

Goroutine 481 (running) created at:
  github.com/juicedata/juicefs/pkg/chunk.newCacheStore()
      /home/kwatanabe/.jfs-baseline-hwDf9E/pkg/chunk/disk_cache.go:161 +0x100a
  github.com/juicedata/juicefs/pkg/chunk.newCacheManager()
      /home/kwatanabe/.jfs-baseline-hwDf9E/pkg/chunk/disk_cache.go:1174 +0xa15
  github.com/juicedata/juicefs/pkg/chunk.testDiskCacheState()
      /home/kwatanabe/.jfs-baseline-hwDf9E/pkg/chunk/disk_cache_state_test.go:55 +0x33a
  github.com/juicedata/juicefs/pkg/chunk.TestDiskCacheState()
      /home/kwatanabe/.jfs-baseline-hwDf9E/pkg/chunk/disk_cache_state_test.go:109 +0x2b
  testing.tRunner()
      /home/kwatanabe/.goenv/versions/1.25.11/src/testing/testing.go:1934 +0x21c
  testing.(*T).Run.gowrap1()
      /home/kwatanabe/.goenv/versions/1.25.11/src/testing/testing.go:1997 +0x44
==================
2026/10/02 18:43:55.683168 juicefs[630724] <INFO>: disk cache /home/kwatanabe/.jfs-chunk-test-VlIrvK/TestDiskCacheState1992529928/001/ state change from unstable to normal [event@disk_cache_state.go:283]
==================
WARNING: DATA RACE
Write at 0x000007f4a158 by goroutine 468:
  github.com/juicedata/juicefs/pkg/chunk.testDiskCacheState()
      /home/kwatanabe/.jfs-baseline-hwDf9E/pkg/chunk/disk_cache_state_test.go:100 +0x9f0
  github.com/juicedata/juicefs/pkg/chunk.TestDiskCacheState()
      /home/kwatanabe/.jfs-baseline-hwDf9E/pkg/chunk/disk_cache_state_test.go:109 +0x2b
  testing.tRunner()
      /home/kwatanabe/.goenv/versions/1.25.11/src/testing/testing.go:1934 +0x21c
  testing.(*T).Run.gowrap1()
      /home/kwatanabe/.goenv/versions/1.25.11/src/testing/testing.go:1997 +0x44

Previous read at 0x000007f4a158 by goroutine 490:
  github.com/juicedata/juicefs/pkg/chunk.(*unstableDC).tick.func1()
      /home/kwatanabe/.jfs-baseline-hwDf9E/pkg/chunk/disk_cache_state.go:192 +0x3e

Goroutine 468 (running) created at:
  testing.(*T).Run()
      /home/kwatanabe/.goenv/versions/1.25.11/src/testing/testing.go:1997 +0x9d2
  testing.runTests.func1()
      /home/kwatanabe/.goenv/versions/1.25.11/src/testing/testing.go:2477 +0x84
  testing.tRunner()
      /home/kwatanabe/.goenv/versions/1.25.11/src/testing/testing.go:1934 +0x21c
  testing.runTests()
      /home/kwatanabe/.goenv/versions/1.25.11/src/testing/testing.go:2475 +0x96c
  testing.(*M).Run()
      /home/kwatanabe/.goenv/versions/1.25.11/src/testing/testing.go:2337 +0xed4
  main.main()
      _testmain.go:131 +0x164

Goroutine 490 (finished) created at:
  github.com/juicedata/juicefs/pkg/chunk.(*unstableDC).tick()
      /home/kwatanabe/.jfs-baseline-hwDf9E/pkg/chunk/disk_cache_state.go:191 +0xf9
  github.com/juicedata/juicefs/pkg/chunk.newDCState()
      /home/kwatanabe/.jfs-baseline-hwDf9E/pkg/chunk/disk_cache_state.go:102 +0x1e6
  github.com/juicedata/juicefs/pkg/chunk.setState()
      /home/kwatanabe/.jfs-baseline-hwDf9E/pkg/chunk/disk_cache_state_test.go:33 +0xd6
  github.com/juicedata/juicefs/pkg/chunk.testDiskCacheState()
      /home/kwatanabe/.jfs-baseline-hwDf9E/pkg/chunk/disk_cache_state_test.go:94 +0x928
  github.com/juicedata/juicefs/pkg/chunk.TestDiskCacheState()
      /home/kwatanabe/.jfs-baseline-hwDf9E/pkg/chunk/disk_cache_state_test.go:109 +0x2b
  testing.tRunner()
      /home/kwatanabe/.goenv/versions/1.25.11/src/testing/testing.go:1934 +0x21c
  testing.(*T).Run.gowrap1()
      /home/kwatanabe/.goenv/versions/1.25.11/src/testing/testing.go:1997 +0x44
==================
==================
WARNING: DATA RACE
Write at 0x000007f49ce8 by goroutine 468:
  github.com/juicedata/juicefs/pkg/chunk.testDiskCacheState()
      /home/kwatanabe/.jfs-baseline-hwDf9E/pkg/chunk/disk_cache_state_test.go:102 +0xa1e
  github.com/juicedata/juicefs/pkg/chunk.TestDiskCacheState()
      /home/kwatanabe/.jfs-baseline-hwDf9E/pkg/chunk/disk_cache_state_test.go:109 +0x2b
  testing.tRunner()
      /home/kwatanabe/.goenv/versions/1.25.11/src/testing/testing.go:1934 +0x21c
  testing.(*T).Run.gowrap1()
      /home/kwatanabe/.goenv/versions/1.25.11/src/testing/testing.go:1997 +0x44

Previous read at 0x000007f49ce8 by goroutine 490:
  github.com/juicedata/juicefs/pkg/chunk.(*unstableDC).tick.func1()
      /home/kwatanabe/.jfs-baseline-hwDf9E/pkg/chunk/disk_cache_state.go:201 +0x1d4

Goroutine 468 (running) created at:
  testing.(*T).Run()
      /home/kwatanabe/.goenv/versions/1.25.11/src/testing/testing.go:1997 +0x9d2
  testing.runTests.func1()
      /home/kwatanabe/.goenv/versions/1.25.11/src/testing/testing.go:2477 +0x84
  testing.tRunner()
      /home/kwatanabe/.goenv/versions/1.25.11/src/testing/testing.go:1934 +0x21c
  testing.runTests()
      /home/kwatanabe/.goenv/versions/1.25.11/src/testing/testing.go:2475 +0x96c
  testing.(*M).Run()
      /home/kwatanabe/.goenv/versions/1.25.11/src/testing/testing.go:2337 +0xed4
  main.main()
      _testmain.go:131 +0x164

Goroutine 490 (finished) created at:
  github.com/juicedata/juicefs/pkg/chunk.(*unstableDC).tick()
      /home/kwatanabe/.jfs-baseline-hwDf9E/pkg/chunk/disk_cache_state.go:191 +0xf9
  github.com/juicedata/juicefs/pkg/chunk.newDCState()
      /home/kwatanabe/.jfs-baseline-hwDf9E/pkg/chunk/disk_cache_state.go:102 +0x1e6
  github.com/juicedata/juicefs/pkg/chunk.setState()
      /home/kwatanabe/.jfs-baseline-hwDf9E/pkg/chunk/disk_cache_state_test.go:33 +0xd6
  github.com/juicedata/juicefs/pkg/chunk.testDiskCacheState()
      /home/kwatanabe/.jfs-baseline-hwDf9E/pkg/chunk/disk_cache_state_test.go:94 +0x928
  github.com/juicedata/juicefs/pkg/chunk.TestDiskCacheState()
      /home/kwatanabe/.jfs-baseline-hwDf9E/pkg/chunk/disk_cache_state_test.go:109 +0x2b
  testing.tRunner()
      /home/kwatanabe/.goenv/versions/1.25.11/src/testing/testing.go:1934 +0x21c
  testing.(*T).Run.gowrap1()
      /home/kwatanabe/.goenv/versions/1.25.11/src/testing/testing.go:1997 +0x44
==================
==================
WARNING: DATA RACE
Write at 0x00c00099ede8 by goroutine 468:
  github.com/juicedata/juicefs/pkg/chunk.setState()
      /home/kwatanabe/.jfs-baseline-hwDf9E/pkg/chunk/disk_cache_state_test.go:33 +0xea
  github.com/juicedata/juicefs/pkg/chunk.testDiskCacheState()
      /home/kwatanabe/.jfs-baseline-hwDf9E/pkg/chunk/disk_cache_state_test.go:103 +0xa3a
  github.com/juicedata/juicefs/pkg/chunk.TestDiskCacheState()
      /home/kwatanabe/.jfs-baseline-hwDf9E/pkg/chunk/disk_cache_state_test.go:109 +0x2b
  testing.tRunner()
      /home/kwatanabe/.goenv/versions/1.25.11/src/testing/testing.go:1934 +0x21c
  testing.(*T).Run.gowrap1()
      /home/kwatanabe/.goenv/versions/1.25.11/src/testing/testing.go:1997 +0x44

Previous read at 0x00c00099ede8 by goroutine 485:
  github.com/juicedata/juicefs/pkg/chunk.(*cacheStore).available()
      /home/kwatanabe/.jfs-baseline-hwDf9E/pkg/chunk/disk_cache.go:242 +0x6b
  github.com/juicedata/juicefs/pkg/chunk.(*cacheStore).checkTimeout()
      /home/kwatanabe/.jfs-baseline-hwDf9E/pkg/chunk/disk_cache.go:288 +0x1d
  github.com/juicedata/juicefs/pkg/chunk.newCacheStore.gowrap7()
      /home/kwatanabe/.jfs-baseline-hwDf9E/pkg/chunk/disk_cache.go:168 +0x33

Goroutine 468 (running) created at:
  testing.(*T).Run()
      /home/kwatanabe/.goenv/versions/1.25.11/src/testing/testing.go:1997 +0x9d2
  testing.runTests.func1()
      /home/kwatanabe/.goenv/versions/1.25.11/src/testing/testing.go:2477 +0x84
  testing.tRunner()
      /home/kwatanabe/.goenv/versions/1.25.11/src/testing/testing.go:1934 +0x21c
  testing.runTests()
      /home/kwatanabe/.goenv/versions/1.25.11/src/testing/testing.go:2475 +0x96c
  testing.(*M).Run()
      /home/kwatanabe/.goenv/versions/1.25.11/src/testing/testing.go:2337 +0xed4
  main.main()
      _testmain.go:131 +0x164

Goroutine 485 (running) created at:
  github.com/juicedata/juicefs/pkg/chunk.newCacheStore()
      /home/kwatanabe/.jfs-baseline-hwDf9E/pkg/chunk/disk_cache.go:168 +0x12aa
  github.com/juicedata/juicefs/pkg/chunk.newCacheManager()
      /home/kwatanabe/.jfs-baseline-hwDf9E/pkg/chunk/disk_cache.go:1174 +0xa15
  github.com/juicedata/juicefs/pkg/chunk.testDiskCacheState()
      /home/kwatanabe/.jfs-baseline-hwDf9E/pkg/chunk/disk_cache_state_test.go:55 +0x33a
  github.com/juicedata/juicefs/pkg/chunk.TestDiskCacheState()
      /home/kwatanabe/.jfs-baseline-hwDf9E/pkg/chunk/disk_cache_state_test.go:109 +0x2b
  testing.tRunner()
      /home/kwatanabe/.goenv/versions/1.25.11/src/testing/testing.go:1934 +0x21c
  testing.(*T).Run.gowrap1()
      /home/kwatanabe/.goenv/versions/1.25.11/src/testing/testing.go:1997 +0x44
==================
==================
WARNING: DATA RACE
Write at 0x00c00099ede8 by goroutine 493:
  github.com/juicedata/juicefs/pkg/chunk.(*cacheStore).event()
      /home/kwatanabe/.jfs-baseline-hwDf9E/pkg/chunk/disk_cache_state.go:280 +0x22d
  github.com/juicedata/juicefs/pkg/chunk.(*unstableDC).tick.func1()
      /home/kwatanabe/.jfs-baseline-hwDf9E/pkg/chunk/disk_cache_state.go:204 +0x2ca

Previous read at 0x00c00099ede8 by goroutine 486:
  github.com/juicedata/juicefs/pkg/chunk.(*cacheStore).available()
      /home/kwatanabe/.jfs-baseline-hwDf9E/pkg/chunk/disk_cache.go:242 +0x19b
  github.com/juicedata/juicefs/pkg/chunk.(*cacheManager).cleanup()
      /home/kwatanabe/.jfs-baseline-hwDf9E/pkg/chunk/disk_cache.go:1192 +0x180
  github.com/juicedata/juicefs/pkg/chunk.newCacheManager.gowrap1()
      /home/kwatanabe/.jfs-baseline-hwDf9E/pkg/chunk/disk_cache.go:1179 +0x33

Goroutine 493 (running) created at:
  github.com/juicedata/juicefs/pkg/chunk.(*unstableDC).tick()
      /home/kwatanabe/.jfs-baseline-hwDf9E/pkg/chunk/disk_cache_state.go:191 +0xf9
  github.com/juicedata/juicefs/pkg/chunk.newDCState()
      /home/kwatanabe/.jfs-baseline-hwDf9E/pkg/chunk/disk_cache_state.go:102 +0x1e6
  github.com/juicedata/juicefs/pkg/chunk.setState()
      /home/kwatanabe/.jfs-baseline-hwDf9E/pkg/chunk/disk_cache_state_test.go:33 +0xd6
  github.com/juicedata/juicefs/pkg/chunk.testDiskCacheState()
      /home/kwatanabe/.jfs-baseline-hwDf9E/pkg/chunk/disk_cache_state_test.go:103 +0xa3a
  github.com/juicedata/juicefs/pkg/chunk.TestDiskCacheState()
      /home/kwatanabe/.jfs-baseline-hwDf9E/pkg/chunk/disk_cache_state_test.go:109 +0x2b
  testing.tRunner()
      /home/kwatanabe/.goenv/versions/1.25.11/src/testing/testing.go:1934 +0x21c
  testing.(*T).Run.gowrap1()
      /home/kwatanabe/.goenv/versions/1.25.11/src/testing/testing.go:1997 +0x44

Goroutine 486 (running) created at:
  github.com/juicedata/juicefs/pkg/chunk.newCacheManager()
      /home/kwatanabe/.jfs-baseline-hwDf9E/pkg/chunk/disk_cache.go:1179 +0xc5c
  github.com/juicedata/juicefs/pkg/chunk.testDiskCacheState()
      /home/kwatanabe/.jfs-baseline-hwDf9E/pkg/chunk/disk_cache_state_test.go:55 +0x33a
  github.com/juicedata/juicefs/pkg/chunk.TestDiskCacheState()
      /home/kwatanabe/.jfs-baseline-hwDf9E/pkg/chunk/disk_cache_state_test.go:109 +0x2b
  testing.tRunner()
      /home/kwatanabe/.goenv/versions/1.25.11/src/testing/testing.go:1934 +0x21c
  testing.(*T).Run.gowrap1()
      /home/kwatanabe/.goenv/versions/1.25.11/src/testing/testing.go:1997 +0x44
==================
2026/10/02 18:43:57.682825 juicefs[630724] <INFO>: disk cache /home/kwatanabe/.jfs-chunk-test-VlIrvK/TestDiskCacheState1992529928/001/ state change from unstable to down [event@disk_cache_state.go:283]
==================
WARNING: DATA RACE
Write at 0x000007f4a158 by goroutine 468:
  github.com/juicedata/juicefs/pkg/chunk.testDiskCacheState.func1()
      /home/kwatanabe/.jfs-baseline-hwDf9E/pkg/chunk/disk_cache_state_test.go:39 +0x3c
  runtime.deferreturn()
      /home/kwatanabe/.goenv/versions/1.25.11/src/runtime/panic.go:589 +0x5d
  github.com/juicedata/juicefs/pkg/chunk.TestDiskCacheState()
      /home/kwatanabe/.jfs-baseline-hwDf9E/pkg/chunk/disk_cache_state_test.go:109 +0x2b
  testing.tRunner()
      /home/kwatanabe/.goenv/versions/1.25.11/src/testing/testing.go:1934 +0x21c
  testing.(*T).Run.gowrap1()
      /home/kwatanabe/.goenv/versions/1.25.11/src/testing/testing.go:1997 +0x44

Previous read at 0x000007f4a158 by goroutine 493:
  github.com/juicedata/juicefs/pkg/chunk.(*unstableDC).tick.func1()
      /home/kwatanabe/.jfs-baseline-hwDf9E/pkg/chunk/disk_cache_state.go:192 +0x3e

Goroutine 468 (running) created at:
  testing.(*T).Run()
      /home/kwatanabe/.goenv/versions/1.25.11/src/testing/testing.go:1997 +0x9d2
  testing.runTests.func1()
      /home/kwatanabe/.goenv/versions/1.25.11/src/testing/testing.go:2477 +0x84
  testing.tRunner()
      /home/kwatanabe/.goenv/versions/1.25.11/src/testing/testing.go:1934 +0x21c
  testing.runTests()
      /home/kwatanabe/.goenv/versions/1.25.11/src/testing/testing.go:2475 +0x96c
  testing.(*M).Run()
      /home/kwatanabe/.goenv/versions/1.25.11/src/testing/testing.go:2337 +0xed4
  main.main()
      _testmain.go:131 +0x164

Goroutine 493 (finished) created at:
  github.com/juicedata/juicefs/pkg/chunk.(*unstableDC).tick()
      /home/kwatanabe/.jfs-baseline-hwDf9E/pkg/chunk/disk_cache_state.go:191 +0xf9
  github.com/juicedata/juicefs/pkg/chunk.newDCState()
      /home/kwatanabe/.jfs-baseline-hwDf9E/pkg/chunk/disk_cache_state.go:102 +0x1e6
  github.com/juicedata/juicefs/pkg/chunk.setState()
      /home/kwatanabe/.jfs-baseline-hwDf9E/pkg/chunk/disk_cache_state_test.go:33 +0xd6
  github.com/juicedata/juicefs/pkg/chunk.testDiskCacheState()
      /home/kwatanabe/.jfs-baseline-hwDf9E/pkg/chunk/disk_cache_state_test.go:103 +0xa3a
  github.com/juicedata/juicefs/pkg/chunk.TestDiskCacheState()
      /home/kwatanabe/.jfs-baseline-hwDf9E/pkg/chunk/disk_cache_state_test.go:109 +0x2b
  testing.tRunner()
      /home/kwatanabe/.goenv/versions/1.25.11/src/testing/testing.go:1934 +0x21c
  testing.(*T).Run.gowrap1()
      /home/kwatanabe/.goenv/versions/1.25.11/src/testing/testing.go:1997 +0x44
==================
==================
WARNING: DATA RACE
Write at 0x000007f49ce8 by goroutine 468:
  github.com/juicedata/juicefs/pkg/chunk.testDiskCacheState.func1()
      /home/kwatanabe/.jfs-baseline-hwDf9E/pkg/chunk/disk_cache_state_test.go:39 +0x54
  runtime.deferreturn()
      /home/kwatanabe/.goenv/versions/1.25.11/src/runtime/panic.go:589 +0x5d
  github.com/juicedata/juicefs/pkg/chunk.TestDiskCacheState()
      /home/kwatanabe/.jfs-baseline-hwDf9E/pkg/chunk/disk_cache_state_test.go:109 +0x2b
  testing.tRunner()
      /home/kwatanabe/.goenv/versions/1.25.11/src/testing/testing.go:1934 +0x21c
  testing.(*T).Run.gowrap1()
      /home/kwatanabe/.goenv/versions/1.25.11/src/testing/testing.go:1997 +0x44

Previous read at 0x000007f49ce8 by goroutine 493:
  github.com/juicedata/juicefs/pkg/chunk.(*unstableDC).tick.func1()
      /home/kwatanabe/.jfs-baseline-hwDf9E/pkg/chunk/disk_cache_state.go:201 +0x1d4

Goroutine 468 (running) created at:
  testing.(*T).Run()
      /home/kwatanabe/.goenv/versions/1.25.11/src/testing/testing.go:1997 +0x9d2
  testing.runTests.func1()
      /home/kwatanabe/.goenv/versions/1.25.11/src/testing/testing.go:2477 +0x84
  testing.tRunner()
      /home/kwatanabe/.goenv/versions/1.25.11/src/testing/testing.go:1934 +0x21c
  testing.runTests()
      /home/kwatanabe/.goenv/versions/1.25.11/src/testing/testing.go:2475 +0x96c
  testing.(*M).Run()
      /home/kwatanabe/.goenv/versions/1.25.11/src/testing/testing.go:2337 +0xed4
  main.main()
      _testmain.go:131 +0x164

Goroutine 493 (finished) created at:
  github.com/juicedata/juicefs/pkg/chunk.(*unstableDC).tick()
      /home/kwatanabe/.jfs-baseline-hwDf9E/pkg/chunk/disk_cache_state.go:191 +0xf9
  github.com/juicedata/juicefs/pkg/chunk.newDCState()
      /home/kwatanabe/.jfs-baseline-hwDf9E/pkg/chunk/disk_cache_state.go:102 +0x1e6
  github.com/juicedata/juicefs/pkg/chunk.setState()
      /home/kwatanabe/.jfs-baseline-hwDf9E/pkg/chunk/disk_cache_state_test.go:33 +0xd6
  github.com/juicedata/juicefs/pkg/chunk.testDiskCacheState()
      /home/kwatanabe/.jfs-baseline-hwDf9E/pkg/chunk/disk_cache_state_test.go:103 +0xa3a
  github.com/juicedata/juicefs/pkg/chunk.TestDiskCacheState()
      /home/kwatanabe/.jfs-baseline-hwDf9E/pkg/chunk/disk_cache_state_test.go:109 +0x2b
  testing.tRunner()
      /home/kwatanabe/.goenv/versions/1.25.11/src/testing/testing.go:1934 +0x21c
  testing.(*T).Run.gowrap1()
      /home/kwatanabe/.goenv/versions/1.25.11/src/testing/testing.go:1997 +0x44
==================
==================
WARNING: DATA RACE
Write at 0x000007f4a140 by goroutine 468:
  github.com/juicedata/juicefs/pkg/chunk.testDiskCacheState.func1()
      /home/kwatanabe/.jfs-baseline-hwDf9E/pkg/chunk/disk_cache_state_test.go:39 +0x6a
  runtime.deferreturn()
      /home/kwatanabe/.goenv/versions/1.25.11/src/runtime/panic.go:589 +0x5d
  github.com/juicedata/juicefs/pkg/chunk.TestDiskCacheState()
      /home/kwatanabe/.jfs-baseline-hwDf9E/pkg/chunk/disk_cache_state_test.go:109 +0x2b
  testing.tRunner()
      /home/kwatanabe/.goenv/versions/1.25.11/src/testing/testing.go:1934 +0x21c
  testing.(*T).Run.gowrap1()
      /home/kwatanabe/.goenv/versions/1.25.11/src/testing/testing.go:1997 +0x44

Previous read at 0x000007f4a140 by goroutine 493:
  github.com/juicedata/juicefs/pkg/chunk.(*unstableDC).tick.func1()
      /home/kwatanabe/.jfs-baseline-hwDf9E/pkg/chunk/disk_cache_state.go:203 +0x295

Goroutine 468 (running) created at:
  testing.(*T).Run()
      /home/kwatanabe/.goenv/versions/1.25.11/src/testing/testing.go:1997 +0x9d2
  testing.runTests.func1()
      /home/kwatanabe/.goenv/versions/1.25.11/src/testing/testing.go:2477 +0x84
  testing.tRunner()
      /home/kwatanabe/.goenv/versions/1.25.11/src/testing/testing.go:1934 +0x21c
  testing.runTests()
      /home/kwatanabe/.goenv/versions/1.25.11/src/testing/testing.go:2475 +0x96c
  testing.(*M).Run()
      /home/kwatanabe/.goenv/versions/1.25.11/src/testing/testing.go:2337 +0xed4
  main.main()
      _testmain.go:131 +0x164

Goroutine 493 (finished) created at:
  github.com/juicedata/juicefs/pkg/chunk.(*unstableDC).tick()
      /home/kwatanabe/.jfs-baseline-hwDf9E/pkg/chunk/disk_cache_state.go:191 +0xf9
  github.com/juicedata/juicefs/pkg/chunk.newDCState()
      /home/kwatanabe/.jfs-baseline-hwDf9E/pkg/chunk/disk_cache_state.go:102 +0x1e6
  github.com/juicedata/juicefs/pkg/chunk.setState()
      /home/kwatanabe/.jfs-baseline-hwDf9E/pkg/chunk/disk_cache_state_test.go:33 +0xd6
  github.com/juicedata/juicefs/pkg/chunk.testDiskCacheState()
      /home/kwatanabe/.jfs-baseline-hwDf9E/pkg/chunk/disk_cache_state_test.go:103 +0xa3a
  github.com/juicedata/juicefs/pkg/chunk.TestDiskCacheState()
      /home/kwatanabe/.jfs-baseline-hwDf9E/pkg/chunk/disk_cache_state_test.go:109 +0x2b
  testing.tRunner()
      /home/kwatanabe/.goenv/versions/1.25.11/src/testing/testing.go:1934 +0x21c
  testing.(*T).Run.gowrap1()
      /home/kwatanabe/.goenv/versions/1.25.11/src/testing/testing.go:1997 +0x44
==================
2026/10/02 18:43:58.682665 juicefs[630724] <ERROR>: cache dir `/home/kwatanabe/.jfs-chunk-test-VlIrvK/TestDiskCacheState1992529928/001/`(034426c0-0ff0-4e98-987f-54f63a865c63) is unavailable, removed [removeStore@disk_cache.go:1228]
2026/10/02 18:43:58.682747 juicefs[630724] <INFO>: stop checkFreeSpace at /home/kwatanabe/.jfs-chunk-test-VlIrvK/TestDiskCacheState1992529928/001/ [checkFreeSpace@disk_cache.go:371]
2026/10/02 18:43:58.683910 juicefs[630724] <WARNING>: unknown cache eviction policy: "", fallback to 2-random [newCacheStore@disk_cache.go:119]
2026/10/02 18:43:58.684071 juicefs[630724] <INFO>: Disk cache (/home/kwatanabe/.jfs-chunk-test-VlIrvK/TestDiskCacheState1992529928/002/): used ratio - [space 19.4%, inode 4.4%] [newCacheStore@disk_cache.go:154]
2026/10/02 18:43:58.684125 juicefs[630724] <INFO>: Adjusted max items based on freeratio: from 0 to 60397976 items [setLimitByFreeRatio@disk_cache.go:191]
2026/10/02 18:43:58.684403 juicefs[630724] <INFO>: Disk cache (/home/kwatanabe/.jfs-chunk-test-VlIrvK/TestDiskCacheState1992529928/003/): used ratio - [space 19.4%, inode 4.4%] [newCacheStore@disk_cache.go:154]
2026/10/02 18:43:58.684467 juicefs[630724] <INFO>: Adjusted max items based on freeratio: from 0 to 60397976 items [setLimitByFreeRatio@disk_cache.go:191]
2026/10/02 18:43:58.684670 juicefs[630724] <INFO>: Disk cache (/home/kwatanabe/.jfs-chunk-test-VlIrvK/TestDiskCacheState1992529928/004/): used ratio - [space 19.4%, inode 4.4%] [newCacheStore@disk_cache.go:154]
2026/10/02 18:43:58.684836 juicefs[630724] <INFO>: Adjusted max items based on freeratio: from 0 to 60397976 items [setLimitByFreeRatio@disk_cache.go:191]
2026/10/02 18:43:58.685152 juicefs[630724] <INFO>: Disk cache (/home/kwatanabe/.jfs-chunk-test-VlIrvK/TestDiskCacheState1992529928/005/): used ratio - [space 19.4%, inode 4.4%] [newCacheStore@disk_cache.go:154]
2026/10/02 18:43:58.685216 juicefs[630724] <INFO>: Adjusted max items based on freeratio: from 0 to 60397976 items [setLimitByFreeRatio@disk_cache.go:191]
2026/10/02 18:43:58.685396 juicefs[630724] <INFO>: Disk cache (/home/kwatanabe/.jfs-chunk-test-VlIrvK/TestDiskCacheState1992529928/006/): used ratio - [space 19.4%, inode 4.4%] [newCacheStore@disk_cache.go:154]
2026/10/02 18:43:58.685443 juicefs[630724] <INFO>: Adjusted max items based on freeratio: from 0 to 60397976 items [setLimitByFreeRatio@disk_cache.go:191]
2026/10/02 18:43:58.685603 juicefs[630724] <INFO>: Disk cache (/home/kwatanabe/.jfs-chunk-test-VlIrvK/TestDiskCacheState1992529928/007/): used ratio - [space 19.4%, inode 4.4%] [newCacheStore@disk_cache.go:154]
2026/10/02 18:43:58.685654 juicefs[630724] <INFO>: Adjusted max items based on freeratio: from 0 to 60397976 items [setLimitByFreeRatio@disk_cache.go:191]
2026/10/02 18:43:58.685835 juicefs[630724] <INFO>: Disk cache (/home/kwatanabe/.jfs-chunk-test-VlIrvK/TestDiskCacheState1992529928/008/): used ratio - [space 19.4%, inode 4.4%] [newCacheStore@disk_cache.go:154]
2026/10/02 18:43:58.685957 juicefs[630724] <INFO>: Adjusted max items based on freeratio: from 0 to 60397976 items [setLimitByFreeRatio@disk_cache.go:191]
2026/10/02 18:43:58.686122 juicefs[630724] <INFO>: Disk cache (/home/kwatanabe/.jfs-chunk-test-VlIrvK/TestDiskCacheState1992529928/009/): used ratio - [space 19.4%, inode 4.4%] [newCacheStore@disk_cache.go:154]
2026/10/02 18:43:58.686180 juicefs[630724] <INFO>: Adjusted max items based on freeratio: from 0 to 60397976 items [setLimitByFreeRatio@disk_cache.go:191]
2026/10/02 18:43:58.686309 juicefs[630724] <INFO>: Disk cache (/home/kwatanabe/.jfs-chunk-test-VlIrvK/TestDiskCacheState1992529928/010/): used ratio - [space 19.4%, inode 4.4%] [newCacheStore@disk_cache.go:154]
2026/10/02 18:43:58.686334 juicefs[630724] <INFO>: Adjusted max items based on freeratio: from 0 to 60397976 items [setLimitByFreeRatio@disk_cache.go:191]
2026/10/02 18:43:58.686444 juicefs[630724] <INFO>: Disk cache (/home/kwatanabe/.jfs-chunk-test-VlIrvK/TestDiskCacheState1992529928/011/): used ratio - [space 19.4%, inode 4.4%] [newCacheStore@disk_cache.go:154]
2026/10/02 18:43:58.686465 juicefs[630724] <INFO>: Adjusted max items based on freeratio: from 0 to 60397976 items [setLimitByFreeRatio@disk_cache.go:191]
==================
WARNING: DATA RACE
Read at 0x00c00062571a by goroutine 468:
  github.com/juicedata/juicefs/pkg/chunk.(*cacheStore).cache()
      /home/kwatanabe/.jfs-baseline-hwDf9E/pkg/chunk/disk_cache.go:448 +0x90
  github.com/juicedata/juicefs/pkg/chunk.(*cacheManager).cache()
      /home/kwatanabe/.jfs-baseline-hwDf9E/pkg/chunk/disk_cache.go:1282 +0x6d
  github.com/juicedata/juicefs/pkg/chunk.testDiskCacheState()
      /home/kwatanabe/.jfs-baseline-hwDf9E/pkg/chunk/disk_cache_state_test.go:67 +0x5cd
  github.com/juicedata/juicefs/pkg/chunk.TestDiskCacheState()
      /home/kwatanabe/.jfs-baseline-hwDf9E/pkg/chunk/disk_cache_state_test.go:110 +0x3a
  testing.tRunner()
      /home/kwatanabe/.goenv/versions/1.25.11/src/testing/testing.go:1934 +0x21c
  testing.(*T).Run.gowrap1()
      /home/kwatanabe/.goenv/versions/1.25.11/src/testing/testing.go:1997 +0x44

Previous write at 0x00c00062571a by goroutine 518:
  github.com/juicedata/juicefs/pkg/chunk.(*cacheStore).checkFreeSpace()
      /home/kwatanabe/.jfs-baseline-hwDf9E/pkg/chunk/disk_cache.go:357 +0x1ba
  github.com/juicedata/juicefs/pkg/chunk.newCacheStore.gowrap3()
      /home/kwatanabe/.jfs-baseline-hwDf9E/pkg/chunk/disk_cache.go:162 +0x33

Goroutine 468 (running) created at:
  testing.(*T).Run()
      /home/kwatanabe/.goenv/versions/1.25.11/src/testing/testing.go:1997 +0x9d2
  testing.runTests.func1()
      /home/kwatanabe/.goenv/versions/1.25.11/src/testing/testing.go:2477 +0x84
  testing.tRunner()
      /home/kwatanabe/.goenv/versions/1.25.11/src/testing/testing.go:1934 +0x21c
  testing.runTests()
      /home/kwatanabe/.goenv/versions/1.25.11/src/testing/testing.go:2475 +0x96c
  testing.(*M).Run()
      /home/kwatanabe/.goenv/versions/1.25.11/src/testing/testing.go:2337 +0xed4
  main.main()
      _testmain.go:131 +0x164

Goroutine 518 (running) created at:
  github.com/juicedata/juicefs/pkg/chunk.newCacheStore()
      /home/kwatanabe/.jfs-baseline-hwDf9E/pkg/chunk/disk_cache.go:162 +0x108a
  github.com/juicedata/juicefs/pkg/chunk.newCacheManager()
      /home/kwatanabe/.jfs-baseline-hwDf9E/pkg/chunk/disk_cache.go:1174 +0xa15
  github.com/juicedata/juicefs/pkg/chunk.testDiskCacheState()
      /home/kwatanabe/.jfs-baseline-hwDf9E/pkg/chunk/disk_cache_state_test.go:55 +0x33a
  github.com/juicedata/juicefs/pkg/chunk.TestDiskCacheState()
      /home/kwatanabe/.jfs-baseline-hwDf9E/pkg/chunk/disk_cache_state_test.go:110 +0x3a
  testing.tRunner()
      /home/kwatanabe/.goenv/versions/1.25.11/src/testing/testing.go:1934 +0x21c
  testing.(*T).Run.gowrap1()
      /home/kwatanabe/.goenv/versions/1.25.11/src/testing/testing.go:1997 +0x44
==================
==================
WARNING: DATA RACE
Write at 0x00c000625748 by goroutine 468:
  github.com/juicedata/juicefs/pkg/chunk.(*cacheStore).event()
      /home/kwatanabe/.jfs-baseline-hwDf9E/pkg/chunk/disk_cache_state.go:271 +0x15e
  github.com/juicedata/juicefs/pkg/chunk.(*normalDC).onIOErr()
      /home/kwatanabe/.jfs-baseline-hwDf9E/pkg/chunk/disk_cache_state.go:156 +0x6c
  github.com/juicedata/juicefs/pkg/chunk.testDiskCacheState()
      /home/kwatanabe/.jfs-baseline-hwDf9E/pkg/chunk/disk_cache_state_test.go:73 +0x62e
  github.com/juicedata/juicefs/pkg/chunk.TestDiskCacheState()
      /home/kwatanabe/.jfs-baseline-hwDf9E/pkg/chunk/disk_cache_state_test.go:110 +0x3a
  testing.tRunner()
      /home/kwatanabe/.goenv/versions/1.25.11/src/testing/testing.go:1934 +0x21c
  testing.(*T).Run.gowrap1()
      /home/kwatanabe/.goenv/versions/1.25.11/src/testing/testing.go:1997 +0x44

Previous read at 0x00c000625748 by goroutine 517:
  github.com/juicedata/juicefs/pkg/chunk.(*cacheStore).checkErr()
      /home/kwatanabe/.jfs-baseline-hwDf9E/pkg/chunk/disk_cache.go:278 +0x430
  github.com/juicedata/juicefs/pkg/chunk.(*cacheStore).renameFile()
      /home/kwatanabe/.jfs-baseline-hwDf9E/pkg/chunk/disk_cache.go:318 +0x18b4
  github.com/juicedata/juicefs/pkg/chunk.(*cacheStore).flushPage()
      /home/kwatanabe/.jfs-baseline-hwDf9E/pkg/chunk/disk_cache.go:575 +0x18c2
  github.com/juicedata/juicefs/pkg/chunk.(*cacheStore).flush()
      /home/kwatanabe/.jfs-baseline-hwDf9E/pkg/chunk/disk_cache.go:741 +0x246
  github.com/juicedata/juicefs/pkg/chunk.newCacheStore.gowrap2()
      /home/kwatanabe/.jfs-baseline-hwDf9E/pkg/chunk/disk_cache.go:161 +0x33

Goroutine 468 (running) created at:
  testing.(*T).Run()
      /home/kwatanabe/.goenv/versions/1.25.11/src/testing/testing.go:1997 +0x9d2
  testing.runTests.func1()
      /home/kwatanabe/.goenv/versions/1.25.11/src/testing/testing.go:2477 +0x84
  testing.tRunner()
      /home/kwatanabe/.goenv/versions/1.25.11/src/testing/testing.go:1934 +0x21c
  testing.runTests()
      /home/kwatanabe/.goenv/versions/1.25.11/src/testing/testing.go:2475 +0x96c
  testing.(*M).Run()
      /home/kwatanabe/.goenv/versions/1.25.11/src/testing/testing.go:2337 +0xed4
  main.main()
      _testmain.go:131 +0x164

Goroutine 517 (running) created at:
  github.com/juicedata/juicefs/pkg/chunk.newCacheStore()
      /home/kwatanabe/.jfs-baseline-hwDf9E/pkg/chunk/disk_cache.go:161 +0x100a
  github.com/juicedata/juicefs/pkg/chunk.newCacheManager()
      /home/kwatanabe/.jfs-baseline-hwDf9E/pkg/chunk/disk_cache.go:1174 +0xa15
  github.com/juicedata/juicefs/pkg/chunk.testDiskCacheState()
      /home/kwatanabe/.jfs-baseline-hwDf9E/pkg/chunk/disk_cache_state_test.go:55 +0x33a
  github.com/juicedata/juicefs/pkg/chunk.TestDiskCacheState()
      /home/kwatanabe/.jfs-baseline-hwDf9E/pkg/chunk/disk_cache_state_test.go:110 +0x3a
  testing.tRunner()
      /home/kwatanabe/.goenv/versions/1.25.11/src/testing/testing.go:1934 +0x21c
  testing.(*T).Run.gowrap1()
      /home/kwatanabe/.goenv/versions/1.25.11/src/testing/testing.go:1997 +0x44
==================
2026/10/02 18:43:59.690987 juicefs[630724] <INFO>: disk cache /home/kwatanabe/.jfs-chunk-test-VlIrvK/TestDiskCacheState1992529928/005/ state change from normal to unstable [event@disk_cache_state.go:283]
==================
WARNING: DATA RACE
Write at 0x000007f4a158 by goroutine 468:
  github.com/juicedata/juicefs/pkg/chunk.testDiskCacheState()
      /home/kwatanabe/.jfs-baseline-hwDf9E/pkg/chunk/disk_cache_state_test.go:92 +0x8f5
  github.com/juicedata/juicefs/pkg/chunk.TestDiskCacheState()
      /home/kwatanabe/.jfs-baseline-hwDf9E/pkg/chunk/disk_cache_state_test.go:110 +0x3a
  testing.tRunner()
      /home/kwatanabe/.goenv/versions/1.25.11/src/testing/testing.go:1934 +0x21c
  testing.(*T).Run.gowrap1()
      /home/kwatanabe/.goenv/versions/1.25.11/src/testing/testing.go:1997 +0x44

Previous read at 0x000007f4a158 by goroutine 566:
  github.com/juicedata/juicefs/pkg/chunk.(*unstableDC).tick.func1()
      /home/kwatanabe/.jfs-baseline-hwDf9E/pkg/chunk/disk_cache_state.go:192 +0x3e

Goroutine 468 (running) created at:
  testing.(*T).Run()
      /home/kwatanabe/.goenv/versions/1.25.11/src/testing/testing.go:1997 +0x9d2
  testing.runTests.func1()
      /home/kwatanabe/.goenv/versions/1.25.11/src/testing/testing.go:2477 +0x84
  testing.tRunner()
      /home/kwatanabe/.goenv/versions/1.25.11/src/testing/testing.go:1934 +0x21c
  testing.runTests()
      /home/kwatanabe/.goenv/versions/1.25.11/src/testing/testing.go:2475 +0x96c
  testing.(*M).Run()
      /home/kwatanabe/.goenv/versions/1.25.11/src/testing/testing.go:2337 +0xed4
  main.main()
      _testmain.go:131 +0x164

Goroutine 566 (running) created at:
  github.com/juicedata/juicefs/pkg/chunk.(*unstableDC).tick()
      /home/kwatanabe/.jfs-baseline-hwDf9E/pkg/chunk/disk_cache_state.go:191 +0xf9
  github.com/juicedata/juicefs/pkg/chunk.newDCState()
      /home/kwatanabe/.jfs-baseline-hwDf9E/pkg/chunk/disk_cache_state.go:102 +0x1e6
  github.com/juicedata/juicefs/pkg/chunk.(*cacheStore).event()
      /home/kwatanabe/.jfs-baseline-hwDf9E/pkg/chunk/disk_cache_state.go:271 +0x144
  github.com/juicedata/juicefs/pkg/chunk.(*normalDC).onIOErr()
      /home/kwatanabe/.jfs-baseline-hwDf9E/pkg/chunk/disk_cache_state.go:156 +0x6c
  github.com/juicedata/juicefs/pkg/chunk.testDiskCacheState()
      /home/kwatanabe/.jfs-baseline-hwDf9E/pkg/chunk/disk_cache_state_test.go:73 +0x62e
  github.com/juicedata/juicefs/pkg/chunk.TestDiskCacheState()
      /home/kwatanabe/.jfs-baseline-hwDf9E/pkg/chunk/disk_cache_state_test.go:110 +0x3a
  testing.tRunner()
      /home/kwatanabe/.goenv/versions/1.25.11/src/testing/testing.go:1934 +0x21c
  testing.(*T).Run.gowrap1()
      /home/kwatanabe/.goenv/versions/1.25.11/src/testing/testing.go:1997 +0x44
==================
==================
WARNING: DATA RACE
Write at 0x00c000625748 by goroutine 468:
  github.com/juicedata/juicefs/pkg/chunk.setState()
      /home/kwatanabe/.jfs-baseline-hwDf9E/pkg/chunk/disk_cache_state_test.go:33 +0xea
  github.com/juicedata/juicefs/pkg/chunk.testDiskCacheState()
      /home/kwatanabe/.jfs-baseline-hwDf9E/pkg/chunk/disk_cache_state_test.go:94 +0x928
  github.com/juicedata/juicefs/pkg/chunk.TestDiskCacheState()
      /home/kwatanabe/.jfs-baseline-hwDf9E/pkg/chunk/disk_cache_state_test.go:110 +0x3a
  testing.tRunner()
      /home/kwatanabe/.goenv/versions/1.25.11/src/testing/testing.go:1934 +0x21c
  testing.(*T).Run.gowrap1()
      /home/kwatanabe/.goenv/versions/1.25.11/src/testing/testing.go:1997 +0x44

Previous read at 0x00c000625748 by goroutine 517:
  github.com/juicedata/juicefs/pkg/chunk.(*cacheStore).checkErr()
      /home/kwatanabe/.jfs-baseline-hwDf9E/pkg/chunk/disk_cache.go:278 +0x430
  github.com/juicedata/juicefs/pkg/chunk.(*cacheStore).createDir()
      /home/kwatanabe/.jfs-baseline-hwDf9E/pkg/chunk/disk_cache.go:583 +0x364
  github.com/juicedata/juicefs/pkg/chunk.(*cacheStore).createDir.func1()
      /home/kwatanabe/.jfs-baseline-hwDf9E/pkg/chunk/disk_cache.go:591 +0x210
  github.com/juicedata/juicefs/pkg/chunk.(*cacheStore).checkErr()
      /home/kwatanabe/.jfs-baseline-hwDf9E/pkg/chunk/disk_cache.go:267 +0x28a
  github.com/juicedata/juicefs/pkg/chunk.(*cacheStore).createDir()
      /home/kwatanabe/.jfs-baseline-hwDf9E/pkg/chunk/disk_cache.go:583 +0x124
  github.com/juicedata/juicefs/pkg/chunk.(*cacheStore).flushPage.(*cacheStore).createDir.func4()
      /home/kwatanabe/.jfs-baseline-hwDf9E/pkg/chunk/disk_cache.go:591 +0x1eb
  github.com/juicedata/juicefs/pkg/chunk.(*cacheStore).checkErr()
      /home/kwatanabe/.jfs-baseline-hwDf9E/pkg/chunk/disk_cache.go:267 +0x28a
  github.com/juicedata/juicefs/pkg/chunk.(*cacheStore).createDir()
      /home/kwatanabe/.jfs-baseline-hwDf9E/pkg/chunk/disk_cache.go:583 +0x39a
  github.com/juicedata/juicefs/pkg/chunk.(*cacheStore).flushPage()
      /home/kwatanabe/.jfs-baseline-hwDf9E/pkg/chunk/disk_cache.go:521 +0x248
  github.com/juicedata/juicefs/pkg/chunk.(*cacheStore).flush()
      /home/kwatanabe/.jfs-baseline-hwDf9E/pkg/chunk/disk_cache.go:741 +0x246
  github.com/juicedata/juicefs/pkg/chunk.newCacheStore.gowrap2()
      /home/kwatanabe/.jfs-baseline-hwDf9E/pkg/chunk/disk_cache.go:161 +0x33

Goroutine 468 (running) created at:
  testing.(*T).Run()
      /home/kwatanabe/.goenv/versions/1.25.11/src/testing/testing.go:1997 +0x9d2
  testing.runTests.func1()
      /home/kwatanabe/.goenv/versions/1.25.11/src/testing/testing.go:2477 +0x84
  testing.tRunner()
      /home/kwatanabe/.goenv/versions/1.25.11/src/testing/testing.go:1934 +0x21c
  testing.runTests()
      /home/kwatanabe/.goenv/versions/1.25.11/src/testing/testing.go:2475 +0x96c
  testing.(*M).Run()
      /home/kwatanabe/.goenv/versions/1.25.11/src/testing/testing.go:2337 +0xed4
  main.main()
      _testmain.go:131 +0x164

Goroutine 517 (running) created at:
  github.com/juicedata/juicefs/pkg/chunk.newCacheStore()
      /home/kwatanabe/.jfs-baseline-hwDf9E/pkg/chunk/disk_cache.go:161 +0x100a
  github.com/juicedata/juicefs/pkg/chunk.newCacheManager()
      /home/kwatanabe/.jfs-baseline-hwDf9E/pkg/chunk/disk_cache.go:1174 +0xa15
  github.com/juicedata/juicefs/pkg/chunk.testDiskCacheState()
      /home/kwatanabe/.jfs-baseline-hwDf9E/pkg/chunk/disk_cache_state_test.go:55 +0x33a
  github.com/juicedata/juicefs/pkg/chunk.TestDiskCacheState()
      /home/kwatanabe/.jfs-baseline-hwDf9E/pkg/chunk/disk_cache_state_test.go:110 +0x3a
  testing.tRunner()
      /home/kwatanabe/.goenv/versions/1.25.11/src/testing/testing.go:1934 +0x21c
  testing.(*T).Run.gowrap1()
      /home/kwatanabe/.goenv/versions/1.25.11/src/testing/testing.go:1997 +0x44
==================
==================
WARNING: DATA RACE
Write at 0x00c00141a06c by goroutine 517:
  sync/atomic.AddInt32()
      /home/kwatanabe/.goenv/versions/1.25.11/src/runtime/race_amd64.s:281 +0xb
  sync/atomic.AddUint32()
      <autogenerated>:1 +0x14
  github.com/juicedata/juicefs/pkg/chunk.(*cacheStore).checkErr()
      /home/kwatanabe/.jfs-baseline-hwDf9E/pkg/chunk/disk_cache.go:278 +0x44c
  github.com/juicedata/juicefs/pkg/chunk.(*cacheStore).createDir()
      /home/kwatanabe/.jfs-baseline-hwDf9E/pkg/chunk/disk_cache.go:583 +0x124
  github.com/juicedata/juicefs/pkg/chunk.(*cacheStore).flushPage.(*cacheStore).createDir.func4()
      /home/kwatanabe/.jfs-baseline-hwDf9E/pkg/chunk/disk_cache.go:591 +0x1eb
  github.com/juicedata/juicefs/pkg/chunk.(*cacheStore).checkErr()
      /home/kwatanabe/.jfs-baseline-hwDf9E/pkg/chunk/disk_cache.go:267 +0x28a
  github.com/juicedata/juicefs/pkg/chunk.(*cacheStore).createDir()
      /home/kwatanabe/.jfs-baseline-hwDf9E/pkg/chunk/disk_cache.go:583 +0x39a
  github.com/juicedata/juicefs/pkg/chunk.(*cacheStore).flushPage()
      /home/kwatanabe/.jfs-baseline-hwDf9E/pkg/chunk/disk_cache.go:521 +0x248
  github.com/juicedata/juicefs/pkg/chunk.(*cacheStore).flush()
      /home/kwatanabe/.jfs-baseline-hwDf9E/pkg/chunk/disk_cache.go:741 +0x246
  github.com/juicedata/juicefs/pkg/chunk.newCacheStore.gowrap2()
      /home/kwatanabe/.jfs-baseline-hwDf9E/pkg/chunk/disk_cache.go:161 +0x33

Previous write at 0x00c00141a068 by goroutine 468:
  github.com/juicedata/juicefs/pkg/chunk.newDCState()
      /home/kwatanabe/.jfs-baseline-hwDf9E/pkg/chunk/disk_cache_state.go:95 +0x64
  github.com/juicedata/juicefs/pkg/chunk.setState()
      /home/kwatanabe/.jfs-baseline-hwDf9E/pkg/chunk/disk_cache_state_test.go:33 +0xd6
  github.com/juicedata/juicefs/pkg/chunk.testDiskCacheState()
      /home/kwatanabe/.jfs-baseline-hwDf9E/pkg/chunk/disk_cache_state_test.go:94 +0x928
  github.com/juicedata/juicefs/pkg/chunk.TestDiskCacheState()
      /home/kwatanabe/.jfs-baseline-hwDf9E/pkg/chunk/disk_cache_state_test.go:110 +0x3a
  testing.tRunner()
      /home/kwatanabe/.goenv/versions/1.25.11/src/testing/testing.go:1934 +0x21c
  testing.(*T).Run.gowrap1()
      /home/kwatanabe/.goenv/versions/1.25.11/src/testing/testing.go:1997 +0x44

Goroutine 517 (running) created at:
  github.com/juicedata/juicefs/pkg/chunk.newCacheStore()
      /home/kwatanabe/.jfs-baseline-hwDf9E/pkg/chunk/disk_cache.go:161 +0x100a
  github.com/juicedata/juicefs/pkg/chunk.newCacheManager()
      /home/kwatanabe/.jfs-baseline-hwDf9E/pkg/chunk/disk_cache.go:1174 +0xa15
  github.com/juicedata/juicefs/pkg/chunk.testDiskCacheState()
      /home/kwatanabe/.jfs-baseline-hwDf9E/pkg/chunk/disk_cache_state_test.go:55 +0x33a
  github.com/juicedata/juicefs/pkg/chunk.TestDiskCacheState()
      /home/kwatanabe/.jfs-baseline-hwDf9E/pkg/chunk/disk_cache_state_test.go:110 +0x3a
  testing.tRunner()
      /home/kwatanabe/.goenv/versions/1.25.11/src/testing/testing.go:1934 +0x21c
  testing.(*T).Run.gowrap1()
      /home/kwatanabe/.goenv/versions/1.25.11/src/testing/testing.go:1997 +0x44

Goroutine 468 (running) created at:
  testing.(*T).Run()
      /home/kwatanabe/.goenv/versions/1.25.11/src/testing/testing.go:1997 +0x9d2
  testing.runTests.func1()
      /home/kwatanabe/.goenv/versions/1.25.11/src/testing/testing.go:2477 +0x84
  testing.tRunner()
      /home/kwatanabe/.goenv/versions/1.25.11/src/testing/testing.go:1934 +0x21c
  testing.runTests()
      /home/kwatanabe/.goenv/versions/1.25.11/src/testing/testing.go:2475 +0x96c
  testing.(*M).Run()
      /home/kwatanabe/.goenv/versions/1.25.11/src/testing/testing.go:2337 +0xed4
  main.main()
      _testmain.go:131 +0x164
==================
==================
WARNING: DATA RACE
Write at 0x00c00141a070 by goroutine 517:
  sync/atomic.AddInt64()
      /home/kwatanabe/.goenv/versions/1.25.11/src/runtime/race_amd64.s:289 +0xb
  sync/atomic.AddInt64()
      <autogenerated>:1 +0x15
  github.com/juicedata/juicefs/pkg/chunk.(*unstableDC).beforeCacheOp()
      /home/kwatanabe/.jfs-baseline-hwDf9E/pkg/chunk/disk_cache_state.go:246 +0x31
  github.com/juicedata/juicefs/pkg/chunk.(*cacheStore).checkErr()
      /home/kwatanabe/.jfs-baseline-hwDf9E/pkg/chunk/disk_cache.go:257 +0xb2
  github.com/juicedata/juicefs/pkg/chunk.(*cacheStore).flushPage()
      /home/kwatanabe/.jfs-baseline-hwDf9E/pkg/chunk/disk_cache.go:525 +0x56a
  github.com/juicedata/juicefs/pkg/chunk.(*cacheStore).flush()
      /home/kwatanabe/.jfs-baseline-hwDf9E/pkg/chunk/disk_cache.go:741 +0x246
  github.com/juicedata/juicefs/pkg/chunk.newCacheStore.gowrap2()
      /home/kwatanabe/.jfs-baseline-hwDf9E/pkg/chunk/disk_cache.go:161 +0x33

Previous write at 0x00c00141a070 by goroutine 468:
  github.com/juicedata/juicefs/pkg/chunk.newDCState()
      /home/kwatanabe/.jfs-baseline-hwDf9E/pkg/chunk/disk_cache_state.go:95 +0x64
  github.com/juicedata/juicefs/pkg/chunk.setState()
      /home/kwatanabe/.jfs-baseline-hwDf9E/pkg/chunk/disk_cache_state_test.go:33 +0xd6
  github.com/juicedata/juicefs/pkg/chunk.testDiskCacheState()
      /home/kwatanabe/.jfs-baseline-hwDf9E/pkg/chunk/disk_cache_state_test.go:94 +0x928
  github.com/juicedata/juicefs/pkg/chunk.TestDiskCacheState()
      /home/kwatanabe/.jfs-baseline-hwDf9E/pkg/chunk/disk_cache_state_test.go:110 +0x3a
  testing.tRunner()
      /home/kwatanabe/.goenv/versions/1.25.11/src/testing/testing.go:1934 +0x21c
  testing.(*T).Run.gowrap1()
      /home/kwatanabe/.goenv/versions/1.25.11/src/testing/testing.go:1997 +0x44

Goroutine 517 (running) created at:
  github.com/juicedata/juicefs/pkg/chunk.newCacheStore()
      /home/kwatanabe/.jfs-baseline-hwDf9E/pkg/chunk/disk_cache.go:161 +0x100a
  github.com/juicedata/juicefs/pkg/chunk.newCacheManager()
      /home/kwatanabe/.jfs-baseline-hwDf9E/pkg/chunk/disk_cache.go:1174 +0xa15
  github.com/juicedata/juicefs/pkg/chunk.testDiskCacheState()
      /home/kwatanabe/.jfs-baseline-hwDf9E/pkg/chunk/disk_cache_state_test.go:55 +0x33a
  github.com/juicedata/juicefs/pkg/chunk.TestDiskCacheState()
      /home/kwatanabe/.jfs-baseline-hwDf9E/pkg/chunk/disk_cache_state_test.go:110 +0x3a
  testing.tRunner()
      /home/kwatanabe/.goenv/versions/1.25.11/src/testing/testing.go:1934 +0x21c
  testing.(*T).Run.gowrap1()
      /home/kwatanabe/.goenv/versions/1.25.11/src/testing/testing.go:1997 +0x44

Goroutine 468 (running) created at:
  testing.(*T).Run()
      /home/kwatanabe/.goenv/versions/1.25.11/src/testing/testing.go:1997 +0x9d2
  testing.runTests.func1()
      /home/kwatanabe/.goenv/versions/1.25.11/src/testing/testing.go:2477 +0x84
  testing.tRunner()
      /home/kwatanabe/.goenv/versions/1.25.11/src/testing/testing.go:1934 +0x21c
  testing.runTests()
      /home/kwatanabe/.goenv/versions/1.25.11/src/testing/testing.go:2475 +0x96c
  testing.(*M).Run()
      /home/kwatanabe/.goenv/versions/1.25.11/src/testing/testing.go:2337 +0xed4
  main.main()
      _testmain.go:131 +0x164
==================
==================
WARNING: DATA RACE
Write at 0x00c000625748 by goroutine 568:
  github.com/juicedata/juicefs/pkg/chunk.(*cacheStore).event()
      /home/kwatanabe/.jfs-baseline-hwDf9E/pkg/chunk/disk_cache_state.go:277 +0x2de
  github.com/juicedata/juicefs/pkg/chunk.(*unstableDC).tick.func1()
      /home/kwatanabe/.jfs-baseline-hwDf9E/pkg/chunk/disk_cache_state.go:202 +0x24c

Previous read at 0x00c000625748 by goroutine 564:
  github.com/juicedata/juicefs/pkg/chunk.(*cacheStore).available()
      /home/kwatanabe/.jfs-baseline-hwDf9E/pkg/chunk/disk_cache.go:242 +0x19b
  github.com/juicedata/juicefs/pkg/chunk.(*cacheManager).cleanup()
      /home/kwatanabe/.jfs-baseline-hwDf9E/pkg/chunk/disk_cache.go:1192 +0x180
  github.com/juicedata/juicefs/pkg/chunk.newCacheManager.gowrap1()
      /home/kwatanabe/.jfs-baseline-hwDf9E/pkg/chunk/disk_cache.go:1179 +0x33

Goroutine 568 (running) created at:
  github.com/juicedata/juicefs/pkg/chunk.(*unstableDC).tick()
      /home/kwatanabe/.jfs-baseline-hwDf9E/pkg/chunk/disk_cache_state.go:191 +0xf9
  github.com/juicedata/juicefs/pkg/chunk.newDCState()
      /home/kwatanabe/.jfs-baseline-hwDf9E/pkg/chunk/disk_cache_state.go:102 +0x1e6
  github.com/juicedata/juicefs/pkg/chunk.setState()
      /home/kwatanabe/.jfs-baseline-hwDf9E/pkg/chunk/disk_cache_state_test.go:33 +0xd6
  github.com/juicedata/juicefs/pkg/chunk.testDiskCacheState()
      /home/kwatanabe/.jfs-baseline-hwDf9E/pkg/chunk/disk_cache_state_test.go:94 +0x928
  github.com/juicedata/juicefs/pkg/chunk.TestDiskCacheState()
      /home/kwatanabe/.jfs-baseline-hwDf9E/pkg/chunk/disk_cache_state_test.go:110 +0x3a
  testing.tRunner()
      /home/kwatanabe/.goenv/versions/1.25.11/src/testing/testing.go:1934 +0x21c
  testing.(*T).Run.gowrap1()
      /home/kwatanabe/.goenv/versions/1.25.11/src/testing/testing.go:1997 +0x44

Goroutine 564 (running) created at:
  github.com/juicedata/juicefs/pkg/chunk.newCacheManager()
      /home/kwatanabe/.jfs-baseline-hwDf9E/pkg/chunk/disk_cache.go:1179 +0xc5c
  github.com/juicedata/juicefs/pkg/chunk.testDiskCacheState()
      /home/kwatanabe/.jfs-baseline-hwDf9E/pkg/chunk/disk_cache_state_test.go:55 +0x33a
  github.com/juicedata/juicefs/pkg/chunk.TestDiskCacheState()
      /home/kwatanabe/.jfs-baseline-hwDf9E/pkg/chunk/disk_cache_state_test.go:110 +0x3a
  testing.tRunner()
      /home/kwatanabe/.goenv/versions/1.25.11/src/testing/testing.go:1934 +0x21c
  testing.(*T).Run.gowrap1()
      /home/kwatanabe/.goenv/versions/1.25.11/src/testing/testing.go:1997 +0x44
==================
2026/10/02 18:44:01.693243 juicefs[630724] <INFO>: disk cache /home/kwatanabe/.jfs-chunk-test-VlIrvK/TestDiskCacheState1992529928/005/ state change from unstable to normal [event@disk_cache_state.go:283]
==================
WARNING: DATA RACE
Write at 0x000007f4a158 by goroutine 468:
  github.com/juicedata/juicefs/pkg/chunk.testDiskCacheState()
      /home/kwatanabe/.jfs-baseline-hwDf9E/pkg/chunk/disk_cache_state_test.go:100 +0x9f0
  github.com/juicedata/juicefs/pkg/chunk.TestDiskCacheState()
      /home/kwatanabe/.jfs-baseline-hwDf9E/pkg/chunk/disk_cache_state_test.go:110 +0x3a
  testing.tRunner()
      /home/kwatanabe/.goenv/versions/1.25.11/src/testing/testing.go:1934 +0x21c
  testing.(*T).Run.gowrap1()
      /home/kwatanabe/.goenv/versions/1.25.11/src/testing/testing.go:1997 +0x44

Previous read at 0x000007f4a158 by goroutine 568:
  github.com/juicedata/juicefs/pkg/chunk.(*unstableDC).tick.func1()
      /home/kwatanabe/.jfs-baseline-hwDf9E/pkg/chunk/disk_cache_state.go:192 +0x3e

Goroutine 468 (running) created at:
  testing.(*T).Run()
      /home/kwatanabe/.goenv/versions/1.25.11/src/testing/testing.go:1997 +0x9d2
  testing.runTests.func1()
      /home/kwatanabe/.goenv/versions/1.25.11/src/testing/testing.go:2477 +0x84
  testing.tRunner()
      /home/kwatanabe/.goenv/versions/1.25.11/src/testing/testing.go:1934 +0x21c
  testing.runTests()
      /home/kwatanabe/.goenv/versions/1.25.11/src/testing/testing.go:2475 +0x96c
  testing.(*M).Run()
      /home/kwatanabe/.goenv/versions/1.25.11/src/testing/testing.go:2337 +0xed4
  main.main()
      _testmain.go:131 +0x164

Goroutine 568 (finished) created at:
  github.com/juicedata/juicefs/pkg/chunk.(*unstableDC).tick()
      /home/kwatanabe/.jfs-baseline-hwDf9E/pkg/chunk/disk_cache_state.go:191 +0xf9
  github.com/juicedata/juicefs/pkg/chunk.newDCState()
      /home/kwatanabe/.jfs-baseline-hwDf9E/pkg/chunk/disk_cache_state.go:102 +0x1e6
  github.com/juicedata/juicefs/pkg/chunk.setState()
      /home/kwatanabe/.jfs-baseline-hwDf9E/pkg/chunk/disk_cache_state_test.go:33 +0xd6
  github.com/juicedata/juicefs/pkg/chunk.testDiskCacheState()
      /home/kwatanabe/.jfs-baseline-hwDf9E/pkg/chunk/disk_cache_state_test.go:94 +0x928
  github.com/juicedata/juicefs/pkg/chunk.TestDiskCacheState()
      /home/kwatanabe/.jfs-baseline-hwDf9E/pkg/chunk/disk_cache_state_test.go:110 +0x3a
  testing.tRunner()
      /home/kwatanabe/.goenv/versions/1.25.11/src/testing/testing.go:1934 +0x21c
  testing.(*T).Run.gowrap1()
      /home/kwatanabe/.goenv/versions/1.25.11/src/testing/testing.go:1997 +0x44
==================
==================
WARNING: DATA RACE
Write at 0x000007f49ce8 by goroutine 468:
  github.com/juicedata/juicefs/pkg/chunk.testDiskCacheState()
      /home/kwatanabe/.jfs-baseline-hwDf9E/pkg/chunk/disk_cache_state_test.go:102 +0xa1e
  github.com/juicedata/juicefs/pkg/chunk.TestDiskCacheState()
      /home/kwatanabe/.jfs-baseline-hwDf9E/pkg/chunk/disk_cache_state_test.go:110 +0x3a
  testing.tRunner()
      /home/kwatanabe/.goenv/versions/1.25.11/src/testing/testing.go:1934 +0x21c
  testing.(*T).Run.gowrap1()
      /home/kwatanabe/.goenv/versions/1.25.11/src/testing/testing.go:1997 +0x44

Previous read at 0x000007f49ce8 by goroutine 568:
  github.com/juicedata/juicefs/pkg/chunk.(*unstableDC).tick.func1()
      /home/kwatanabe/.jfs-baseline-hwDf9E/pkg/chunk/disk_cache_state.go:201 +0x1d4

Goroutine 468 (running) created at:
  testing.(*T).Run()
      /home/kwatanabe/.goenv/versions/1.25.11/src/testing/testing.go:1997 +0x9d2
  testing.runTests.func1()
      /home/kwatanabe/.goenv/versions/1.25.11/src/testing/testing.go:2477 +0x84
  testing.tRunner()
      /home/kwatanabe/.goenv/versions/1.25.11/src/testing/testing.go:1934 +0x21c
  testing.runTests()
      /home/kwatanabe/.goenv/versions/1.25.11/src/testing/testing.go:2475 +0x96c
  testing.(*M).Run()
      /home/kwatanabe/.goenv/versions/1.25.11/src/testing/testing.go:2337 +0xed4
  main.main()
      _testmain.go:131 +0x164

Goroutine 568 (finished) created at:
  github.com/juicedata/juicefs/pkg/chunk.(*unstableDC).tick()
      /home/kwatanabe/.jfs-baseline-hwDf9E/pkg/chunk/disk_cache_state.go:191 +0xf9
  github.com/juicedata/juicefs/pkg/chunk.newDCState()
      /home/kwatanabe/.jfs-baseline-hwDf9E/pkg/chunk/disk_cache_state.go:102 +0x1e6
  github.com/juicedata/juicefs/pkg/chunk.setState()
      /home/kwatanabe/.jfs-baseline-hwDf9E/pkg/chunk/disk_cache_state_test.go:33 +0xd6
  github.com/juicedata/juicefs/pkg/chunk.testDiskCacheState()
      /home/kwatanabe/.jfs-baseline-hwDf9E/pkg/chunk/disk_cache_state_test.go:94 +0x928
  github.com/juicedata/juicefs/pkg/chunk.TestDiskCacheState()
      /home/kwatanabe/.jfs-baseline-hwDf9E/pkg/chunk/disk_cache_state_test.go:110 +0x3a
  testing.tRunner()
      /home/kwatanabe/.goenv/versions/1.25.11/src/testing/testing.go:1934 +0x21c
  testing.(*T).Run.gowrap1()
      /home/kwatanabe/.goenv/versions/1.25.11/src/testing/testing.go:1997 +0x44
==================
==================
WARNING: DATA RACE
Write at 0x00c000625748 by goroutine 468:
  github.com/juicedata/juicefs/pkg/chunk.setState()
      /home/kwatanabe/.jfs-baseline-hwDf9E/pkg/chunk/disk_cache_state_test.go:33 +0xea
  github.com/juicedata/juicefs/pkg/chunk.testDiskCacheState()
      /home/kwatanabe/.jfs-baseline-hwDf9E/pkg/chunk/disk_cache_state_test.go:103 +0xa3a
  github.com/juicedata/juicefs/pkg/chunk.TestDiskCacheState()
      /home/kwatanabe/.jfs-baseline-hwDf9E/pkg/chunk/disk_cache_state_test.go:110 +0x3a
  testing.tRunner()
      /home/kwatanabe/.goenv/versions/1.25.11/src/testing/testing.go:1934 +0x21c
  testing.(*T).Run.gowrap1()
      /home/kwatanabe/.goenv/versions/1.25.11/src/testing/testing.go:1997 +0x44

Previous read at 0x00c000625748 by goroutine 564:
  github.com/juicedata/juicefs/pkg/chunk.(*cacheStore).available()
      /home/kwatanabe/.jfs-baseline-hwDf9E/pkg/chunk/disk_cache.go:242 +0x19b
  github.com/juicedata/juicefs/pkg/chunk.(*cacheManager).cleanup()
      /home/kwatanabe/.jfs-baseline-hwDf9E/pkg/chunk/disk_cache.go:1192 +0x180
  github.com/juicedata/juicefs/pkg/chunk.newCacheManager.gowrap1()
      /home/kwatanabe/.jfs-baseline-hwDf9E/pkg/chunk/disk_cache.go:1179 +0x33

Goroutine 468 (running) created at:
  testing.(*T).Run()
      /home/kwatanabe/.goenv/versions/1.25.11/src/testing/testing.go:1997 +0x9d2
  testing.runTests.func1()
      /home/kwatanabe/.goenv/versions/1.25.11/src/testing/testing.go:2477 +0x84
  testing.tRunner()
      /home/kwatanabe/.goenv/versions/1.25.11/src/testing/testing.go:1934 +0x21c
  testing.runTests()
      /home/kwatanabe/.goenv/versions/1.25.11/src/testing/testing.go:2475 +0x96c
  testing.(*M).Run()
      /home/kwatanabe/.goenv/versions/1.25.11/src/testing/testing.go:2337 +0xed4
  main.main()
      _testmain.go:131 +0x164

Goroutine 564 (running) created at:
  github.com/juicedata/juicefs/pkg/chunk.newCacheManager()
      /home/kwatanabe/.jfs-baseline-hwDf9E/pkg/chunk/disk_cache.go:1179 +0xc5c
  github.com/juicedata/juicefs/pkg/chunk.testDiskCacheState()
      /home/kwatanabe/.jfs-baseline-hwDf9E/pkg/chunk/disk_cache_state_test.go:55 +0x33a
  github.com/juicedata/juicefs/pkg/chunk.TestDiskCacheState()
      /home/kwatanabe/.jfs-baseline-hwDf9E/pkg/chunk/disk_cache_state_test.go:110 +0x3a
  testing.tRunner()
      /home/kwatanabe/.goenv/versions/1.25.11/src/testing/testing.go:1934 +0x21c
  testing.(*T).Run.gowrap1()
      /home/kwatanabe/.goenv/versions/1.25.11/src/testing/testing.go:1997 +0x44
==================
2026/10/02 18:44:03.695772 juicefs[630724] <INFO>: disk cache /home/kwatanabe/.jfs-chunk-test-VlIrvK/TestDiskCacheState1992529928/005/ state change from unstable to down [event@disk_cache_state.go:283]
2026/10/02 18:44:03.695813 juicefs[630724] <WARNING>: Can't create cache file /home/kwatanabe/.jfs-chunk-test-VlIrvK/TestDiskCacheState1992529928/005/raw/probe/03/0/3_0_3.tmp: cache down [flushPage@disk_cache.go:530]
2026/10/02 18:44:04.688479 juicefs[630724] <INFO>: stop checkFreeSpace at /home/kwatanabe/.jfs-chunk-test-VlIrvK/TestDiskCacheState1992529928/005/ [checkFreeSpace@disk_cache.go:371]
2026/10/02 18:44:04.692994 juicefs[630724] <ERROR>: cache dir `/home/kwatanabe/.jfs-chunk-test-VlIrvK/TestDiskCacheState1992529928/005/`(81b75148-fc97-4fd2-a236-0687fdd99738) is unavailable, removed [removeStore@disk_cache.go:1228]
==================
WARNING: DATA RACE
Write at 0x000007f4a158 by goroutine 468:
  github.com/juicedata/juicefs/pkg/chunk.testDiskCacheState.func1()
      /home/kwatanabe/.jfs-baseline-hwDf9E/pkg/chunk/disk_cache_state_test.go:39 +0x3c
  runtime.deferreturn()
      /home/kwatanabe/.goenv/versions/1.25.11/src/runtime/panic.go:589 +0x5d
  github.com/juicedata/juicefs/pkg/chunk.TestDiskCacheState()
      /home/kwatanabe/.jfs-baseline-hwDf9E/pkg/chunk/disk_cache_state_test.go:110 +0x3a
  testing.tRunner()
      /home/kwatanabe/.goenv/versions/1.25.11/src/testing/testing.go:1934 +0x21c
  testing.(*T).Run.gowrap1()
      /home/kwatanabe/.goenv/versions/1.25.11/src/testing/testing.go:1997 +0x44

Previous read at 0x000007f4a158 by goroutine 571:
  github.com/juicedata/juicefs/pkg/chunk.(*unstableDC).tick.func1()
      /home/kwatanabe/.jfs-baseline-hwDf9E/pkg/chunk/disk_cache_state.go:192 +0x3e

Goroutine 468 (running) created at:
  testing.(*T).Run()
      /home/kwatanabe/.goenv/versions/1.25.11/src/testing/testing.go:1997 +0x9d2
  testing.runTests.func1()
      /home/kwatanabe/.goenv/versions/1.25.11/src/testing/testing.go:2477 +0x84
  testing.tRunner()
      /home/kwatanabe/.goenv/versions/1.25.11/src/testing/testing.go:1934 +0x21c
  testing.runTests()
      /home/kwatanabe/.goenv/versions/1.25.11/src/testing/testing.go:2475 +0x96c
  testing.(*M).Run()
      /home/kwatanabe/.goenv/versions/1.25.11/src/testing/testing.go:2337 +0xed4
  main.main()
      _testmain.go:131 +0x164

Goroutine 571 (finished) created at:
  github.com/juicedata/juicefs/pkg/chunk.(*unstableDC).tick()
      /home/kwatanabe/.jfs-baseline-hwDf9E/pkg/chunk/disk_cache_state.go:191 +0xf9
  github.com/juicedata/juicefs/pkg/chunk.newDCState()
      /home/kwatanabe/.jfs-baseline-hwDf9E/pkg/chunk/disk_cache_state.go:102 +0x1e6
  github.com/juicedata/juicefs/pkg/chunk.setState()
      /home/kwatanabe/.jfs-baseline-hwDf9E/pkg/chunk/disk_cache_state_test.go:33 +0xd6
  github.com/juicedata/juicefs/pkg/chunk.testDiskCacheState()
      /home/kwatanabe/.jfs-baseline-hwDf9E/pkg/chunk/disk_cache_state_test.go:103 +0xa3a
  github.com/juicedata/juicefs/pkg/chunk.TestDiskCacheState()
      /home/kwatanabe/.jfs-baseline-hwDf9E/pkg/chunk/disk_cache_state_test.go:110 +0x3a
  testing.tRunner()
      /home/kwatanabe/.goenv/versions/1.25.11/src/testing/testing.go:1934 +0x21c
  testing.(*T).Run.gowrap1()
      /home/kwatanabe/.goenv/versions/1.25.11/src/testing/testing.go:1997 +0x44
==================
==================
WARNING: DATA RACE
Write at 0x000007f49ce8 by goroutine 468:
  github.com/juicedata/juicefs/pkg/chunk.testDiskCacheState.func1()
      /home/kwatanabe/.jfs-baseline-hwDf9E/pkg/chunk/disk_cache_state_test.go:39 +0x54
  runtime.deferreturn()
      /home/kwatanabe/.goenv/versions/1.25.11/src/runtime/panic.go:589 +0x5d
  github.com/juicedata/juicefs/pkg/chunk.TestDiskCacheState()
      /home/kwatanabe/.jfs-baseline-hwDf9E/pkg/chunk/disk_cache_state_test.go:110 +0x3a
  testing.tRunner()
      /home/kwatanabe/.goenv/versions/1.25.11/src/testing/testing.go:1934 +0x21c
  testing.(*T).Run.gowrap1()
      /home/kwatanabe/.goenv/versions/1.25.11/src/testing/testing.go:1997 +0x44

Previous read at 0x000007f49ce8 by goroutine 571:
  github.com/juicedata/juicefs/pkg/chunk.(*unstableDC).tick.func1()
      /home/kwatanabe/.jfs-baseline-hwDf9E/pkg/chunk/disk_cache_state.go:201 +0x1d4

Goroutine 468 (running) created at:
  testing.(*T).Run()
      /home/kwatanabe/.goenv/versions/1.25.11/src/testing/testing.go:1997 +0x9d2
  testing.runTests.func1()
      /home/kwatanabe/.goenv/versions/1.25.11/src/testing/testing.go:2477 +0x84
  testing.tRunner()
      /home/kwatanabe/.goenv/versions/1.25.11/src/testing/testing.go:1934 +0x21c
  testing.runTests()
      /home/kwatanabe/.goenv/versions/1.25.11/src/testing/testing.go:2475 +0x96c
  testing.(*M).Run()
      /home/kwatanabe/.goenv/versions/1.25.11/src/testing/testing.go:2337 +0xed4
  main.main()
      _testmain.go:131 +0x164

Goroutine 571 (finished) created at:
  github.com/juicedata/juicefs/pkg/chunk.(*unstableDC).tick()
      /home/kwatanabe/.jfs-baseline-hwDf9E/pkg/chunk/disk_cache_state.go:191 +0xf9
  github.com/juicedata/juicefs/pkg/chunk.newDCState()
      /home/kwatanabe/.jfs-baseline-hwDf9E/pkg/chunk/disk_cache_state.go:102 +0x1e6
  github.com/juicedata/juicefs/pkg/chunk.setState()
      /home/kwatanabe/.jfs-baseline-hwDf9E/pkg/chunk/disk_cache_state_test.go:33 +0xd6
  github.com/juicedata/juicefs/pkg/chunk.testDiskCacheState()
      /home/kwatanabe/.jfs-baseline-hwDf9E/pkg/chunk/disk_cache_state_test.go:103 +0xa3a
  github.com/juicedata/juicefs/pkg/chunk.TestDiskCacheState()
      /home/kwatanabe/.jfs-baseline-hwDf9E/pkg/chunk/disk_cache_state_test.go:110 +0x3a
  testing.tRunner()
      /home/kwatanabe/.goenv/versions/1.25.11/src/testing/testing.go:1934 +0x21c
  testing.(*T).Run.gowrap1()
      /home/kwatanabe/.goenv/versions/1.25.11/src/testing/testing.go:1997 +0x44
==================
==================
WARNING: DATA RACE
Write at 0x000007f4a140 by goroutine 468:
  github.com/juicedata/juicefs/pkg/chunk.testDiskCacheState.func1()
      /home/kwatanabe/.jfs-baseline-hwDf9E/pkg/chunk/disk_cache_state_test.go:39 +0x6a
  runtime.deferreturn()
      /home/kwatanabe/.goenv/versions/1.25.11/src/runtime/panic.go:589 +0x5d
  github.com/juicedata/juicefs/pkg/chunk.TestDiskCacheState()
      /home/kwatanabe/.jfs-baseline-hwDf9E/pkg/chunk/disk_cache_state_test.go:110 +0x3a
  testing.tRunner()
      /home/kwatanabe/.goenv/versions/1.25.11/src/testing/testing.go:1934 +0x21c
  testing.(*T).Run.gowrap1()
      /home/kwatanabe/.goenv/versions/1.25.11/src/testing/testing.go:1997 +0x44

Previous read at 0x000007f4a140 by goroutine 571:
  github.com/juicedata/juicefs/pkg/chunk.(*unstableDC).tick.func1()
      /home/kwatanabe/.jfs-baseline-hwDf9E/pkg/chunk/disk_cache_state.go:203 +0x295

Goroutine 468 (running) created at:
  testing.(*T).Run()
      /home/kwatanabe/.goenv/versions/1.25.11/src/testing/testing.go:1997 +0x9d2
  testing.runTests.func1()
      /home/kwatanabe/.goenv/versions/1.25.11/src/testing/testing.go:2477 +0x84
  testing.tRunner()
      /home/kwatanabe/.goenv/versions/1.25.11/src/testing/testing.go:1934 +0x21c
  testing.runTests()
      /home/kwatanabe/.goenv/versions/1.25.11/src/testing/testing.go:2475 +0x96c
  testing.(*M).Run()
      /home/kwatanabe/.goenv/versions/1.25.11/src/testing/testing.go:2337 +0xed4
  main.main()
      _testmain.go:131 +0x164

Goroutine 571 (finished) created at:
  github.com/juicedata/juicefs/pkg/chunk.(*unstableDC).tick()
      /home/kwatanabe/.jfs-baseline-hwDf9E/pkg/chunk/disk_cache_state.go:191 +0xf9
  github.com/juicedata/juicefs/pkg/chunk.newDCState()
      /home/kwatanabe/.jfs-baseline-hwDf9E/pkg/chunk/disk_cache_state.go:102 +0x1e6
  github.com/juicedata/juicefs/pkg/chunk.setState()
      /home/kwatanabe/.jfs-baseline-hwDf9E/pkg/chunk/disk_cache_state_test.go:33 +0xd6
  github.com/juicedata/juicefs/pkg/chunk.testDiskCacheState()
      /home/kwatanabe/.jfs-baseline-hwDf9E/pkg/chunk/disk_cache_state_test.go:103 +0xa3a
  github.com/juicedata/juicefs/pkg/chunk.TestDiskCacheState()
      /home/kwatanabe/.jfs-baseline-hwDf9E/pkg/chunk/disk_cache_state_test.go:110 +0x3a
  testing.tRunner()
      /home/kwatanabe/.goenv/versions/1.25.11/src/testing/testing.go:1934 +0x21c
  testing.(*T).Run.gowrap1()
      /home/kwatanabe/.goenv/versions/1.25.11/src/testing/testing.go:1997 +0x44
==================
--- FAIL: TestDiskCacheState (12.02s)
    testing.go:1617: race detected during execution of test
2026/10/02 18:44:04.697427 juicefs[630724] <WARNING>: unknown cache eviction policy: "", fallback to 2-random [newCacheStore@disk_cache.go:119]
2026/10/02 18:44:04.697749 juicefs[630724] <INFO>: Disk cache (/home/kwatanabe/.jfs-chunk-test-VlIrvK/diskCache-630724/1790934244697393759): used ratio - [space 19.4%, inode 4.4%] [newCacheStore@disk_cache.go:154]
2026/10/02 18:44:04.697818 juicefs[630724] <INFO>: Adjusted max items based on freeratio: from 0 to 60397976 items [setLimitByFreeRatio@disk_cache.go:191]
2026/10/02 18:44:04.698111 juicefs[630724] <WARNING>: statfs /home/kwatanabe/.jfs-chunk-test-VlIrvK/diskCache-630724/1790934244697393759: no such file or directory [getDiskUsage@utils_unix.go:39]
2026/10/02 18:44:04.698231 juicefs[630724] <WARNING>: unknown cache eviction policy: "", fallback to 2-random [newCacheStore@disk_cache.go:119]
2026/10/02 18:44:04.698521 juicefs[630724] <INFO>: Disk cache (/home/kwatanabe/.jfs-chunk-test-VlIrvK/diskCache-630724/1790934244698147427/): used ratio - [space 19.4%, inode 4.4%] [newCacheStore@disk_cache.go:154]
2026/10/02 18:44:04.698580 juicefs[630724] <INFO>: Adjusted max items based on freeratio: from 0 to 60397976 items [setLimitByFreeRatio@disk_cache.go:191]
==================
WARNING: DATA RACE
Write at 0x00c000edd26a by goroutine 584:
  github.com/juicedata/juicefs/pkg/chunk.(*cacheStore).checkFreeSpace()
      /home/kwatanabe/.jfs-baseline-hwDf9E/pkg/chunk/disk_cache.go:357 +0x1ba
  github.com/juicedata/juicefs/pkg/chunk.newCacheStore.gowrap3()
      /home/kwatanabe/.jfs-baseline-hwDf9E/pkg/chunk/disk_cache.go:162 +0x33

Previous read at 0x00c000edd26a by goroutine 580:
  github.com/juicedata/juicefs/pkg/chunk.(*cacheStore).cache()
      /home/kwatanabe/.jfs-baseline-hwDf9E/pkg/chunk/disk_cache.go:448 +0x90
  github.com/juicedata/juicefs/pkg/chunk.TestMetrics()
      /home/kwatanabe/.jfs-baseline-hwDf9E/pkg/chunk/disk_cache_test.go:101 +0x2da
  testing.tRunner()
      /home/kwatanabe/.goenv/versions/1.25.11/src/testing/testing.go:1934 +0x21c
  testing.(*T).Run.gowrap1()
      /home/kwatanabe/.goenv/versions/1.25.11/src/testing/testing.go:1997 +0x44

Goroutine 584 (running) created at:
  github.com/juicedata/juicefs/pkg/chunk.newCacheStore()
      /home/kwatanabe/.jfs-baseline-hwDf9E/pkg/chunk/disk_cache.go:162 +0x108a
  github.com/juicedata/juicefs/pkg/chunk.newCacheManager()
      /home/kwatanabe/.jfs-baseline-hwDf9E/pkg/chunk/disk_cache.go:1174 +0xa15
  github.com/juicedata/juicefs/pkg/chunk.TestMetrics()
      /home/kwatanabe/.jfs-baseline-hwDf9E/pkg/chunk/disk_cache_test.go:96 +0x125
  testing.tRunner()
      /home/kwatanabe/.goenv/versions/1.25.11/src/testing/testing.go:1934 +0x21c
  testing.(*T).Run.gowrap1()
      /home/kwatanabe/.goenv/versions/1.25.11/src/testing/testing.go:1997 +0x44

Goroutine 580 (running) created at:
  testing.(*T).Run()
      /home/kwatanabe/.goenv/versions/1.25.11/src/testing/testing.go:1997 +0x9d2
  testing.runTests.func1()
      /home/kwatanabe/.goenv/versions/1.25.11/src/testing/testing.go:2477 +0x84
  testing.tRunner()
      /home/kwatanabe/.goenv/versions/1.25.11/src/testing/testing.go:1934 +0x21c
  testing.runTests()
      /home/kwatanabe/.goenv/versions/1.25.11/src/testing/testing.go:2475 +0x96c
  testing.(*M).Run()
      /home/kwatanabe/.goenv/versions/1.25.11/src/testing/testing.go:2337 +0xed4
  main.main()
      _testmain.go:131 +0x164
==================
--- FAIL: TestMetrics (0.10s)
    testing.go:1617: race detected during execution of test
2026/10/02 18:44:04.801916 juicefs[630724] <INFO>: Disk cache (/home/kwatanabe/.jfs-chunk-test-VlIrvK/diskCache-630724/1790934244801684081): used ratio - [space 19.4%, inode 4.4%] [newCacheStore@disk_cache.go:154]
2026/10/02 18:44:04.802011 juicefs[630724] <INFO>: Adjusted max items based on freeratio: from 0 to 66437776 items [setLimitByFreeRatio@disk_cache.go:191]
==================
WARNING: DATA RACE
Write at 0x00c00099f62a by goroutine 612:
  github.com/juicedata/juicefs/pkg/chunk.(*cacheStore).checkFreeSpace()
      /home/kwatanabe/.jfs-baseline-hwDf9E/pkg/chunk/disk_cache.go:357 +0x1ba
  github.com/juicedata/juicefs/pkg/chunk.newCacheStore.gowrap3()
      /home/kwatanabe/.jfs-baseline-hwDf9E/pkg/chunk/disk_cache.go:162 +0x33

Previous read at 0x00c00099f62a by goroutine 608:
  github.com/juicedata/juicefs/pkg/chunk.(*cacheStore).cache()
      /home/kwatanabe/.jfs-baseline-hwDf9E/pkg/chunk/disk_cache.go:448 +0x90
  github.com/juicedata/juicefs/pkg/chunk.TestChecksum()
      /home/kwatanabe/.jfs-baseline-hwDf9E/pkg/chunk/disk_cache_test.go:193 +0x3b6
  testing.tRunner()
      /home/kwatanabe/.goenv/versions/1.25.11/src/testing/testing.go:1934 +0x21c
  testing.(*T).Run.gowrap1()
      /home/kwatanabe/.goenv/versions/1.25.11/src/testing/testing.go:1997 +0x44

Goroutine 612 (running) created at:
  github.com/juicedata/juicefs/pkg/chunk.newCacheStore()
      /home/kwatanabe/.jfs-baseline-hwDf9E/pkg/chunk/disk_cache.go:162 +0x108a
  github.com/juicedata/juicefs/pkg/chunk.TestChecksum()
      /home/kwatanabe/.jfs-baseline-hwDf9E/pkg/chunk/disk_cache_test.go:181 +0x198
  testing.tRunner()
      /home/kwatanabe/.goenv/versions/1.25.11/src/testing/testing.go:1934 +0x21c
  testing.(*T).Run.gowrap1()
      /home/kwatanabe/.goenv/versions/1.25.11/src/testing/testing.go:1997 +0x44

Goroutine 608 (running) created at:
  testing.(*T).Run()
      /home/kwatanabe/.goenv/versions/1.25.11/src/testing/testing.go:1997 +0x9d2
  testing.runTests.func1()
      /home/kwatanabe/.goenv/versions/1.25.11/src/testing/testing.go:2477 +0x84
  testing.tRunner()
      /home/kwatanabe/.goenv/versions/1.25.11/src/testing/testing.go:1934 +0x21c
  testing.runTests()
      /home/kwatanabe/.goenv/versions/1.25.11/src/testing/testing.go:2475 +0x96c
  testing.(*M).Run()
      /home/kwatanabe/.goenv/versions/1.25.11/src/testing/testing.go:2337 +0xed4
  main.main()
      _testmain.go:131 +0x164
==================
==================
WARNING: DATA RACE
Read at 0x00c00099f630 by goroutine 611:
  github.com/juicedata/juicefs/pkg/chunk.(*cacheStore).flushPage()
      /home/kwatanabe/.jfs-baseline-hwDf9E/pkg/chunk/disk_cache.go:545 +0xb4e
  github.com/juicedata/juicefs/pkg/chunk.(*cacheStore).flush()
      /home/kwatanabe/.jfs-baseline-hwDf9E/pkg/chunk/disk_cache.go:741 +0x246
  github.com/juicedata/juicefs/pkg/chunk.newCacheStore.gowrap2()
      /home/kwatanabe/.jfs-baseline-hwDf9E/pkg/chunk/disk_cache.go:161 +0x33

Previous write at 0x00c00099f630 by goroutine 608:
  github.com/juicedata/juicefs/pkg/chunk.TestChecksum()
      /home/kwatanabe/.jfs-baseline-hwDf9E/pkg/chunk/disk_cache_test.go:192 +0x357
  testing.tRunner()
      /home/kwatanabe/.goenv/versions/1.25.11/src/testing/testing.go:1934 +0x21c
  testing.(*T).Run.gowrap1()
      /home/kwatanabe/.goenv/versions/1.25.11/src/testing/testing.go:1997 +0x44

Goroutine 611 (running) created at:
  github.com/juicedata/juicefs/pkg/chunk.newCacheStore()
      /home/kwatanabe/.jfs-baseline-hwDf9E/pkg/chunk/disk_cache.go:161 +0x100a
  github.com/juicedata/juicefs/pkg/chunk.TestChecksum()
      /home/kwatanabe/.jfs-baseline-hwDf9E/pkg/chunk/disk_cache_test.go:181 +0x198
  testing.tRunner()
      /home/kwatanabe/.goenv/versions/1.25.11/src/testing/testing.go:1934 +0x21c
  testing.(*T).Run.gowrap1()
      /home/kwatanabe/.goenv/versions/1.25.11/src/testing/testing.go:1997 +0x44

Goroutine 608 (running) created at:
  testing.(*T).Run()
      /home/kwatanabe/.goenv/versions/1.25.11/src/testing/testing.go:1997 +0x9d2
  testing.runTests.func1()
      /home/kwatanabe/.goenv/versions/1.25.11/src/testing/testing.go:2477 +0x84
  testing.tRunner()
      /home/kwatanabe/.goenv/versions/1.25.11/src/testing/testing.go:1934 +0x21c
  testing.runTests()
      /home/kwatanabe/.goenv/versions/1.25.11/src/testing/testing.go:2475 +0x96c
  testing.(*M).Run()
      /home/kwatanabe/.goenv/versions/1.25.11/src/testing/testing.go:2337 +0xed4
  main.main()
      _testmain.go:131 +0x164
==================
2026/10/02 18:44:05.688419 juicefs[630724] <WARNING>: statfs /home/kwatanabe/.jfs-chunk-test-VlIrvK/TestDiskCacheState1992529928/002/: no such file or directory [getDiskUsage@utils_unix.go:39]
2026/10/02 18:44:05.688436 juicefs[630724] <WARNING>: statfs /home/kwatanabe/.jfs-chunk-test-VlIrvK/TestDiskCacheState1992529928/003/: no such file or directory [getDiskUsage@utils_unix.go:39]
2026/10/02 18:44:05.688492 juicefs[630724] <WARNING>: statfs /home/kwatanabe/.jfs-chunk-test-VlIrvK/TestDiskCacheState1992529928/004/: no such file or directory [getDiskUsage@utils_unix.go:39]
2026/10/02 18:44:05.688533 juicefs[630724] <WARNING>: statfs /home/kwatanabe/.jfs-chunk-test-VlIrvK/TestDiskCacheState1992529928/006/: no such file or directory [getDiskUsage@utils_unix.go:39]
2026/10/02 18:44:05.688554 juicefs[630724] <WARNING>: statfs /home/kwatanabe/.jfs-chunk-test-VlIrvK/TestDiskCacheState1992529928/007/: no such file or directory [getDiskUsage@utils_unix.go:39]
2026/10/02 18:44:05.690615 juicefs[630724] <WARNING>: statfs /home/kwatanabe/.jfs-chunk-test-VlIrvK/TestDiskCacheState1992529928/010/: no such file or directory [getDiskUsage@utils_unix.go:39]
2026/10/02 18:44:05.690657 juicefs[630724] <WARNING>: statfs /home/kwatanabe/.jfs-chunk-test-VlIrvK/TestDiskCacheState1992529928/009/: no such file or directory [getDiskUsage@utils_unix.go:39]
2026/10/02 18:44:05.690700 juicefs[630724] <WARNING>: statfs /home/kwatanabe/.jfs-chunk-test-VlIrvK/TestDiskCacheState1992529928/011/: no such file or directory [getDiskUsage@utils_unix.go:39]
2026/10/02 18:44:05.690690 juicefs[630724] <WARNING>: statfs /home/kwatanabe/.jfs-chunk-test-VlIrvK/TestDiskCacheState1992529928/008/: no such file or directory [getDiskUsage@utils_unix.go:39]
2026/10/02 18:44:05.698241 juicefs[630724] <WARNING>: statfs /home/kwatanabe/.jfs-chunk-test-VlIrvK/diskCache-630724/1790934244697393759: no such file or directory [getDiskUsage@utils_unix.go:39]
2026/10/02 18:44:05.699469 juicefs[630724] <WARNING>: statfs /home/kwatanabe/.jfs-chunk-test-VlIrvK/diskCache-630724/1790934244698147427/: no such file or directory [getDiskUsage@utils_unix.go:39]
2026/10/02 18:44:06.689444 juicefs[630724] <WARNING>: statfs /home/kwatanabe/.jfs-chunk-test-VlIrvK/TestDiskCacheState1992529928/006/: no such file or directory [getDiskUsage@utils_unix.go:39]
2026/10/02 18:44:06.689473 juicefs[630724] <WARNING>: statfs /home/kwatanabe/.jfs-chunk-test-VlIrvK/TestDiskCacheState1992529928/002/: no such file or directory [getDiskUsage@utils_unix.go:39]
2026/10/02 18:44:06.689497 juicefs[630724] <WARNING>: statfs /home/kwatanabe/.jfs-chunk-test-VlIrvK/TestDiskCacheState1992529928/003/: no such file or directory [getDiskUsage@utils_unix.go:39]
2026/10/02 18:44:06.689532 juicefs[630724] <WARNING>: statfs /home/kwatanabe/.jfs-chunk-test-VlIrvK/TestDiskCacheState1992529928/007/: no such file or directory [getDiskUsage@utils_unix.go:39]
2026/10/02 18:44:06.689490 juicefs[630724] <WARNING>: statfs /home/kwatanabe/.jfs-chunk-test-VlIrvK/TestDiskCacheState1992529928/004/: no such file or directory [getDiskUsage@utils_unix.go:39]
2026/10/02 18:44:06.691729 juicefs[630724] <WARNING>: statfs /home/kwatanabe/.jfs-chunk-test-VlIrvK/TestDiskCacheState1992529928/009/: no such file or directory [getDiskUsage@utils_unix.go:39]
2026/10/02 18:44:06.691746 juicefs[630724] <WARNING>: statfs /home/kwatanabe/.jfs-chunk-test-VlIrvK/TestDiskCacheState1992529928/010/: no such file or directory [getDiskUsage@utils_unix.go:39]
2026/10/02 18:44:06.691790 juicefs[630724] <WARNING>: statfs /home/kwatanabe/.jfs-chunk-test-VlIrvK/TestDiskCacheState1992529928/011/: no such file or directory [getDiskUsage@utils_unix.go:39]
2026/10/02 18:44:06.691801 juicefs[630724] <WARNING>: statfs /home/kwatanabe/.jfs-chunk-test-VlIrvK/TestDiskCacheState1992529928/008/: no such file or directory [getDiskUsage@utils_unix.go:39]
2026/10/02 18:44:06.698823 juicefs[630724] <WARNING>: statfs /home/kwatanabe/.jfs-chunk-test-VlIrvK/diskCache-630724/1790934244697393759: no such file or directory [getDiskUsage@utils_unix.go:39]
2026/10/02 18:44:06.700093 juicefs[630724] <WARNING>: statfs /home/kwatanabe/.jfs-chunk-test-VlIrvK/diskCache-630724/1790934244698147427/: no such file or directory [getDiskUsage@utils_unix.go:39]
2026/10/02 18:44:07.689772 juicefs[630724] <WARNING>: statfs /home/kwatanabe/.jfs-chunk-test-VlIrvK/TestDiskCacheState1992529928/004/: no such file or directory [getDiskUsage@utils_unix.go:39]
2026/10/02 18:44:07.689798 juicefs[630724] <WARNING>: statfs /home/kwatanabe/.jfs-chunk-test-VlIrvK/TestDiskCacheState1992529928/007/: no such file or directory [getDiskUsage@utils_unix.go:39]
2026/10/02 18:44:07.689843 juicefs[630724] <WARNING>: statfs /home/kwatanabe/.jfs-chunk-test-VlIrvK/TestDiskCacheState1992529928/006/: no such file or directory [getDiskUsage@utils_unix.go:39]
2026/10/02 18:44:07.689824 juicefs[630724] <WARNING>: statfs /home/kwatanabe/.jfs-chunk-test-VlIrvK/TestDiskCacheState1992529928/003/: no such file or directory [getDiskUsage@utils_unix.go:39]
2026/10/02 18:44:07.689864 juicefs[630724] <WARNING>: statfs /home/kwatanabe/.jfs-chunk-test-VlIrvK/TestDiskCacheState1992529928/002/: no such file or directory [getDiskUsage@utils_unix.go:39]
2026/10/02 18:44:07.692191 juicefs[630724] <WARNING>: statfs /home/kwatanabe/.jfs-chunk-test-VlIrvK/TestDiskCacheState1992529928/008/: no such file or directory [getDiskUsage@utils_unix.go:39]
2026/10/02 18:44:07.692240 juicefs[630724] <WARNING>: statfs /home/kwatanabe/.jfs-chunk-test-VlIrvK/TestDiskCacheState1992529928/010/: no such file or directory [getDiskUsage@utils_unix.go:39]
2026/10/02 18:44:07.692259 juicefs[630724] <WARNING>: statfs /home/kwatanabe/.jfs-chunk-test-VlIrvK/TestDiskCacheState1992529928/009/: no such file or directory [getDiskUsage@utils_unix.go:39]
2026/10/02 18:44:07.692279 juicefs[630724] <WARNING>: statfs /home/kwatanabe/.jfs-chunk-test-VlIrvK/TestDiskCacheState1992529928/011/: no such file or directory [getDiskUsage@utils_unix.go:39]
2026/10/02 18:44:07.699956 juicefs[630724] <WARNING>: statfs /home/kwatanabe/.jfs-chunk-test-VlIrvK/diskCache-630724/1790934244697393759: no such file or directory [getDiskUsage@utils_unix.go:39]
2026/10/02 18:44:07.701098 juicefs[630724] <WARNING>: statfs /home/kwatanabe/.jfs-chunk-test-VlIrvK/diskCache-630724/1790934244698147427/: no such file or directory [getDiskUsage@utils_unix.go:39]
2026/10/02 18:44:08.684925 juicefs[630724] <INFO>: lockfile /home/kwatanabe/.jfs-chunk-test-VlIrvK/TestDiskCacheState1992529928/002/.lock is lost, cache device maybe broken [checkLockFile@disk_cache.go:232]
2026/10/02 18:44:08.685026 juicefs[630724] <WARNING>: stat `/home/kwatanabe/.jfs-chunk-test-VlIrvK/TestDiskCacheState1992529928/002/`: stat /home/kwatanabe/.jfs-chunk-test-VlIrvK/TestDiskCacheState1992529928/002/: no such file or directory [inRootVolume@utils_unix.go:54]
2026/10/02 18:44:08.684955 juicefs[630724] <INFO>: lockfile /home/kwatanabe/.jfs-chunk-test-VlIrvK/TestDiskCacheState1992529928/003/.lock is lost, cache device maybe broken [checkLockFile@disk_cache.go:232]
2026/10/02 18:44:08.685107 juicefs[630724] <WARNING>: stat `/home/kwatanabe/.jfs-chunk-test-VlIrvK/TestDiskCacheState1992529928/003/`: stat /home/kwatanabe/.jfs-chunk-test-VlIrvK/TestDiskCacheState1992529928/003/: no such file or directory [inRootVolume@utils_unix.go:54]
2026/10/02 18:44:08.685187 juicefs[630724] <INFO>: lockfile /home/kwatanabe/.jfs-chunk-test-VlIrvK/TestDiskCacheState1992529928/004/.lock is lost, cache device maybe broken [checkLockFile@disk_cache.go:232]
2026/10/02 18:44:08.685237 juicefs[630724] <WARNING>: stat `/home/kwatanabe/.jfs-chunk-test-VlIrvK/TestDiskCacheState1992529928/004/`: stat /home/kwatanabe/.jfs-chunk-test-VlIrvK/TestDiskCacheState1992529928/004/: no such file or directory [inRootVolume@utils_unix.go:54]
2026/10/02 18:44:08.686063 juicefs[630724] <INFO>: lockfile /home/kwatanabe/.jfs-chunk-test-VlIrvK/TestDiskCacheState1992529928/006/.lock is lost, cache device maybe broken [checkLockFile@disk_cache.go:232]
2026/10/02 18:44:08.686130 juicefs[630724] <WARNING>: stat `/home/kwatanabe/.jfs-chunk-test-VlIrvK/TestDiskCacheState1992529928/006/`: stat /home/kwatanabe/.jfs-chunk-test-VlIrvK/TestDiskCacheState1992529928/006/: no such file or directory [inRootVolume@utils_unix.go:54]
2026/10/02 18:44:08.686056 juicefs[630724] <INFO>: lockfile /home/kwatanabe/.jfs-chunk-test-VlIrvK/TestDiskCacheState1992529928/007/.lock is lost, cache device maybe broken [checkLockFile@disk_cache.go:232]
2026/10/02 18:44:08.686193 juicefs[630724] <WARNING>: stat `/home/kwatanabe/.jfs-chunk-test-VlIrvK/TestDiskCacheState1992529928/007/`: stat /home/kwatanabe/.jfs-chunk-test-VlIrvK/TestDiskCacheState1992529928/007/: no such file or directory [inRootVolume@utils_unix.go:54]
2026/10/02 18:44:08.686249 juicefs[630724] <INFO>: lockfile /home/kwatanabe/.jfs-chunk-test-VlIrvK/TestDiskCacheState1992529928/008/.lock is lost, cache device maybe broken [checkLockFile@disk_cache.go:232]
2026/10/02 18:44:08.686293 juicefs[630724] <WARNING>: stat `/home/kwatanabe/.jfs-chunk-test-VlIrvK/TestDiskCacheState1992529928/008/`: stat /home/kwatanabe/.jfs-chunk-test-VlIrvK/TestDiskCacheState1992529928/008/: no such file or directory [inRootVolume@utils_unix.go:54]
2026/10/02 18:44:08.686350 juicefs[630724] <INFO>: lockfile /home/kwatanabe/.jfs-chunk-test-VlIrvK/TestDiskCacheState1992529928/009/.lock is lost, cache device maybe broken [checkLockFile@disk_cache.go:232]
2026/10/02 18:44:08.686392 juicefs[630724] <WARNING>: stat `/home/kwatanabe/.jfs-chunk-test-VlIrvK/TestDiskCacheState1992529928/009/`: stat /home/kwatanabe/.jfs-chunk-test-VlIrvK/TestDiskCacheState1992529928/009/: no such file or directory [inRootVolume@utils_unix.go:54]
2026/10/02 18:44:08.687241 juicefs[630724] <INFO>: lockfile /home/kwatanabe/.jfs-chunk-test-VlIrvK/TestDiskCacheState1992529928/010/.lock is lost, cache device maybe broken [checkLockFile@disk_cache.go:232]
2026/10/02 18:44:08.687293 juicefs[630724] <WARNING>: stat `/home/kwatanabe/.jfs-chunk-test-VlIrvK/TestDiskCacheState1992529928/010/`: stat /home/kwatanabe/.jfs-chunk-test-VlIrvK/TestDiskCacheState1992529928/010/: no such file or directory [inRootVolume@utils_unix.go:54]
2026/10/02 18:44:08.687264 juicefs[630724] <INFO>: lockfile /home/kwatanabe/.jfs-chunk-test-VlIrvK/TestDiskCacheState1992529928/011/.lock is lost, cache device maybe broken [checkLockFile@disk_cache.go:232]
2026/10/02 18:44:08.687378 juicefs[630724] <WARNING>: stat `/home/kwatanabe/.jfs-chunk-test-VlIrvK/TestDiskCacheState1992529928/011/`: stat /home/kwatanabe/.jfs-chunk-test-VlIrvK/TestDiskCacheState1992529928/011/: no such file or directory [inRootVolume@utils_unix.go:54]
2026/10/02 18:44:08.690652 juicefs[630724] <WARNING>: statfs /home/kwatanabe/.jfs-chunk-test-VlIrvK/TestDiskCacheState1992529928/002/: no such file or directory [getDiskUsage@utils_unix.go:39]
2026/10/02 18:44:08.690660 juicefs[630724] <WARNING>: statfs /home/kwatanabe/.jfs-chunk-test-VlIrvK/TestDiskCacheState1992529928/006/: no such file or directory [getDiskUsage@utils_unix.go:39]
2026/10/02 18:44:08.690703 juicefs[630724] <WARNING>: statfs /home/kwatanabe/.jfs-chunk-test-VlIrvK/TestDiskCacheState1992529928/007/: no such file or directory [getDiskUsage@utils_unix.go:39]
2026/10/02 18:44:08.690769 juicefs[630724] <WARNING>: statfs /home/kwatanabe/.jfs-chunk-test-VlIrvK/TestDiskCacheState1992529928/003/: no such file or directory [getDiskUsage@utils_unix.go:39]
2026/10/02 18:44:08.690705 juicefs[630724] <WARNING>: statfs /home/kwatanabe/.jfs-chunk-test-VlIrvK/TestDiskCacheState1992529928/004/: no such file or directory [getDiskUsage@utils_unix.go:39]
2026/10/02 18:44:08.693468 juicefs[630724] <WARNING>: statfs /home/kwatanabe/.jfs-chunk-test-VlIrvK/TestDiskCacheState1992529928/011/: no such file or directory [getDiskUsage@utils_unix.go:39]
2026/10/02 18:44:08.693473 juicefs[630724] <WARNING>: statfs /home/kwatanabe/.jfs-chunk-test-VlIrvK/TestDiskCacheState1992529928/009/: no such file or directory [getDiskUsage@utils_unix.go:39]
2026/10/02 18:44:08.693502 juicefs[630724] <WARNING>: statfs /home/kwatanabe/.jfs-chunk-test-VlIrvK/TestDiskCacheState1992529928/008/: no such file or directory [getDiskUsage@utils_unix.go:39]
2026/10/02 18:44:08.693504 juicefs[630724] <WARNING>: statfs /home/kwatanabe/.jfs-chunk-test-VlIrvK/TestDiskCacheState1992529928/010/: no such file or directory [getDiskUsage@utils_unix.go:39]
2026/10/02 18:44:08.700108 juicefs[630724] <WARNING>: statfs /home/kwatanabe/.jfs-chunk-test-VlIrvK/diskCache-630724/1790934244697393759: no such file or directory [getDiskUsage@utils_unix.go:39]
2026/10/02 18:44:08.701348 juicefs[630724] <WARNING>: statfs /home/kwatanabe/.jfs-chunk-test-VlIrvK/diskCache-630724/1790934244698147427/: no such file or directory [getDiskUsage@utils_unix.go:39]
2026/10/02 18:44:09.691089 juicefs[630724] <WARNING>: statfs /home/kwatanabe/.jfs-chunk-test-VlIrvK/TestDiskCacheState1992529928/007/: no such file or directory [getDiskUsage@utils_unix.go:39]
2026/10/02 18:44:09.691182 juicefs[630724] <WARNING>: statfs /home/kwatanabe/.jfs-chunk-test-VlIrvK/TestDiskCacheState1992529928/006/: no such file or directory [getDiskUsage@utils_unix.go:39]
2026/10/02 18:44:09.691150 juicefs[630724] <WARNING>: statfs /home/kwatanabe/.jfs-chunk-test-VlIrvK/TestDiskCacheState1992529928/002/: no such file or directory [getDiskUsage@utils_unix.go:39]
2026/10/02 18:44:09.691189 juicefs[630724] <WARNING>: statfs /home/kwatanabe/.jfs-chunk-test-VlIrvK/TestDiskCacheState1992529928/003/: no such file or directory [getDiskUsage@utils_unix.go:39]
2026/10/02 18:44:09.691554 juicefs[630724] <WARNING>: statfs /home/kwatanabe/.jfs-chunk-test-VlIrvK/TestDiskCacheState1992529928/004/: no such file or directory [getDiskUsage@utils_unix.go:39]
2026/10/02 18:44:09.693773 juicefs[630724] <WARNING>: statfs /home/kwatanabe/.jfs-chunk-test-VlIrvK/TestDiskCacheState1992529928/011/: no such file or directory [getDiskUsage@utils_unix.go:39]
2026/10/02 18:44:09.693774 juicefs[630724] <WARNING>: statfs /home/kwatanabe/.jfs-chunk-test-VlIrvK/TestDiskCacheState1992529928/008/: no such file or directory [getDiskUsage@utils_unix.go:39]
2026/10/02 18:44:09.693786 juicefs[630724] <WARNING>: statfs /home/kwatanabe/.jfs-chunk-test-VlIrvK/TestDiskCacheState1992529928/009/: no such file or directory [getDiskUsage@utils_unix.go:39]
2026/10/02 18:44:09.693813 juicefs[630724] <WARNING>: statfs /home/kwatanabe/.jfs-chunk-test-VlIrvK/TestDiskCacheState1992529928/010/: no such file or directory [getDiskUsage@utils_unix.go:39]
2026/10/02 18:44:09.700345 juicefs[630724] <WARNING>: statfs /home/kwatanabe/.jfs-chunk-test-VlIrvK/diskCache-630724/1790934244697393759: no such file or directory [getDiskUsage@utils_unix.go:39]
2026/10/02 18:44:09.702370 juicefs[630724] <WARNING>: statfs /home/kwatanabe/.jfs-chunk-test-VlIrvK/diskCache-630724/1790934244698147427/: no such file or directory [getDiskUsage@utils_unix.go:39]
==================
WARNING: DATA RACE
Write at 0x00c00099f630 by goroutine 608:
  github.com/juicedata/juicefs/pkg/chunk.TestChecksum()
      /home/kwatanabe/.jfs-baseline-hwDf9E/pkg/chunk/disk_cache_test.go:267 +0x1106
  testing.tRunner()
      /home/kwatanabe/.goenv/versions/1.25.11/src/testing/testing.go:1934 +0x21c
  testing.(*T).Run.gowrap1()
      /home/kwatanabe/.goenv/versions/1.25.11/src/testing/testing.go:1997 +0x44

Previous read at 0x00c00099f630 by goroutine 611:
  github.com/juicedata/juicefs/pkg/chunk.(*cacheStore).flushPage()
      /home/kwatanabe/.jfs-baseline-hwDf9E/pkg/chunk/disk_cache.go:545 +0xb4e
  github.com/juicedata/juicefs/pkg/chunk.(*cacheStore).flush()
      /home/kwatanabe/.jfs-baseline-hwDf9E/pkg/chunk/disk_cache.go:741 +0x246
  github.com/juicedata/juicefs/pkg/chunk.newCacheStore.gowrap2()
      /home/kwatanabe/.jfs-baseline-hwDf9E/pkg/chunk/disk_cache.go:161 +0x33

Goroutine 608 (running) created at:
  testing.(*T).Run()
      /home/kwatanabe/.goenv/versions/1.25.11/src/testing/testing.go:1997 +0x9d2
  testing.runTests.func1()
      /home/kwatanabe/.goenv/versions/1.25.11/src/testing/testing.go:2477 +0x84
  testing.tRunner()
      /home/kwatanabe/.goenv/versions/1.25.11/src/testing/testing.go:1934 +0x21c
  testing.runTests()
      /home/kwatanabe/.goenv/versions/1.25.11/src/testing/testing.go:2475 +0x96c
  testing.(*M).Run()
      /home/kwatanabe/.goenv/versions/1.25.11/src/testing/testing.go:2337 +0xed4
  main.main()
      _testmain.go:131 +0x164

Goroutine 611 (running) created at:
  github.com/juicedata/juicefs/pkg/chunk.newCacheStore()
      /home/kwatanabe/.jfs-baseline-hwDf9E/pkg/chunk/disk_cache.go:161 +0x100a
  github.com/juicedata/juicefs/pkg/chunk.TestChecksum()
      /home/kwatanabe/.jfs-baseline-hwDf9E/pkg/chunk/disk_cache_test.go:181 +0x198
  testing.tRunner()
      /home/kwatanabe/.goenv/versions/1.25.11/src/testing/testing.go:1934 +0x21c
  testing.(*T).Run.gowrap1()
      /home/kwatanabe/.goenv/versions/1.25.11/src/testing/testing.go:1997 +0x44
==================
--- FAIL: TestChecksum (5.03s)
    testing.go:1617: race detected during execution of test
2026/10/02 18:44:09.831263 juicefs[630724] <WARNING>: unknown cache eviction policy: "", fallback to 2-random [newCacheStore@disk_cache.go:119]
2026/10/02 18:44:09.831386 juicefs[630724] <INFO>: Disk cache (/home/kwatanabe/.jfs-chunk-test-VlIrvK/TestCacheManager3247202610/001/): used ratio - [space 19.4%, inode 4.4%] [newCacheStore@disk_cache.go:154]
2026/10/02 18:44:09.831439 juicefs[630724] <INFO>: Adjusted max items based on freeratio: from 0 to 60397976 items [setLimitByFreeRatio@disk_cache.go:191]
2026/10/02 18:44:09.831737 juicefs[630724] <INFO>: Disk cache (/home/kwatanabe/.jfs-chunk-test-VlIrvK/TestCacheManager3247202610/002/): used ratio - [space 19.4%, inode 4.4%] [newCacheStore@disk_cache.go:154]
2026/10/02 18:44:09.831948 juicefs[630724] <INFO>: Adjusted max items based on freeratio: from 0 to 60397976 items [setLimitByFreeRatio@disk_cache.go:191]
2026/10/02 18:44:09.832251 juicefs[630724] <INFO>: Disk cache (/home/kwatanabe/.jfs-chunk-test-VlIrvK/TestCacheManager3247202610/003/): used ratio - [space 19.4%, inode 4.4%] [newCacheStore@disk_cache.go:154]
2026/10/02 18:44:09.832318 juicefs[630724] <INFO>: Adjusted max items based on freeratio: from 0 to 60397976 items [setLimitByFreeRatio@disk_cache.go:191]
==================
WARNING: DATA RACE
Read at 0x00c000f18aea by goroutine 628:
  github.com/juicedata/juicefs/pkg/chunk.(*cacheStore).cache()
      /home/kwatanabe/.jfs-baseline-hwDf9E/pkg/chunk/disk_cache.go:448 +0x90
  github.com/juicedata/juicefs/pkg/chunk.(*cacheManager).cache()
      /home/kwatanabe/.jfs-baseline-hwDf9E/pkg/chunk/disk_cache.go:1282 +0x6d
  github.com/juicedata/juicefs/pkg/chunk.TestCacheManager()
      /home/kwatanabe/.jfs-baseline-hwDf9E/pkg/chunk/disk_cache_test.go:393 +0x37c
  testing.tRunner()
      /home/kwatanabe/.goenv/versions/1.25.11/src/testing/testing.go:1934 +0x21c
  testing.(*T).Run.gowrap1()
      /home/kwatanabe/.goenv/versions/1.25.11/src/testing/testing.go:1997 +0x44

Previous write at 0x00c000f18aea by goroutine 632:
  github.com/juicedata/juicefs/pkg/chunk.(*cacheStore).checkFreeSpace()
      /home/kwatanabe/.jfs-baseline-hwDf9E/pkg/chunk/disk_cache.go:357 +0x1ba
  github.com/juicedata/juicefs/pkg/chunk.newCacheStore.gowrap3()
      /home/kwatanabe/.jfs-baseline-hwDf9E/pkg/chunk/disk_cache.go:162 +0x33

Goroutine 628 (running) created at:
  testing.(*T).Run()
      /home/kwatanabe/.goenv/versions/1.25.11/src/testing/testing.go:1997 +0x9d2
  testing.runTests.func1()
      /home/kwatanabe/.goenv/versions/1.25.11/src/testing/testing.go:2477 +0x84
  testing.tRunner()
      /home/kwatanabe/.goenv/versions/1.25.11/src/testing/testing.go:1934 +0x21c
  testing.runTests()
      /home/kwatanabe/.goenv/versions/1.25.11/src/testing/testing.go:2475 +0x96c
  testing.(*M).Run()
      /home/kwatanabe/.goenv/versions/1.25.11/src/testing/testing.go:2337 +0xed4
  main.main()
      _testmain.go:131 +0x164

Goroutine 632 (running) created at:
  github.com/juicedata/juicefs/pkg/chunk.newCacheStore()
      /home/kwatanabe/.jfs-baseline-hwDf9E/pkg/chunk/disk_cache.go:162 +0x108a
  github.com/juicedata/juicefs/pkg/chunk.newCacheManager()
      /home/kwatanabe/.jfs-baseline-hwDf9E/pkg/chunk/disk_cache.go:1174 +0xa15
  github.com/juicedata/juicefs/pkg/chunk.TestCacheManager()
      /home/kwatanabe/.jfs-baseline-hwDf9E/pkg/chunk/disk_cache_test.go:382 +0x124
  testing.tRunner()
      /home/kwatanabe/.goenv/versions/1.25.11/src/testing/testing.go:1934 +0x21c
  testing.(*T).Run.gowrap1()
      /home/kwatanabe/.goenv/versions/1.25.11/src/testing/testing.go:1997 +0x44
==================
[32m.[0m[31m[0m[33m[0m[32m
1 total assertion[0m

==================
WARNING: DATA RACE
Write at 0x00c000f18b18 by goroutine 628:
  github.com/juicedata/juicefs/pkg/chunk.shutdownStore()
      /home/kwatanabe/.jfs-baseline-hwDf9E/pkg/chunk/disk_cache_test.go:374 +0xde
  github.com/juicedata/juicefs/pkg/chunk.TestCacheManager()
      /home/kwatanabe/.jfs-baseline-hwDf9E/pkg/chunk/disk_cache_test.go:419 +0x544
  testing.tRunner()
      /home/kwatanabe/.goenv/versions/1.25.11/src/testing/testing.go:1934 +0x21c
  testing.(*T).Run.gowrap1()
      /home/kwatanabe/.goenv/versions/1.25.11/src/testing/testing.go:1997 +0x44

Previous read at 0x00c000f18b18 by goroutine 630:
  github.com/juicedata/juicefs/pkg/chunk.(*cacheStore).available()
      /home/kwatanabe/.jfs-baseline-hwDf9E/pkg/chunk/disk_cache.go:242 +0x104
  github.com/juicedata/juicefs/pkg/chunk.(*cacheStore).checkLockFile()
      /home/kwatanabe/.jfs-baseline-hwDf9E/pkg/chunk/disk_cache.go:229 +0x1a
  github.com/juicedata/juicefs/pkg/chunk.newCacheStore.gowrap1()
      /home/kwatanabe/.jfs-baseline-hwDf9E/pkg/chunk/disk_cache.go:160 +0x33

Goroutine 628 (running) created at:
  testing.(*T).Run()
      /home/kwatanabe/.goenv/versions/1.25.11/src/testing/testing.go:1997 +0x9d2
  testing.runTests.func1()
      /home/kwatanabe/.goenv/versions/1.25.11/src/testing/testing.go:2477 +0x84
  testing.tRunner()
      /home/kwatanabe/.goenv/versions/1.25.11/src/testing/testing.go:1934 +0x21c
  testing.runTests()
      /home/kwatanabe/.goenv/versions/1.25.11/src/testing/testing.go:2475 +0x96c
  testing.(*M).Run()
      /home/kwatanabe/.goenv/versions/1.25.11/src/testing/testing.go:2337 +0xed4
  main.main()
      _testmain.go:131 +0x164

Goroutine 630 (running) created at:
  github.com/juicedata/juicefs/pkg/chunk.newCacheStore()
      /home/kwatanabe/.jfs-baseline-hwDf9E/pkg/chunk/disk_cache.go:160 +0xf91
  github.com/juicedata/juicefs/pkg/chunk.newCacheManager()
      /home/kwatanabe/.jfs-baseline-hwDf9E/pkg/chunk/disk_cache.go:1174 +0xa15
  github.com/juicedata/juicefs/pkg/chunk.TestCacheManager()
      /home/kwatanabe/.jfs-baseline-hwDf9E/pkg/chunk/disk_cache_test.go:382 +0x124
  testing.tRunner()
      /home/kwatanabe/.goenv/versions/1.25.11/src/testing/testing.go:1934 +0x21c
  testing.(*T).Run.gowrap1()
      /home/kwatanabe/.goenv/versions/1.25.11/src/testing/testing.go:1997 +0x44
==================
2026/10/02 18:44:10.691609 juicefs[630724] <WARNING>: statfs /home/kwatanabe/.jfs-chunk-test-VlIrvK/TestDiskCacheState1992529928/007/: no such file or directory [getDiskUsage@utils_unix.go:39]
2026/10/02 18:44:10.691793 juicefs[630724] <WARNING>: statfs /home/kwatanabe/.jfs-chunk-test-VlIrvK/TestDiskCacheState1992529928/006/: no such file or directory [getDiskUsage@utils_unix.go:39]
2026/10/02 18:44:10.691915 juicefs[630724] <WARNING>: statfs /home/kwatanabe/.jfs-chunk-test-VlIrvK/TestDiskCacheState1992529928/002/: no such file or directory [getDiskUsage@utils_unix.go:39]
2026/10/02 18:44:10.691976 juicefs[630724] <WARNING>: statfs /home/kwatanabe/.jfs-chunk-test-VlIrvK/TestDiskCacheState1992529928/003/: no such file or directory [getDiskUsage@utils_unix.go:39]
2026/10/02 18:44:10.692169 juicefs[630724] <WARNING>: statfs /home/kwatanabe/.jfs-chunk-test-VlIrvK/TestDiskCacheState1992529928/004/: no such file or directory [getDiskUsage@utils_unix.go:39]
2026/10/02 18:44:10.696893 juicefs[630724] <WARNING>: statfs /home/kwatanabe/.jfs-chunk-test-VlIrvK/TestDiskCacheState1992529928/009/: no such file or directory [getDiskUsage@utils_unix.go:39]
2026/10/02 18:44:10.697220 juicefs[630724] <WARNING>: statfs /home/kwatanabe/.jfs-chunk-test-VlIrvK/TestDiskCacheState1992529928/011/: no such file or directory [getDiskUsage@utils_unix.go:39]
2026/10/02 18:44:10.697353 juicefs[630724] <WARNING>: statfs /home/kwatanabe/.jfs-chunk-test-VlIrvK/TestDiskCacheState1992529928/008/: no such file or directory [getDiskUsage@utils_unix.go:39]
2026/10/02 18:44:10.699445 juicefs[630724] <WARNING>: statfs /home/kwatanabe/.jfs-chunk-test-VlIrvK/TestDiskCacheState1992529928/010/: no such file or directory [getDiskUsage@utils_unix.go:39]
2026/10/02 18:44:10.700636 juicefs[630724] <WARNING>: statfs /home/kwatanabe/.jfs-chunk-test-VlIrvK/diskCache-630724/1790934244697393759: no such file or directory [getDiskUsage@utils_unix.go:39]
2026/10/02 18:44:10.702964 juicefs[630724] <WARNING>: statfs /home/kwatanabe/.jfs-chunk-test-VlIrvK/diskCache-630724/1790934244698147427/: no such file or directory [getDiskUsage@utils_unix.go:39]
2026/10/02 18:44:10.806350 juicefs[630724] <WARNING>: statfs /home/kwatanabe/.jfs-chunk-test-VlIrvK/diskCache-630724/1790934244801684081: no such file or directory [getDiskUsage@utils_unix.go:39]
2026/10/02 18:44:10.832940 juicefs[630724] <INFO>: stop checkFreeSpace at /home/kwatanabe/.jfs-chunk-test-VlIrvK/TestCacheManager3247202610/001/ [checkFreeSpace@disk_cache.go:371]
2026/10/02 18:44:10.834970 juicefs[630724] <ERROR>: cache dir `/home/kwatanabe/.jfs-chunk-test-VlIrvK/TestCacheManager3247202610/001/`(89f281e6-d50f-4d6e-bb3d-ba51e885d443) is unavailable, removed [removeStore@disk_cache.go:1228]
2026/10/02 18:44:11.691772 juicefs[630724] <WARNING>: statfs /home/kwatanabe/.jfs-chunk-test-VlIrvK/TestDiskCacheState1992529928/007/: no such file or directory [getDiskUsage@utils_unix.go:39]
2026/10/02 18:44:11.692977 juicefs[630724] <WARNING>: statfs /home/kwatanabe/.jfs-chunk-test-VlIrvK/TestDiskCacheState1992529928/006/: no such file or directory [getDiskUsage@utils_unix.go:39]
2026/10/02 18:44:11.693015 juicefs[630724] <WARNING>: statfs /home/kwatanabe/.jfs-chunk-test-VlIrvK/TestDiskCacheState1992529928/002/: no such file or directory [getDiskUsage@utils_unix.go:39]
2026/10/02 18:44:11.693051 juicefs[630724] <WARNING>: statfs /home/kwatanabe/.jfs-chunk-test-VlIrvK/TestDiskCacheState1992529928/004/: no such file or directory [getDiskUsage@utils_unix.go:39]
2026/10/02 18:44:11.693109 juicefs[630724] <WARNING>: statfs /home/kwatanabe/.jfs-chunk-test-VlIrvK/TestDiskCacheState1992529928/003/: no such file or directory [getDiskUsage@utils_unix.go:39]
2026/10/02 18:44:11.697243 juicefs[630724] <WARNING>: statfs /home/kwatanabe/.jfs-chunk-test-VlIrvK/TestDiskCacheState1992529928/009/: no such file or directory [getDiskUsage@utils_unix.go:39]
2026/10/02 18:44:11.698391 juicefs[630724] <WARNING>: statfs /home/kwatanabe/.jfs-chunk-test-VlIrvK/TestDiskCacheState1992529928/008/: no such file or directory [getDiskUsage@utils_unix.go:39]
2026/10/02 18:44:11.698438 juicefs[630724] <WARNING>: statfs /home/kwatanabe/.jfs-chunk-test-VlIrvK/TestDiskCacheState1992529928/011/: no such file or directory [getDiskUsage@utils_unix.go:39]
2026/10/02 18:44:11.699711 juicefs[630724] <WARNING>: statfs /home/kwatanabe/.jfs-chunk-test-VlIrvK/TestDiskCacheState1992529928/010/: no such file or directory [getDiskUsage@utils_unix.go:39]
2026/10/02 18:44:11.700830 juicefs[630724] <WARNING>: statfs /home/kwatanabe/.jfs-chunk-test-VlIrvK/diskCache-630724/1790934244697393759: no such file or directory [getDiskUsage@utils_unix.go:39]
2026/10/02 18:44:11.704092 juicefs[630724] <WARNING>: statfs /home/kwatanabe/.jfs-chunk-test-VlIrvK/diskCache-630724/1790934244698147427/: no such file or directory [getDiskUsage@utils_unix.go:39]
2026/10/02 18:44:11.807237 juicefs[630724] <WARNING>: statfs /home/kwatanabe/.jfs-chunk-test-VlIrvK/diskCache-630724/1790934244801684081: no such file or directory [getDiskUsage@utils_unix.go:39]
2026/10/02 18:44:12.692982 juicefs[630724] <WARNING>: statfs /home/kwatanabe/.jfs-chunk-test-VlIrvK/TestDiskCacheState1992529928/007/: no such file or directory [getDiskUsage@utils_unix.go:39]
2026/10/02 18:44:12.694149 juicefs[630724] <WARNING>: statfs /home/kwatanabe/.jfs-chunk-test-VlIrvK/TestDiskCacheState1992529928/006/: no such file or directory [getDiskUsage@utils_unix.go:39]
2026/10/02 18:44:12.694199 juicefs[630724] <WARNING>: statfs /home/kwatanabe/.jfs-chunk-test-VlIrvK/TestDiskCacheState1992529928/004/: no such file or directory [getDiskUsage@utils_unix.go:39]
2026/10/02 18:44:12.694177 juicefs[630724] <WARNING>: statfs /home/kwatanabe/.jfs-chunk-test-VlIrvK/TestDiskCacheState1992529928/003/: no such file or directory [getDiskUsage@utils_unix.go:39]
2026/10/02 18:44:12.694200 juicefs[630724] <WARNING>: statfs /home/kwatanabe/.jfs-chunk-test-VlIrvK/TestDiskCacheState1992529928/002/: no such file or directory [getDiskUsage@utils_unix.go:39]
2026/10/02 18:44:12.697424 juicefs[630724] <WARNING>: statfs /home/kwatanabe/.jfs-chunk-test-VlIrvK/TestDiskCacheState1992529928/009/: no such file or directory [getDiskUsage@utils_unix.go:39]
2026/10/02 18:44:12.698613 juicefs[630724] <WARNING>: statfs /home/kwatanabe/.jfs-chunk-test-VlIrvK/TestDiskCacheState1992529928/008/: no such file or directory [getDiskUsage@utils_unix.go:39]
2026/10/02 18:44:12.698659 juicefs[630724] <WARNING>: statfs /home/kwatanabe/.jfs-chunk-test-VlIrvK/TestDiskCacheState1992529928/011/: no such file or directory [getDiskUsage@utils_unix.go:39]
2026/10/02 18:44:12.699785 juicefs[630724] <WARNING>: statfs /home/kwatanabe/.jfs-chunk-test-VlIrvK/TestDiskCacheState1992529928/010/: no such file or directory [getDiskUsage@utils_unix.go:39]
2026/10/02 18:44:12.700961 juicefs[630724] <WARNING>: statfs /home/kwatanabe/.jfs-chunk-test-VlIrvK/diskCache-630724/1790934244697393759: no such file or directory [getDiskUsage@utils_unix.go:39]
2026/10/02 18:44:12.704247 juicefs[630724] <WARNING>: statfs /home/kwatanabe/.jfs-chunk-test-VlIrvK/diskCache-630724/1790934244698147427/: no such file or directory [getDiskUsage@utils_unix.go:39]
2026/10/02 18:44:12.808096 juicefs[630724] <WARNING>: statfs /home/kwatanabe/.jfs-chunk-test-VlIrvK/diskCache-630724/1790934244801684081: no such file or directory [getDiskUsage@utils_unix.go:39]
==================
WARNING: DATA RACE
Write at 0x00c000f190b8 by goroutine 628:
  github.com/juicedata/juicefs/pkg/chunk.shutdownStore()
      /home/kwatanabe/.jfs-baseline-hwDf9E/pkg/chunk/disk_cache_test.go:374 +0xde
  github.com/juicedata/juicefs/pkg/chunk.TestCacheManager()
      /home/kwatanabe/.jfs-baseline-hwDf9E/pkg/chunk/disk_cache_test.go:434 +0x724
  testing.tRunner()
      /home/kwatanabe/.goenv/versions/1.25.11/src/testing/testing.go:1934 +0x21c
  testing.(*T).Run.gowrap1()
      /home/kwatanabe/.goenv/versions/1.25.11/src/testing/testing.go:1997 +0x44

Previous read at 0x00c000f190b8 by goroutine 649:
  github.com/juicedata/juicefs/pkg/chunk.(*cacheStore).available()
      /home/kwatanabe/.jfs-baseline-hwDf9E/pkg/chunk/disk_cache.go:242 +0x6b
  github.com/juicedata/juicefs/pkg/chunk.(*cacheStore).checkTimeout()
      /home/kwatanabe/.jfs-baseline-hwDf9E/pkg/chunk/disk_cache.go:288 +0x1d
  github.com/juicedata/juicefs/pkg/chunk.newCacheStore.gowrap7()
      /home/kwatanabe/.jfs-baseline-hwDf9E/pkg/chunk/disk_cache.go:168 +0x33

Goroutine 628 (running) created at:
  testing.(*T).Run()
      /home/kwatanabe/.goenv/versions/1.25.11/src/testing/testing.go:1997 +0x9d2
  testing.runTests.func1()
      /home/kwatanabe/.goenv/versions/1.25.11/src/testing/testing.go:2477 +0x84
  testing.tRunner()
      /home/kwatanabe/.goenv/versions/1.25.11/src/testing/testing.go:1934 +0x21c
  testing.runTests()
      /home/kwatanabe/.goenv/versions/1.25.11/src/testing/testing.go:2475 +0x96c
  testing.(*M).Run()
      /home/kwatanabe/.goenv/versions/1.25.11/src/testing/testing.go:2337 +0xed4
  main.main()
      _testmain.go:131 +0x164

Goroutine 649 (running) created at:
  github.com/juicedata/juicefs/pkg/chunk.newCacheStore()
      /home/kwatanabe/.jfs-baseline-hwDf9E/pkg/chunk/disk_cache.go:168 +0x12aa
  github.com/juicedata/juicefs/pkg/chunk.newCacheManager()
      /home/kwatanabe/.jfs-baseline-hwDf9E/pkg/chunk/disk_cache.go:1174 +0xa15
  github.com/juicedata/juicefs/pkg/chunk.TestCacheManager()
      /home/kwatanabe/.jfs-baseline-hwDf9E/pkg/chunk/disk_cache_test.go:382 +0x124
  testing.tRunner()
      /home/kwatanabe/.goenv/versions/1.25.11/src/testing/testing.go:1934 +0x21c
  testing.(*T).Run.gowrap1()
      /home/kwatanabe/.goenv/versions/1.25.11/src/testing/testing.go:1997 +0x44
==================
==================
WARNING: DATA RACE
Write at 0x00c000f18de8 by goroutine 628:
  github.com/juicedata/juicefs/pkg/chunk.shutdownStore()
      /home/kwatanabe/.jfs-baseline-hwDf9E/pkg/chunk/disk_cache_test.go:374 +0xde
  github.com/juicedata/juicefs/pkg/chunk.TestCacheManager()
      /home/kwatanabe/.jfs-baseline-hwDf9E/pkg/chunk/disk_cache_test.go:434 +0x724
  testing.tRunner()
      /home/kwatanabe/.goenv/versions/1.25.11/src/testing/testing.go:1934 +0x21c
  testing.(*T).Run.gowrap1()
      /home/kwatanabe/.goenv/versions/1.25.11/src/testing/testing.go:1997 +0x44

Previous read at 0x00c000f18de8 by goroutine 639:
  github.com/juicedata/juicefs/pkg/chunk.(*cacheStore).checkErr()
      /home/kwatanabe/.jfs-baseline-hwDf9E/pkg/chunk/disk_cache.go:278 +0x430
  github.com/juicedata/juicefs/pkg/chunk.(*cacheStore).curFreeRatio()
      /home/kwatanabe/.jfs-baseline-hwDf9E/pkg/chunk/disk_cache.go:493 +0x21c
  github.com/juicedata/juicefs/pkg/chunk.(*cacheStore).checkFreeSpace()
      /home/kwatanabe/.jfs-baseline-hwDf9E/pkg/chunk/disk_cache.go:355 +0x84
  github.com/juicedata/juicefs/pkg/chunk.newCacheStore.gowrap3()
      /home/kwatanabe/.jfs-baseline-hwDf9E/pkg/chunk/disk_cache.go:162 +0x33

Goroutine 628 (running) created at:
  testing.(*T).Run()
      /home/kwatanabe/.goenv/versions/1.25.11/src/testing/testing.go:1997 +0x9d2
  testing.runTests.func1()
      /home/kwatanabe/.goenv/versions/1.25.11/src/testing/testing.go:2477 +0x84
  testing.tRunner()
      /home/kwatanabe/.goenv/versions/1.25.11/src/testing/testing.go:1934 +0x21c
  testing.runTests()
      /home/kwatanabe/.goenv/versions/1.25.11/src/testing/testing.go:2475 +0x96c
  testing.(*M).Run()
      /home/kwatanabe/.goenv/versions/1.25.11/src/testing/testing.go:2337 +0xed4
  main.main()
      _testmain.go:131 +0x164

Goroutine 639 (running) created at:
  github.com/juicedata/juicefs/pkg/chunk.newCacheStore()
      /home/kwatanabe/.jfs-baseline-hwDf9E/pkg/chunk/disk_cache.go:162 +0x108a
  github.com/juicedata/juicefs/pkg/chunk.newCacheManager()
      /home/kwatanabe/.jfs-baseline-hwDf9E/pkg/chunk/disk_cache.go:1174 +0xa15
  github.com/juicedata/juicefs/pkg/chunk.TestCacheManager()
      /home/kwatanabe/.jfs-baseline-hwDf9E/pkg/chunk/disk_cache_test.go:382 +0x124
  testing.tRunner()
      /home/kwatanabe/.goenv/versions/1.25.11/src/testing/testing.go:1934 +0x21c
  testing.(*T).Run.gowrap1()
      /home/kwatanabe/.goenv/versions/1.25.11/src/testing/testing.go:1997 +0x44
==================
2026/10/02 18:44:12.836897 juicefs[630724] <ERROR>: cache dir `/home/kwatanabe/.jfs-chunk-test-VlIrvK/TestCacheManager3247202610/002/`(301eb440-0030-498b-8643-3bcc0bb5980d) is unavailable, removed [removeStore@disk_cache.go:1228]
2026/10/02 18:44:12.836967 juicefs[630724] <ERROR>: cache dir `/home/kwatanabe/.jfs-chunk-test-VlIrvK/TestCacheManager3247202610/003/`(f401e925-8040-4e0a-969c-aaec8b4d0137) is unavailable, removed [removeStore@disk_cache.go:1228]
2026/10/02 18:44:13.693859 juicefs[630724] <WARNING>: statfs /home/kwatanabe/.jfs-chunk-test-VlIrvK/TestDiskCacheState1992529928/007/: no such file or directory [getDiskUsage@utils_unix.go:39]
2026/10/02 18:44:13.695000 juicefs[630724] <WARNING>: statfs /home/kwatanabe/.jfs-chunk-test-VlIrvK/TestDiskCacheState1992529928/003/: no such file or directory [getDiskUsage@utils_unix.go:39]
2026/10/02 18:44:13.695059 juicefs[630724] <WARNING>: statfs /home/kwatanabe/.jfs-chunk-test-VlIrvK/TestDiskCacheState1992529928/006/: no such file or directory [getDiskUsage@utils_unix.go:39]
2026/10/02 18:44:13.695019 juicefs[630724] <WARNING>: statfs /home/kwatanabe/.jfs-chunk-test-VlIrvK/TestDiskCacheState1992529928/004/: no such file or directory [getDiskUsage@utils_unix.go:39]
2026/10/02 18:44:13.695039 juicefs[630724] <WARNING>: statfs /home/kwatanabe/.jfs-chunk-test-VlIrvK/TestDiskCacheState1992529928/002/: no such file or directory [getDiskUsage@utils_unix.go:39]
2026/10/02 18:44:13.698271 juicefs[630724] <WARNING>: statfs /home/kwatanabe/.jfs-chunk-test-VlIrvK/TestDiskCacheState1992529928/009/: no such file or directory [getDiskUsage@utils_unix.go:39]
2026/10/02 18:44:13.699417 juicefs[630724] <WARNING>: statfs /home/kwatanabe/.jfs-chunk-test-VlIrvK/TestDiskCacheState1992529928/008/: no such file or directory [getDiskUsage@utils_unix.go:39]
2026/10/02 18:44:13.699459 juicefs[630724] <WARNING>: statfs /home/kwatanabe/.jfs-chunk-test-VlIrvK/TestDiskCacheState1992529928/011/: no such file or directory [getDiskUsage@utils_unix.go:39]
2026/10/02 18:44:13.700792 juicefs[630724] <WARNING>: statfs /home/kwatanabe/.jfs-chunk-test-VlIrvK/TestDiskCacheState1992529928/010/: no such file or directory [getDiskUsage@utils_unix.go:39]
2026/10/02 18:44:13.702009 juicefs[630724] <WARNING>: statfs /home/kwatanabe/.jfs-chunk-test-VlIrvK/diskCache-630724/1790934244697393759: no such file or directory [getDiskUsage@utils_unix.go:39]
2026/10/02 18:44:13.705302 juicefs[630724] <WARNING>: statfs /home/kwatanabe/.jfs-chunk-test-VlIrvK/diskCache-630724/1790934244698147427/: no such file or directory [getDiskUsage@utils_unix.go:39]
2026/10/02 18:44:13.809460 juicefs[630724] <WARNING>: statfs /home/kwatanabe/.jfs-chunk-test-VlIrvK/diskCache-630724/1790934244801684081: no such file or directory [getDiskUsage@utils_unix.go:39]
2026/10/02 18:44:13.835566 juicefs[630724] <INFO>: stop checkFreeSpace at /home/kwatanabe/.jfs-chunk-test-VlIrvK/TestCacheManager3247202610/002/ [checkFreeSpace@disk_cache.go:371]
2026/10/02 18:44:13.835586 juicefs[630724] <INFO>: stop checkFreeSpace at /home/kwatanabe/.jfs-chunk-test-VlIrvK/TestCacheManager3247202610/003/ [checkFreeSpace@disk_cache.go:371]
2026/10/02 18:44:14.694962 juicefs[630724] <WARNING>: statfs /home/kwatanabe/.jfs-chunk-test-VlIrvK/TestDiskCacheState1992529928/007/: no such file or directory [getDiskUsage@utils_unix.go:39]
2026/10/02 18:44:14.696116 juicefs[630724] <WARNING>: statfs /home/kwatanabe/.jfs-chunk-test-VlIrvK/TestDiskCacheState1992529928/002/: no such file or directory [getDiskUsage@utils_unix.go:39]
2026/10/02 18:44:14.696150 juicefs[630724] <WARNING>: statfs /home/kwatanabe/.jfs-chunk-test-VlIrvK/TestDiskCacheState1992529928/003/: no such file or directory [getDiskUsage@utils_unix.go:39]
2026/10/02 18:44:14.696173 juicefs[630724] <WARNING>: statfs /home/kwatanabe/.jfs-chunk-test-VlIrvK/TestDiskCacheState1992529928/004/: no such file or directory [getDiskUsage@utils_unix.go:39]
2026/10/02 18:44:14.696160 juicefs[630724] <WARNING>: statfs /home/kwatanabe/.jfs-chunk-test-VlIrvK/TestDiskCacheState1992529928/006/: no such file or directory [getDiskUsage@utils_unix.go:39]
2026/10/02 18:44:14.698671 juicefs[630724] <WARNING>: statfs /home/kwatanabe/.jfs-chunk-test-VlIrvK/TestDiskCacheState1992529928/009/: no such file or directory [getDiskUsage@utils_unix.go:39]
2026/10/02 18:44:14.698731 juicefs[630724] <INFO>: lockfile /home/kwatanabe/.jfs-chunk-test-VlIrvK/diskCache-630724/1790934244697393759/.lock is lost, cache device maybe broken [checkLockFile@disk_cache.go:232]
2026/10/02 18:44:14.698794 juicefs[630724] <WARNING>: stat `/home/kwatanabe/.jfs-chunk-test-VlIrvK/diskCache-630724/1790934244697393759`: stat /home/kwatanabe/.jfs-chunk-test-VlIrvK/diskCache-630724/1790934244697393759: no such file or directory [inRootVolume@utils_unix.go:54]
2026/10/02 18:44:14.699905 juicefs[630724] <INFO>: lockfile /home/kwatanabe/.jfs-chunk-test-VlIrvK/diskCache-630724/1790934244698147427/.lock is lost, cache device maybe broken [checkLockFile@disk_cache.go:232]
2026/10/02 18:44:14.699971 juicefs[630724] <WARNING>: statfs /home/kwatanabe/.jfs-chunk-test-VlIrvK/TestDiskCacheState1992529928/011/: no such file or directory [getDiskUsage@utils_unix.go:39]
2026/10/02 18:44:14.699958 juicefs[630724] <WARNING>: statfs /home/kwatanabe/.jfs-chunk-test-VlIrvK/TestDiskCacheState1992529928/008/: no such file or directory [getDiskUsage@utils_unix.go:39]
2026/10/02 18:44:14.699975 juicefs[630724] <WARNING>: stat `/home/kwatanabe/.jfs-chunk-test-VlIrvK/diskCache-630724/1790934244698147427/`: stat /home/kwatanabe/.jfs-chunk-test-VlIrvK/diskCache-630724/1790934244698147427/: no such file or directory [inRootVolume@utils_unix.go:54]
2026/10/02 18:44:14.701105 juicefs[630724] <WARNING>: statfs /home/kwatanabe/.jfs-chunk-test-VlIrvK/TestDiskCacheState1992529928/010/: no such file or directory [getDiskUsage@utils_unix.go:39]
2026/10/02 18:44:14.702358 juicefs[630724] <WARNING>: statfs /home/kwatanabe/.jfs-chunk-test-VlIrvK/diskCache-630724/1790934244697393759: no such file or directory [getDiskUsage@utils_unix.go:39]
2026/10/02 18:44:14.705493 juicefs[630724] <WARNING>: statfs /home/kwatanabe/.jfs-chunk-test-VlIrvK/diskCache-630724/1790934244698147427/: no such file or directory [getDiskUsage@utils_unix.go:39]
2026/10/02 18:44:14.802556 juicefs[630724] <INFO>: lockfile /home/kwatanabe/.jfs-chunk-test-VlIrvK/diskCache-630724/1790934244801684081/.lock is lost, cache device maybe broken [checkLockFile@disk_cache.go:232]
2026/10/02 18:44:14.802644 juicefs[630724] <WARNING>: stat `/home/kwatanabe/.jfs-chunk-test-VlIrvK/diskCache-630724/1790934244801684081`: stat /home/kwatanabe/.jfs-chunk-test-VlIrvK/diskCache-630724/1790934244801684081: no such file or directory [inRootVolume@utils_unix.go:54]
2026/10/02 18:44:14.809992 juicefs[630724] <WARNING>: statfs /home/kwatanabe/.jfs-chunk-test-VlIrvK/diskCache-630724/1790934244801684081: no such file or directory [getDiskUsage@utils_unix.go:39]
2026/10/02 18:44:15.695278 juicefs[630724] <WARNING>: statfs /home/kwatanabe/.jfs-chunk-test-VlIrvK/TestDiskCacheState1992529928/007/: no such file or directory [getDiskUsage@utils_unix.go:39]
2026/10/02 18:44:15.696438 juicefs[630724] <WARNING>: statfs /home/kwatanabe/.jfs-chunk-test-VlIrvK/TestDiskCacheState1992529928/004/: no such file or directory [getDiskUsage@utils_unix.go:39]
2026/10/02 18:44:15.696477 juicefs[630724] <WARNING>: statfs /home/kwatanabe/.jfs-chunk-test-VlIrvK/TestDiskCacheState1992529928/002/: no such file or directory [getDiskUsage@utils_unix.go:39]
2026/10/02 18:44:15.696498 juicefs[630724] <WARNING>: statfs /home/kwatanabe/.jfs-chunk-test-VlIrvK/TestDiskCacheState1992529928/003/: no such file or directory [getDiskUsage@utils_unix.go:39]
2026/10/02 18:44:15.696492 juicefs[630724] <WARNING>: statfs /home/kwatanabe/.jfs-chunk-test-VlIrvK/TestDiskCacheState1992529928/006/: no such file or directory [getDiskUsage@utils_unix.go:39]
2026/10/02 18:44:15.698772 juicefs[630724] <WARNING>: statfs /home/kwatanabe/.jfs-chunk-test-VlIrvK/TestDiskCacheState1992529928/009/: no such file or directory [getDiskUsage@utils_unix.go:39]
2026/10/02 18:44:15.700950 juicefs[630724] <WARNING>: statfs /home/kwatanabe/.jfs-chunk-test-VlIrvK/TestDiskCacheState1992529928/008/: no such file or directory [getDiskUsage@utils_unix.go:39]
2026/10/02 18:44:15.700966 juicefs[630724] <WARNING>: statfs /home/kwatanabe/.jfs-chunk-test-VlIrvK/TestDiskCacheState1992529928/011/: no such file or directory [getDiskUsage@utils_unix.go:39]
2026/10/02 18:44:15.702233 juicefs[630724] <WARNING>: statfs /home/kwatanabe/.jfs-chunk-test-VlIrvK/TestDiskCacheState1992529928/010/: no such file or directory [getDiskUsage@utils_unix.go:39]
2026/10/02 18:44:15.703391 juicefs[630724] <WARNING>: statfs /home/kwatanabe/.jfs-chunk-test-VlIrvK/diskCache-630724/1790934244697393759: no such file or directory [getDiskUsage@utils_unix.go:39]
2026/10/02 18:44:15.706691 juicefs[630724] <WARNING>: statfs /home/kwatanabe/.jfs-chunk-test-VlIrvK/diskCache-630724/1790934244698147427/: no such file or directory [getDiskUsage@utils_unix.go:39]
2026/10/02 18:44:15.810981 juicefs[630724] <WARNING>: statfs /home/kwatanabe/.jfs-chunk-test-VlIrvK/diskCache-630724/1790934244801684081: no such file or directory [getDiskUsage@utils_unix.go:39]
--- FAIL: TestCacheManager (6.01s)
    testing.go:1617: race detected during execution of test
2026/10/02 18:44:15.837027 juicefs[630724] <INFO>: Disk cache (/home/kwatanabe/.jfs-chunk-test-VlIrvK/diskCache-630724/): used ratio - [space 19.4%, inode 4.4%] [newCacheStore@disk_cache.go:154]
2026/10/02 18:44:15.837111 juicefs[630724] <INFO>: Adjusted max items based on freeratio: from 0 to 65095600 items [setLimitByFreeRatio@disk_cache.go:191]
==================
WARNING: DATA RACE
Read at 0x00c00089de9a by goroutine 653:
  github.com/juicedata/juicefs/pkg/chunk.(*cacheStore).cache()
      /home/kwatanabe/.jfs-baseline-hwDf9E/pkg/chunk/disk_cache.go:448 +0x90
  github.com/juicedata/juicefs/pkg/chunk.(*cacheManager).cache()
      /home/kwatanabe/.jfs-baseline-hwDf9E/pkg/chunk/disk_cache.go:1282 +0x6d
  github.com/juicedata/juicefs/pkg/chunk.TestAtimeNotLost()
      /home/kwatanabe/.jfs-baseline-hwDf9E/pkg/chunk/disk_cache_test.go:451 +0x358
  testing.tRunner()
      /home/kwatanabe/.goenv/versions/1.25.11/src/testing/testing.go:1934 +0x21c
  testing.(*T).Run.gowrap1()
      /home/kwatanabe/.goenv/versions/1.25.11/src/testing/testing.go:1997 +0x44

Previous write at 0x00c00089de9a by goroutine 657:
  github.com/juicedata/juicefs/pkg/chunk.(*cacheStore).checkFreeSpace()
      /home/kwatanabe/.jfs-baseline-hwDf9E/pkg/chunk/disk_cache.go:357 +0x1ba
  github.com/juicedata/juicefs/pkg/chunk.newCacheStore.gowrap3()
      /home/kwatanabe/.jfs-baseline-hwDf9E/pkg/chunk/disk_cache.go:162 +0x33

Goroutine 653 (running) created at:
  testing.(*T).Run()
      /home/kwatanabe/.goenv/versions/1.25.11/src/testing/testing.go:1997 +0x9d2
  testing.runTests.func1()
      /home/kwatanabe/.goenv/versions/1.25.11/src/testing/testing.go:2477 +0x84
  testing.tRunner()
      /home/kwatanabe/.goenv/versions/1.25.11/src/testing/testing.go:1934 +0x21c
  testing.runTests()
      /home/kwatanabe/.goenv/versions/1.25.11/src/testing/testing.go:2475 +0x96c
  testing.(*M).Run()
      /home/kwatanabe/.goenv/versions/1.25.11/src/testing/testing.go:2337 +0xed4
  main.main()
      _testmain.go:131 +0x164

Goroutine 657 (running) created at:
  github.com/juicedata/juicefs/pkg/chunk.newCacheStore()
      /home/kwatanabe/.jfs-baseline-hwDf9E/pkg/chunk/disk_cache.go:162 +0x108a
  github.com/juicedata/juicefs/pkg/chunk.newCacheManager()
      /home/kwatanabe/.jfs-baseline-hwDf9E/pkg/chunk/disk_cache.go:1174 +0xa15
  github.com/juicedata/juicefs/pkg/chunk.TestAtimeNotLost()
      /home/kwatanabe/.jfs-baseline-hwDf9E/pkg/chunk/disk_cache_test.go:446 +0x1aa
  testing.tRunner()
      /home/kwatanabe/.goenv/versions/1.25.11/src/testing/testing.go:1934 +0x21c
  testing.(*T).Run.gowrap1()
      /home/kwatanabe/.goenv/versions/1.25.11/src/testing/testing.go:1997 +0x44
==================
2026/10/02 18:44:16.695891 juicefs[630724] <WARNING>: statfs /home/kwatanabe/.jfs-chunk-test-VlIrvK/TestDiskCacheState1992529928/007/: no such file or directory [getDiskUsage@utils_unix.go:39]
2026/10/02 18:44:16.696988 juicefs[630724] <WARNING>: statfs /home/kwatanabe/.jfs-chunk-test-VlIrvK/TestDiskCacheState1992529928/003/: no such file or directory [getDiskUsage@utils_unix.go:39]
2026/10/02 18:44:16.697028 juicefs[630724] <WARNING>: statfs /home/kwatanabe/.jfs-chunk-test-VlIrvK/TestDiskCacheState1992529928/002/: no such file or directory [getDiskUsage@utils_unix.go:39]
2026/10/02 18:44:16.697045 juicefs[630724] <WARNING>: statfs /home/kwatanabe/.jfs-chunk-test-VlIrvK/TestDiskCacheState1992529928/006/: no such file or directory [getDiskUsage@utils_unix.go:39]
2026/10/02 18:44:16.697089 juicefs[630724] <WARNING>: statfs /home/kwatanabe/.jfs-chunk-test-VlIrvK/TestDiskCacheState1992529928/004/: no such file or directory [getDiskUsage@utils_unix.go:39]
2026/10/02 18:44:16.699362 juicefs[630724] <WARNING>: statfs /home/kwatanabe/.jfs-chunk-test-VlIrvK/TestDiskCacheState1992529928/009/: no such file or directory [getDiskUsage@utils_unix.go:39]
2026/10/02 18:44:16.701654 juicefs[630724] <WARNING>: statfs /home/kwatanabe/.jfs-chunk-test-VlIrvK/TestDiskCacheState1992529928/008/: no such file or directory [getDiskUsage@utils_unix.go:39]
2026/10/02 18:44:16.701725 juicefs[630724] <WARNING>: statfs /home/kwatanabe/.jfs-chunk-test-VlIrvK/TestDiskCacheState1992529928/011/: no such file or directory [getDiskUsage@utils_unix.go:39]
2026/10/02 18:44:16.702840 juicefs[630724] <WARNING>: statfs /home/kwatanabe/.jfs-chunk-test-VlIrvK/TestDiskCacheState1992529928/010/: no such file or directory [getDiskUsage@utils_unix.go:39]
2026/10/02 18:44:16.704083 juicefs[630724] <WARNING>: statfs /home/kwatanabe/.jfs-chunk-test-VlIrvK/diskCache-630724/1790934244697393759: no such file or directory [getDiskUsage@utils_unix.go:39]
2026/10/02 18:44:16.707437 juicefs[630724] <WARNING>: statfs /home/kwatanabe/.jfs-chunk-test-VlIrvK/diskCache-630724/1790934244698147427/: no such file or directory [getDiskUsage@utils_unix.go:39]
2026/10/02 18:44:16.811458 juicefs[630724] <WARNING>: statfs /home/kwatanabe/.jfs-chunk-test-VlIrvK/diskCache-630724/1790934244801684081: no such file or directory [getDiskUsage@utils_unix.go:39]
2026/10/02 18:44:17.696080 juicefs[630724] <WARNING>: statfs /home/kwatanabe/.jfs-chunk-test-VlIrvK/TestDiskCacheState1992529928/007/: no such file or directory [getDiskUsage@utils_unix.go:39]
2026/10/02 18:44:17.697359 juicefs[630724] <WARNING>: statfs /home/kwatanabe/.jfs-chunk-test-VlIrvK/TestDiskCacheState1992529928/006/: no such file or directory [getDiskUsage@utils_unix.go:39]
2026/10/02 18:44:17.697416 juicefs[630724] <WARNING>: statfs /home/kwatanabe/.jfs-chunk-test-VlIrvK/TestDiskCacheState1992529928/002/: no such file or directory [getDiskUsage@utils_unix.go:39]
2026/10/02 18:44:17.697518 juicefs[630724] <WARNING>: statfs /home/kwatanabe/.jfs-chunk-test-VlIrvK/TestDiskCacheState1992529928/004/: no such file or directory [getDiskUsage@utils_unix.go:39]
2026/10/02 18:44:17.697455 juicefs[630724] <WARNING>: statfs /home/kwatanabe/.jfs-chunk-test-VlIrvK/TestDiskCacheState1992529928/003/: no such file or directory [getDiskUsage@utils_unix.go:39]
2026/10/02 18:44:17.699712 juicefs[630724] <WARNING>: statfs /home/kwatanabe/.jfs-chunk-test-VlIrvK/TestDiskCacheState1992529928/009/: no such file or directory [getDiskUsage@utils_unix.go:39]
2026/10/02 18:44:17.701972 juicefs[630724] <WARNING>: statfs /home/kwatanabe/.jfs-chunk-test-VlIrvK/TestDiskCacheState1992529928/011/: no such file or directory [getDiskUsage@utils_unix.go:39]
2026/10/02 18:44:17.702007 juicefs[630724] <WARNING>: statfs /home/kwatanabe/.jfs-chunk-test-VlIrvK/TestDiskCacheState1992529928/008/: no such file or directory [getDiskUsage@utils_unix.go:39]
2026/10/02 18:44:17.703200 juicefs[630724] <WARNING>: statfs /home/kwatanabe/.jfs-chunk-test-VlIrvK/TestDiskCacheState1992529928/010/: no such file or directory [getDiskUsage@utils_unix.go:39]
2026/10/02 18:44:17.704332 juicefs[630724] <WARNING>: statfs /home/kwatanabe/.jfs-chunk-test-VlIrvK/diskCache-630724/1790934244697393759: no such file or directory [getDiskUsage@utils_unix.go:39]
2026/10/02 18:44:17.708666 juicefs[630724] <WARNING>: statfs /home/kwatanabe/.jfs-chunk-test-VlIrvK/diskCache-630724/1790934244698147427/: no such file or directory [getDiskUsage@utils_unix.go:39]
2026/10/02 18:44:17.812700 juicefs[630724] <WARNING>: statfs /home/kwatanabe/.jfs-chunk-test-VlIrvK/diskCache-630724/1790934244801684081: no such file or directory [getDiskUsage@utils_unix.go:39]
2026/10/02 18:44:18.685212 juicefs[630724] <INFO>: lockfile /home/kwatanabe/.jfs-chunk-test-VlIrvK/TestDiskCacheState1992529928/002/.lock is lost, cache device maybe broken [checkLockFile@disk_cache.go:232]
2026/10/02 18:44:18.685310 juicefs[630724] <WARNING>: stat `/home/kwatanabe/.jfs-chunk-test-VlIrvK/TestDiskCacheState1992529928/002/`: stat /home/kwatanabe/.jfs-chunk-test-VlIrvK/TestDiskCacheState1992529928/002/: no such file or directory [inRootVolume@utils_unix.go:54]
2026/10/02 18:44:18.685375 juicefs[630724] <INFO>: lockfile /home/kwatanabe/.jfs-chunk-test-VlIrvK/TestDiskCacheState1992529928/004/.lock is lost, cache device maybe broken [checkLockFile@disk_cache.go:232]
2026/10/02 18:44:18.685425 juicefs[630724] <WARNING>: stat `/home/kwatanabe/.jfs-chunk-test-VlIrvK/TestDiskCacheState1992529928/004/`: stat /home/kwatanabe/.jfs-chunk-test-VlIrvK/TestDiskCacheState1992529928/004/: no such file or directory [inRootVolume@utils_unix.go:54]
2026/10/02 18:44:18.685469 juicefs[630724] <INFO>: lockfile /home/kwatanabe/.jfs-chunk-test-VlIrvK/TestDiskCacheState1992529928/003/.lock is lost, cache device maybe broken [checkLockFile@disk_cache.go:232]
2026/10/02 18:44:18.685547 juicefs[630724] <WARNING>: stat `/home/kwatanabe/.jfs-chunk-test-VlIrvK/TestDiskCacheState1992529928/003/`: stat /home/kwatanabe/.jfs-chunk-test-VlIrvK/TestDiskCacheState1992529928/003/: no such file or directory [inRootVolume@utils_unix.go:54]
2026/10/02 18:44:18.686335 juicefs[630724] <INFO>: lockfile /home/kwatanabe/.jfs-chunk-test-VlIrvK/TestDiskCacheState1992529928/006/.lock is lost, cache device maybe broken [checkLockFile@disk_cache.go:232]
2026/10/02 18:44:18.686396 juicefs[630724] <INFO>: lockfile /home/kwatanabe/.jfs-chunk-test-VlIrvK/TestDiskCacheState1992529928/007/.lock is lost, cache device maybe broken [checkLockFile@disk_cache.go:232]
2026/10/02 18:44:18.686451 juicefs[630724] <WARNING>: stat `/home/kwatanabe/.jfs-chunk-test-VlIrvK/TestDiskCacheState1992529928/007/`: stat /home/kwatanabe/.jfs-chunk-test-VlIrvK/TestDiskCacheState1992529928/007/: no such file or directory [inRootVolume@utils_unix.go:54]
2026/10/02 18:44:18.686475 juicefs[630724] <INFO>: lockfile /home/kwatanabe/.jfs-chunk-test-VlIrvK/TestDiskCacheState1992529928/009/.lock is lost, cache device maybe broken [checkLockFile@disk_cache.go:232]
2026/10/02 18:44:18.686540 juicefs[630724] <WARNING>: stat `/home/kwatanabe/.jfs-chunk-test-VlIrvK/TestDiskCacheState1992529928/009/`: stat /home/kwatanabe/.jfs-chunk-test-VlIrvK/TestDiskCacheState1992529928/009/: no such file or directory [inRootVolume@utils_unix.go:54]
2026/10/02 18:44:18.686372 juicefs[630724] <INFO>: lockfile /home/kwatanabe/.jfs-chunk-test-VlIrvK/TestDiskCacheState1992529928/008/.lock is lost, cache device maybe broken [checkLockFile@disk_cache.go:232]
2026/10/02 18:44:18.686639 juicefs[630724] <WARNING>: stat `/home/kwatanabe/.jfs-chunk-test-VlIrvK/TestDiskCacheState1992529928/008/`: stat /home/kwatanabe/.jfs-chunk-test-VlIrvK/TestDiskCacheState1992529928/008/: no such file or directory [inRootVolume@utils_unix.go:54]
2026/10/02 18:44:18.686401 juicefs[630724] <WARNING>: stat `/home/kwatanabe/.jfs-chunk-test-VlIrvK/TestDiskCacheState1992529928/006/`: stat /home/kwatanabe/.jfs-chunk-test-VlIrvK/TestDiskCacheState1992529928/006/: no such file or directory [inRootVolume@utils_unix.go:54]
2026/10/02 18:44:18.687530 juicefs[630724] <INFO>: lockfile /home/kwatanabe/.jfs-chunk-test-VlIrvK/TestDiskCacheState1992529928/011/.lock is lost, cache device maybe broken [checkLockFile@disk_cache.go:232]
2026/10/02 18:44:18.687625 juicefs[630724] <WARNING>: stat `/home/kwatanabe/.jfs-chunk-test-VlIrvK/TestDiskCacheState1992529928/011/`: stat /home/kwatanabe/.jfs-chunk-test-VlIrvK/TestDiskCacheState1992529928/011/: no such file or directory [inRootVolume@utils_unix.go:54]
2026/10/02 18:44:18.687562 juicefs[630724] <INFO>: lockfile /home/kwatanabe/.jfs-chunk-test-VlIrvK/TestDiskCacheState1992529928/010/.lock is lost, cache device maybe broken [checkLockFile@disk_cache.go:232]
2026/10/02 18:44:18.687733 juicefs[630724] <WARNING>: stat `/home/kwatanabe/.jfs-chunk-test-VlIrvK/TestDiskCacheState1992529928/010/`: stat /home/kwatanabe/.jfs-chunk-test-VlIrvK/TestDiskCacheState1992529928/010/: no such file or directory [inRootVolume@utils_unix.go:54]
2026/10/02 18:44:18.696303 juicefs[630724] <WARNING>: statfs /home/kwatanabe/.jfs-chunk-test-VlIrvK/TestDiskCacheState1992529928/007/: no such file or directory [getDiskUsage@utils_unix.go:39]
2026/10/02 18:44:18.697636 juicefs[630724] <WARNING>: statfs /home/kwatanabe/.jfs-chunk-test-VlIrvK/TestDiskCacheState1992529928/006/: no such file or directory [getDiskUsage@utils_unix.go:39]
2026/10/02 18:44:18.697695 juicefs[630724] <WARNING>: statfs /home/kwatanabe/.jfs-chunk-test-VlIrvK/TestDiskCacheState1992529928/002/: no such file or directory [getDiskUsage@utils_unix.go:39]
2026/10/02 18:44:18.697756 juicefs[630724] <WARNING>: statfs /home/kwatanabe/.jfs-chunk-test-VlIrvK/TestDiskCacheState1992529928/003/: no such file or directory [getDiskUsage@utils_unix.go:39]
2026/10/02 18:44:18.697719 juicefs[630724] <WARNING>: statfs /home/kwatanabe/.jfs-chunk-test-VlIrvK/TestDiskCacheState1992529928/004/: no such file or directory [getDiskUsage@utils_unix.go:39]
2026/10/02 18:44:18.700068 juicefs[630724] <WARNING>: statfs /home/kwatanabe/.jfs-chunk-test-VlIrvK/TestDiskCacheState1992529928/009/: no such file or directory [getDiskUsage@utils_unix.go:39]
2026/10/02 18:44:18.702352 juicefs[630724] <WARNING>: statfs /home/kwatanabe/.jfs-chunk-test-VlIrvK/TestDiskCacheState1992529928/011/: no such file or directory [getDiskUsage@utils_unix.go:39]
2026/10/02 18:44:18.702399 juicefs[630724] <WARNING>: statfs /home/kwatanabe/.jfs-chunk-test-VlIrvK/TestDiskCacheState1992529928/008/: no such file or directory [getDiskUsage@utils_unix.go:39]
2026/10/02 18:44:18.703537 juicefs[630724] <WARNING>: statfs /home/kwatanabe/.jfs-chunk-test-VlIrvK/TestDiskCacheState1992529928/010/: no such file or directory [getDiskUsage@utils_unix.go:39]
2026/10/02 18:44:18.704723 juicefs[630724] <WARNING>: statfs /home/kwatanabe/.jfs-chunk-test-VlIrvK/diskCache-630724/1790934244697393759: no such file or directory [getDiskUsage@utils_unix.go:39]
2026/10/02 18:44:18.709059 juicefs[630724] <WARNING>: statfs /home/kwatanabe/.jfs-chunk-test-VlIrvK/diskCache-630724/1790934244698147427/: no such file or directory [getDiskUsage@utils_unix.go:39]
2026/10/02 18:44:18.813870 juicefs[630724] <WARNING>: statfs /home/kwatanabe/.jfs-chunk-test-VlIrvK/diskCache-630724/1790934244801684081: no such file or directory [getDiskUsage@utils_unix.go:39]
2026/10/02 18:44:18.838441 juicefs[630724] <INFO>: Disk cache (/home/kwatanabe/.jfs-chunk-test-VlIrvK/diskCache-630724/): used ratio - [space 19.4%, inode 4.4%] [newCacheStore@disk_cache.go:154]
2026/10/02 18:44:18.838547 juicefs[630724] <INFO>: Adjusted max items based on freeratio: from 0 to 65095600 items [setLimitByFreeRatio@disk_cache.go:191]
2026/10/02 18:44:19.697144 juicefs[630724] <WARNING>: statfs /home/kwatanabe/.jfs-chunk-test-VlIrvK/TestDiskCacheState1992529928/007/: no such file or directory [getDiskUsage@utils_unix.go:39]
2026/10/02 18:44:19.698349 juicefs[630724] <WARNING>: statfs /home/kwatanabe/.jfs-chunk-test-VlIrvK/TestDiskCacheState1992529928/003/: no such file or directory [getDiskUsage@utils_unix.go:39]
2026/10/02 18:44:19.698375 juicefs[630724] <WARNING>: statfs /home/kwatanabe/.jfs-chunk-test-VlIrvK/TestDiskCacheState1992529928/006/: no such file or directory [getDiskUsage@utils_unix.go:39]
2026/10/02 18:44:19.698394 juicefs[630724] <WARNING>: statfs /home/kwatanabe/.jfs-chunk-test-VlIrvK/TestDiskCacheState1992529928/004/: no such file or directory [getDiskUsage@utils_unix.go:39]
2026/10/02 18:44:19.698436 juicefs[630724] <WARNING>: statfs /home/kwatanabe/.jfs-chunk-test-VlIrvK/TestDiskCacheState1992529928/002/: no such file or directory [getDiskUsage@utils_unix.go:39]
2026/10/02 18:44:19.700633 juicefs[630724] <WARNING>: statfs /home/kwatanabe/.jfs-chunk-test-VlIrvK/TestDiskCacheState1992529928/009/: no such file or directory [getDiskUsage@utils_unix.go:39]
2026/10/02 18:44:19.702888 juicefs[630724] <WARNING>: statfs /home/kwatanabe/.jfs-chunk-test-VlIrvK/TestDiskCacheState1992529928/011/: no such file or directory [getDiskUsage@utils_unix.go:39]
2026/10/02 18:44:19.702956 juicefs[630724] <WARNING>: statfs /home/kwatanabe/.jfs-chunk-test-VlIrvK/TestDiskCacheState1992529928/008/: no such file or directory [getDiskUsage@utils_unix.go:39]
2026/10/02 18:44:19.704027 juicefs[630724] <WARNING>: statfs /home/kwatanabe/.jfs-chunk-test-VlIrvK/TestDiskCacheState1992529928/010/: no such file or directory [getDiskUsage@utils_unix.go:39]
2026/10/02 18:44:19.705363 juicefs[630724] <WARNING>: statfs /home/kwatanabe/.jfs-chunk-test-VlIrvK/diskCache-630724/1790934244697393759: no such file or directory [getDiskUsage@utils_unix.go:39]
2026/10/02 18:44:19.709713 juicefs[630724] <WARNING>: statfs /home/kwatanabe/.jfs-chunk-test-VlIrvK/diskCache-630724/1790934244698147427/: no such file or directory [getDiskUsage@utils_unix.go:39]
2026/10/02 18:44:19.814825 juicefs[630724] <WARNING>: statfs /home/kwatanabe/.jfs-chunk-test-VlIrvK/diskCache-630724/1790934244801684081: no such file or directory [getDiskUsage@utils_unix.go:39]
2026/10/02 18:44:20.697305 juicefs[630724] <WARNING>: statfs /home/kwatanabe/.jfs-chunk-test-VlIrvK/TestDiskCacheState1992529928/007/: no such file or directory [getDiskUsage@utils_unix.go:39]
2026/10/02 18:44:20.698555 juicefs[630724] <WARNING>: statfs /home/kwatanabe/.jfs-chunk-test-VlIrvK/TestDiskCacheState1992529928/003/: no such file or directory [getDiskUsage@utils_unix.go:39]
2026/10/02 18:44:20.698594 juicefs[630724] <WARNING>: statfs /home/kwatanabe/.jfs-chunk-test-VlIrvK/TestDiskCacheState1992529928/006/: no such file or directory [getDiskUsage@utils_unix.go:39]
2026/10/02 18:44:20.698614 juicefs[630724] <WARNING>: statfs /home/kwatanabe/.jfs-chunk-test-VlIrvK/TestDiskCacheState1992529928/004/: no such file or directory [getDiskUsage@utils_unix.go:39]
2026/10/02 18:44:20.698615 juicefs[630724] <WARNING>: statfs /home/kwatanabe/.jfs-chunk-test-VlIrvK/TestDiskCacheState1992529928/002/: no such file or directory [getDiskUsage@utils_unix.go:39]
2026/10/02 18:44:20.700935 juicefs[630724] <WARNING>: statfs /home/kwatanabe/.jfs-chunk-test-VlIrvK/TestDiskCacheState1992529928/009/: no such file or directory [getDiskUsage@utils_unix.go:39]
2026/10/02 18:44:20.703012 juicefs[630724] <WARNING>: statfs /home/kwatanabe/.jfs-chunk-test-VlIrvK/TestDiskCacheState1992529928/011/: no such file or directory [getDiskUsage@utils_unix.go:39]
2026/10/02 18:44:20.703117 juicefs[630724] <WARNING>: statfs /home/kwatanabe/.jfs-chunk-test-VlIrvK/TestDiskCacheState1992529928/008/: no such file or directory [getDiskUsage@utils_unix.go:39]
2026/10/02 18:44:20.704214 juicefs[630724] <WARNING>: statfs /home/kwatanabe/.jfs-chunk-test-VlIrvK/TestDiskCacheState1992529928/010/: no such file or directory [getDiskUsage@utils_unix.go:39]
2026/10/02 18:44:20.705526 juicefs[630724] <WARNING>: statfs /home/kwatanabe/.jfs-chunk-test-VlIrvK/diskCache-630724/1790934244697393759: no such file or directory [getDiskUsage@utils_unix.go:39]
2026/10/02 18:44:20.710940 juicefs[630724] <WARNING>: statfs /home/kwatanabe/.jfs-chunk-test-VlIrvK/diskCache-630724/1790934244698147427/: no such file or directory [getDiskUsage@utils_unix.go:39]
2026/10/02 18:44:20.815103 juicefs[630724] <WARNING>: statfs /home/kwatanabe/.jfs-chunk-test-VlIrvK/diskCache-630724/1790934244801684081: no such file or directory [getDiskUsage@utils_unix.go:39]
2026/10/02 18:44:21.697664 juicefs[630724] <WARNING>: statfs /home/kwatanabe/.jfs-chunk-test-VlIrvK/TestDiskCacheState1992529928/007/: no such file or directory [getDiskUsage@utils_unix.go:39]
2026/10/02 18:44:21.698787 juicefs[630724] <WARNING>: statfs /home/kwatanabe/.jfs-chunk-test-VlIrvK/TestDiskCacheState1992529928/004/: no such file or directory [getDiskUsage@utils_unix.go:39]
2026/10/02 18:44:21.698839 juicefs[630724] <WARNING>: statfs /home/kwatanabe/.jfs-chunk-test-VlIrvK/TestDiskCacheState1992529928/002/: no such file or directory [getDiskUsage@utils_unix.go:39]
2026/10/02 18:44:21.698816 juicefs[630724] <WARNING>: statfs /home/kwatanabe/.jfs-chunk-test-VlIrvK/TestDiskCacheState1992529928/003/: no such file or directory [getDiskUsage@utils_unix.go:39]
2026/10/02 18:44:21.698852 juicefs[630724] <WARNING>: statfs /home/kwatanabe/.jfs-chunk-test-VlIrvK/TestDiskCacheState1992529928/006/: no such file or directory [getDiskUsage@utils_unix.go:39]
2026/10/02 18:44:21.701044 juicefs[630724] <WARNING>: statfs /home/kwatanabe/.jfs-chunk-test-VlIrvK/TestDiskCacheState1992529928/009/: no such file or directory [getDiskUsage@utils_unix.go:39]
2026/10/02 18:44:21.703319 juicefs[630724] <WARNING>: statfs /home/kwatanabe/.jfs-chunk-test-VlIrvK/TestDiskCacheState1992529928/008/: no such file or directory [getDiskUsage@utils_unix.go:39]
2026/10/02 18:44:21.703366 juicefs[630724] <WARNING>: statfs /home/kwatanabe/.jfs-chunk-test-VlIrvK/TestDiskCacheState1992529928/011/: no such file or directory [getDiskUsage@utils_unix.go:39]
2026/10/02 18:44:21.704561 juicefs[630724] <WARNING>: statfs /home/kwatanabe/.jfs-chunk-test-VlIrvK/TestDiskCacheState1992529928/010/: no such file or directory [getDiskUsage@utils_unix.go:39]
2026/10/02 18:44:21.705786 juicefs[630724] <WARNING>: statfs /home/kwatanabe/.jfs-chunk-test-VlIrvK/diskCache-630724/1790934244697393759: no such file or directory [getDiskUsage@utils_unix.go:39]
2026/10/02 18:44:21.712149 juicefs[630724] <WARNING>: statfs /home/kwatanabe/.jfs-chunk-test-VlIrvK/diskCache-630724/1790934244698147427/: no such file or directory [getDiskUsage@utils_unix.go:39]
2026/10/02 18:44:21.816289 juicefs[630724] <WARNING>: statfs /home/kwatanabe/.jfs-chunk-test-VlIrvK/diskCache-630724/1790934244801684081: no such file or directory [getDiskUsage@utils_unix.go:39]
2026/10/02 18:44:21.839910 juicefs[630724] <INFO>: Disk cache (/home/kwatanabe/.jfs-chunk-test-VlIrvK/diskCache-630724/): used ratio - [space 19.4%, inode 4.4%] [newCacheStore@disk_cache.go:154]
2026/10/02 18:44:21.840001 juicefs[630724] <INFO>: Adjusted max items based on freeratio: from 0 to 65095600 items [setLimitByFreeRatio@disk_cache.go:191]
2026/10/02 18:44:22.698297 juicefs[630724] <WARNING>: statfs /home/kwatanabe/.jfs-chunk-test-VlIrvK/TestDiskCacheState1992529928/007/: no such file or directory [getDiskUsage@utils_unix.go:39]
2026/10/02 18:44:22.699429 juicefs[630724] <WARNING>: statfs /home/kwatanabe/.jfs-chunk-test-VlIrvK/TestDiskCacheState1992529928/006/: no such file or directory [getDiskUsage@utils_unix.go:39]
2026/10/02 18:44:22.699478 juicefs[630724] <WARNING>: statfs /home/kwatanabe/.jfs-chunk-test-VlIrvK/TestDiskCacheState1992529928/003/: no such file or directory [getDiskUsage@utils_unix.go:39]
2026/10/02 18:44:22.699457 juicefs[630724] <WARNING>: statfs /home/kwatanabe/.jfs-chunk-test-VlIrvK/TestDiskCacheState1992529928/004/: no such file or directory [getDiskUsage@utils_unix.go:39]
2026/10/02 18:44:22.699498 juicefs[630724] <WARNING>: statfs /home/kwatanabe/.jfs-chunk-test-VlIrvK/TestDiskCacheState1992529928/002/: no such file or directory [getDiskUsage@utils_unix.go:39]
2026/10/02 18:44:22.701841 juicefs[630724] <WARNING>: statfs /home/kwatanabe/.jfs-chunk-test-VlIrvK/TestDiskCacheState1992529928/009/: no such file or directory [getDiskUsage@utils_unix.go:39]
2026/10/02 18:44:22.704213 juicefs[630724] <WARNING>: statfs /home/kwatanabe/.jfs-chunk-test-VlIrvK/TestDiskCacheState1992529928/008/: no such file or directory [getDiskUsage@utils_unix.go:39]
2026/10/02 18:44:22.704262 juicefs[630724] <WARNING>: statfs /home/kwatanabe/.jfs-chunk-test-VlIrvK/TestDiskCacheState1992529928/011/: no such file or directory [getDiskUsage@utils_unix.go:39]
2026/10/02 18:44:22.705500 juicefs[630724] <WARNING>: statfs /home/kwatanabe/.jfs-chunk-test-VlIrvK/TestDiskCacheState1992529928/010/: no such file or directory [getDiskUsage@utils_unix.go:39]
2026/10/02 18:44:22.706796 juicefs[630724] <WARNING>: statfs /home/kwatanabe/.jfs-chunk-test-VlIrvK/diskCache-630724/1790934244697393759: no such file or directory [getDiskUsage@utils_unix.go:39]
2026/10/02 18:44:22.713156 juicefs[630724] <WARNING>: statfs /home/kwatanabe/.jfs-chunk-test-VlIrvK/diskCache-630724/1790934244698147427/: no such file or directory [getDiskUsage@utils_unix.go:39]
2026/10/02 18:44:22.817552 juicefs[630724] <WARNING>: statfs /home/kwatanabe/.jfs-chunk-test-VlIrvK/diskCache-630724/1790934244801684081: no such file or directory [getDiskUsage@utils_unix.go:39]
2026/10/02 18:44:23.699409 juicefs[630724] <WARNING>: statfs /home/kwatanabe/.jfs-chunk-test-VlIrvK/TestDiskCacheState1992529928/007/: no such file or directory [getDiskUsage@utils_unix.go:39]
2026/10/02 18:44:23.700769 juicefs[630724] <WARNING>: statfs /home/kwatanabe/.jfs-chunk-test-VlIrvK/TestDiskCacheState1992529928/004/: no such file or directory [getDiskUsage@utils_unix.go:39]
2026/10/02 18:44:23.700794 juicefs[630724] <WARNING>: statfs /home/kwatanabe/.jfs-chunk-test-VlIrvK/TestDiskCacheState1992529928/003/: no such file or directory [getDiskUsage@utils_unix.go:39]
2026/10/02 18:44:23.700803 juicefs[630724] <WARNING>: statfs /home/kwatanabe/.jfs-chunk-test-VlIrvK/TestDiskCacheState1992529928/002/: no such file or directory [getDiskUsage@utils_unix.go:39]
2026/10/02 18:44:23.700847 juicefs[630724] <WARNING>: statfs /home/kwatanabe/.jfs-chunk-test-VlIrvK/TestDiskCacheState1992529928/006/: no such file or directory [getDiskUsage@utils_unix.go:39]
2026/10/02 18:44:23.702012 juicefs[630724] <WARNING>: statfs /home/kwatanabe/.jfs-chunk-test-VlIrvK/TestDiskCacheState1992529928/009/: no such file or directory [getDiskUsage@utils_unix.go:39]
2026/10/02 18:44:23.705274 juicefs[630724] <WARNING>: statfs /home/kwatanabe/.jfs-chunk-test-VlIrvK/TestDiskCacheState1992529928/008/: no such file or directory [getDiskUsage@utils_unix.go:39]
2026/10/02 18:44:23.705402 juicefs[630724] <WARNING>: statfs /home/kwatanabe/.jfs-chunk-test-VlIrvK/TestDiskCacheState1992529928/011/: no such file or directory [getDiskUsage@utils_unix.go:39]
2026/10/02 18:44:23.706583 juicefs[630724] <WARNING>: statfs /home/kwatanabe/.jfs-chunk-test-VlIrvK/TestDiskCacheState1992529928/010/: no such file or directory [getDiskUsage@utils_unix.go:39]
2026/10/02 18:44:23.707775 juicefs[630724] <WARNING>: statfs /home/kwatanabe/.jfs-chunk-test-VlIrvK/diskCache-630724/1790934244697393759: no such file or directory [getDiskUsage@utils_unix.go:39]
2026/10/02 18:44:23.713954 juicefs[630724] <WARNING>: statfs /home/kwatanabe/.jfs-chunk-test-VlIrvK/diskCache-630724/1790934244698147427/: no such file or directory [getDiskUsage@utils_unix.go:39]
2026/10/02 18:44:23.818287 juicefs[630724] <WARNING>: statfs /home/kwatanabe/.jfs-chunk-test-VlIrvK/diskCache-630724/1790934244801684081: no such file or directory [getDiskUsage@utils_unix.go:39]
2026/10/02 18:44:24.699849 juicefs[630724] <WARNING>: statfs /home/kwatanabe/.jfs-chunk-test-VlIrvK/TestDiskCacheState1992529928/007/: no such file or directory [getDiskUsage@utils_unix.go:39]
2026/10/02 18:44:24.699882 juicefs[630724] <INFO>: lockfile /home/kwatanabe/.jfs-chunk-test-VlIrvK/diskCache-630724/1790934244697393759/.lock is lost, cache device maybe broken [checkLockFile@disk_cache.go:232]
2026/10/02 18:44:24.699964 juicefs[630724] <WARNING>: stat `/home/kwatanabe/.jfs-chunk-test-VlIrvK/diskCache-630724/1790934244697393759`: stat /home/kwatanabe/.jfs-chunk-test-VlIrvK/diskCache-630724/1790934244697393759: no such file or directory [inRootVolume@utils_unix.go:54]
2026/10/02 18:44:24.701090 juicefs[630724] <INFO>: lockfile /home/kwatanabe/.jfs-chunk-test-VlIrvK/diskCache-630724/1790934244698147427/.lock is lost, cache device maybe broken [checkLockFile@disk_cache.go:232]
2026/10/02 18:44:24.701194 juicefs[630724] <WARNING>: statfs /home/kwatanabe/.jfs-chunk-test-VlIrvK/TestDiskCacheState1992529928/002/: no such file or directory [getDiskUsage@utils_unix.go:39]
2026/10/02 18:44:24.701135 juicefs[630724] <WARNING>: statfs /home/kwatanabe/.jfs-chunk-test-VlIrvK/TestDiskCacheState1992529928/006/: no such file or directory [getDiskUsage@utils_unix.go:39]
2026/10/02 18:44:24.701157 juicefs[630724] <WARNING>: statfs /home/kwatanabe/.jfs-chunk-test-VlIrvK/TestDiskCacheState1992529928/003/: no such file or directory [getDiskUsage@utils_unix.go:39]
2026/10/02 18:44:24.701158 juicefs[630724] <WARNING>: statfs /home/kwatanabe/.jfs-chunk-test-VlIrvK/TestDiskCacheState1992529928/004/: no such file or directory [getDiskUsage@utils_unix.go:39]
2026/10/02 18:44:24.701221 juicefs[630724] <WARNING>: stat `/home/kwatanabe/.jfs-chunk-test-VlIrvK/diskCache-630724/1790934244698147427/`: stat /home/kwatanabe/.jfs-chunk-test-VlIrvK/diskCache-630724/1790934244698147427/: no such file or directory [inRootVolume@utils_unix.go:54]
2026/10/02 18:44:24.702309 juicefs[630724] <WARNING>: statfs /home/kwatanabe/.jfs-chunk-test-VlIrvK/TestDiskCacheState1992529928/009/: no such file or directory [getDiskUsage@utils_unix.go:39]
2026/10/02 18:44:24.705470 juicefs[630724] <WARNING>: statfs /home/kwatanabe/.jfs-chunk-test-VlIrvK/TestDiskCacheState1992529928/008/: no such file or directory [getDiskUsage@utils_unix.go:39]
2026/10/02 18:44:24.705513 juicefs[630724] <WARNING>: statfs /home/kwatanabe/.jfs-chunk-test-VlIrvK/TestDiskCacheState1992529928/011/: no such file or directory [getDiskUsage@utils_unix.go:39]
2026/10/02 18:44:24.706732 juicefs[630724] <WARNING>: statfs /home/kwatanabe/.jfs-chunk-test-VlIrvK/TestDiskCacheState1992529928/010/: no such file or directory [getDiskUsage@utils_unix.go:39]
2026/10/02 18:44:24.707992 juicefs[630724] <WARNING>: statfs /home/kwatanabe/.jfs-chunk-test-VlIrvK/diskCache-630724/1790934244697393759: no such file or directory [getDiskUsage@utils_unix.go:39]
2026/10/02 18:44:24.714131 juicefs[630724] <WARNING>: statfs /home/kwatanabe/.jfs-chunk-test-VlIrvK/diskCache-630724/1790934244698147427/: no such file or directory [getDiskUsage@utils_unix.go:39]
2026/10/02 18:44:24.802962 juicefs[630724] <INFO>: lockfile /home/kwatanabe/.jfs-chunk-test-VlIrvK/diskCache-630724/1790934244801684081/.lock is lost, cache device maybe broken [checkLockFile@disk_cache.go:232]
2026/10/02 18:44:24.803108 juicefs[630724] <WARNING>: stat `/home/kwatanabe/.jfs-chunk-test-VlIrvK/diskCache-630724/1790934244801684081`: stat /home/kwatanabe/.jfs-chunk-test-VlIrvK/diskCache-630724/1790934244801684081: no such file or directory [inRootVolume@utils_unix.go:54]
2026/10/02 18:44:24.818433 juicefs[630724] <WARNING>: statfs /home/kwatanabe/.jfs-chunk-test-VlIrvK/diskCache-630724/1790934244801684081: no such file or directory [getDiskUsage@utils_unix.go:39]
--- FAIL: TestAtimeNotLost (9.00s)
    testing.go:1617: race detected during execution of test
2026/10/02 18:44:24.841218 juicefs[630724] <WARNING>: unknown cache eviction policy: "", fallback to 2-random [newCacheStore@disk_cache.go:119]
2026/10/02 18:44:24.841541 juicefs[630724] <INFO>: Disk cache (/home/kwatanabe/.jfs-chunk-test-VlIrvK/diskCache-630724/1790934264841180534): used ratio - [space 19.4%, inode 4.4%] [newCacheStore@disk_cache.go:154]
2026/10/02 18:44:24.841727 juicefs[630724] <INFO>: Adjusted cache capacity based on freeratio: from 1073741824 to 858993472 bytes [setLimitByFreeRatio@disk_cache.go:177]
2026/10/02 18:44:24.841791 juicefs[630724] <INFO>: Adjusted max items based on freeratio: from 1000 to 800 items [setLimitByFreeRatio@disk_cache.go:191]
2026/10/02 18:44:24.842033 juicefs[630724] <WARNING>: unknown cache eviction policy: "", fallback to 2-random [newCacheStore@disk_cache.go:119]
2026/10/02 18:44:24.842315 juicefs[630724] <INFO>: Disk cache (/home/kwatanabe/.jfs-chunk-test-VlIrvK/diskCache-630724/1790934264841993558): used ratio - [space 19.4%, inode 4.4%] [newCacheStore@disk_cache.go:154]
2026/10/02 18:44:24.842470 juicefs[630724] <INFO>: Adjusted cache capacity based on freeratio: from 1073741824 to 858993472 bytes [setLimitByFreeRatio@disk_cache.go:177]
2026/10/02 18:44:24.843153 juicefs[630724] <WARNING>: unknown cache eviction policy: "", fallback to 2-random [newCacheStore@disk_cache.go:119]
2026/10/02 18:44:24.843326 juicefs[630724] <WARNING>: not enough space (100%) or inodes (0%) for caching in /home/kwatanabe/.jfs-chunk-test-VlIrvK/TestUnknownInodeStatsShouldNotMarkCacheAsRawFull1842058711/001: free ratio should be >= 10% [newCacheStore@disk_cache.go:152]
2026/10/02 18:44:24.843379 juicefs[630724] <INFO>: Disk cache (/home/kwatanabe/.jfs-chunk-test-VlIrvK/TestUnknownInodeStatsShouldNotMarkCacheAsRawFull1842058711/001): used ratio - [space 0%, inode 100%] [newCacheStore@disk_cache.go:154]
2026/10/02 18:44:24.843431 juicefs[630724] <INFO>: Adjusted cache capacity based on freeratio: from 1073741824 to 966367616 bytes [setLimitByFreeRatio@disk_cache.go:177]
==================
WARNING: DATA RACE
Read at 0x00c000bd2cca by goroutine 732:
  github.com/juicedata/juicefs/pkg/chunk.TestUnknownInodeStatsShouldNotMarkCacheAsRawFull.func1.2()
      /home/kwatanabe/.jfs-baseline-hwDf9E/pkg/chunk/disk_cache_test.go:520 +0x94
  github.com/stretchr/testify/assert.Never.func1()
      /home/kwatanabe/go/1.25.11/pkg/mod/github.com/stretchr/testify@v1.11.1/assert/assertions.go:2141 +0x33

Previous write at 0x00c000bd2cca by goroutine 728:
  github.com/juicedata/juicefs/pkg/chunk.(*cacheStore).checkFreeSpace()
      /home/kwatanabe/.jfs-baseline-hwDf9E/pkg/chunk/disk_cache.go:357 +0x1ba
  github.com/juicedata/juicefs/pkg/chunk.newCacheStore.gowrap3()
      /home/kwatanabe/.jfs-baseline-hwDf9E/pkg/chunk/disk_cache.go:162 +0x33

Goroutine 732 (running) created at:
  github.com/stretchr/testify/assert.Never()
      /home/kwatanabe/go/1.25.11/pkg/mod/github.com/stretchr/testify@v1.11.1/assert/assertions.go:2152 +0x278
  github.com/stretchr/testify/require.Never()
      /home/kwatanabe/go/1.25.11/pkg/mod/github.com/stretchr/testify@v1.11.1/require/require.go:1318 +0xd1
  github.com/juicedata/juicefs/pkg/chunk.TestUnknownInodeStatsShouldNotMarkCacheAsRawFull.func1()
      /home/kwatanabe/.jfs-baseline-hwDf9E/pkg/chunk/disk_cache_test.go:517 +0x189
  runtime.call16()
      /home/kwatanabe/.goenv/versions/1.25.11/src/runtime/asm_amd64.s:774 +0x42
  reflect.Value.Call()
      /home/kwatanabe/.goenv/versions/1.25.11/src/reflect/value.go:365 +0xb5
  github.com/bytedance/mockey/internal/tool.ReflectCall()
      /home/kwatanabe/go/1.25.11/pkg/mod/github.com/bytedance/mockey@v1.2.14/internal/tool/call.go:36 +0x199
  github.com/bytedance/mockey.PatchConvey.func1()
      /home/kwatanabe/go/1.25.11/pkg/mod/github.com/bytedance/mockey@v1.2.14/convey.go:43 +0x1d5
  reflect.callReflect()
      /home/kwatanabe/.goenv/versions/1.25.11/src/reflect/value.go:767 +0x9a2
  reflect.callReflect()
      <autogenerated>:1 +0x56
  reflect.makeFuncStub()
      /home/kwatanabe/.goenv/versions/1.25.11/src/reflect/asm_amd64.s:47 +0x6d
  github.com/smartystreets/goconvey/convey.(*context).conveyInner()
      /home/kwatanabe/go/1.25.11/pkg/mod/github.com/smartystreets/goconvey@v1.7.2/convey/context.go:279 +0x2ac
  github.com/smartystreets/goconvey/convey.rootConvey.func1()
      /home/kwatanabe/go/1.25.11/pkg/mod/github.com/smartystreets/goconvey@v1.7.2/convey/context.go:112 +0x1a4
  github.com/jtolds/gls.(*ContextManager).SetValues.func1()
      /home/kwatanabe/go/1.25.11/pkg/mod/github.com/jtolds/gls@v4.20.0+incompatible/context.go:97 +0x666
  github.com/jtolds/gls.EnsureGoroutineId.func1()
      /home/kwatanabe/go/1.25.11/pkg/mod/github.com/jtolds/gls@v4.20.0+incompatible/gid.go:24 +0x38
  github.com/jtolds/gls._m()
      /home/kwatanabe/go/1.25.11/pkg/mod/github.com/jtolds/gls@v4.20.0+incompatible/stack_tags.go:108 +0x38
  github.com/jtolds/gls.github_com_jtolds_gls_markS()
      /home/kwatanabe/go/1.25.11/pkg/mod/github.com/jtolds/gls@v4.20.0+incompatible/stack_tags.go:56 +0x33
  github.com/jtolds/gls.addStackTag()
      /home/kwatanabe/go/1.25.11/pkg/mod/github.com/jtolds/gls@v4.20.0+incompatible/stack_tags.go:49 +0x15c
  github.com/jtolds/gls.EnsureGoroutineId()
      /home/kwatanabe/go/1.25.11/pkg/mod/github.com/jtolds/gls@v4.20.0+incompatible/gid.go:24 +0xcd
  github.com/jtolds/gls.(*ContextManager).SetValues()
      /home/kwatanabe/go/1.25.11/pkg/mod/github.com/jtolds/gls@v4.20.0+incompatible/context.go:63 +0x27c
  github.com/smartystreets/goconvey/convey.rootConvey()
      /home/kwatanabe/go/1.25.11/pkg/mod/github.com/smartystreets/goconvey@v1.7.2/convey/context.go:107 +0x54f
  github.com/smartystreets/goconvey/convey.Convey()
      /home/kwatanabe/go/1.25.11/pkg/mod/github.com/smartystreets/goconvey@v1.7.2/convey/doc.go:76 +0x9a
  github.com/bytedance/mockey.PatchConvey()
      /home/kwatanabe/go/1.25.11/pkg/mod/github.com/bytedance/mockey@v1.2.14/convey.go:48 +0x304
  github.com/juicedata/juicefs/pkg/chunk.TestUnknownInodeStatsShouldNotMarkCacheAsRawFull()
      /home/kwatanabe/.jfs-baseline-hwDf9E/pkg/chunk/disk_cache_test.go:506 +0x10e
  testing.tRunner()
      /home/kwatanabe/.goenv/versions/1.25.11/src/testing/testing.go:1934 +0x21c
  testing.(*T).Run.gowrap1()
      /home/kwatanabe/.goenv/versions/1.25.11/src/testing/testing.go:1997 +0x44

Goroutine 728 (running) created at:
  github.com/juicedata/juicefs/pkg/chunk.newCacheStore()
      /home/kwatanabe/.jfs-baseline-hwDf9E/pkg/chunk/disk_cache.go:162 +0x108a
  github.com/juicedata/juicefs/pkg/chunk.TestUnknownInodeStatsShouldNotMarkCacheAsRawFull.func1()
      /home/kwatanabe/.jfs-baseline-hwDf9E/pkg/chunk/disk_cache_test.go:515 +0xf1
  runtime.call16()
      /home/kwatanabe/.goenv/versions/1.25.11/src/runtime/asm_amd64.s:774 +0x42
  reflect.Value.Call()
      /home/kwatanabe/.goenv/versions/1.25.11/src/reflect/value.go:365 +0xb5
  github.com/bytedance/mockey/internal/tool.ReflectCall()
      /home/kwatanabe/go/1.25.11/pkg/mod/github.com/bytedance/mockey@v1.2.14/internal/tool/call.go:36 +0x199
  github.com/bytedance/mockey.PatchConvey.func1()
      /home/kwatanabe/go/1.25.11/pkg/mod/github.com/bytedance/mockey@v1.2.14/convey.go:43 +0x1d5
  reflect.callReflect()
      /home/kwatanabe/.goenv/versions/1.25.11/src/reflect/value.go:767 +0x9a2
  reflect.callReflect()
      <autogenerated>:1 +0x56
  reflect.makeFuncStub()
      /home/kwatanabe/.goenv/versions/1.25.11/src/reflect/asm_amd64.s:47 +0x6d
  github.com/smartystreets/goconvey/convey.(*context).conveyInner()
      /home/kwatanabe/go/1.25.11/pkg/mod/github.com/smartystreets/goconvey@v1.7.2/convey/context.go:279 +0x2ac
  github.com/smartystreets/goconvey/convey.rootConvey.func1()
      /home/kwatanabe/go/1.25.11/pkg/mod/github.com/smartystreets/goconvey@v1.7.2/convey/context.go:112 +0x1a4
  github.com/jtolds/gls.(*ContextManager).SetValues.func1()
      /home/kwatanabe/go/1.25.11/pkg/mod/github.com/jtolds/gls@v4.20.0+incompatible/context.go:97 +0x666
  github.com/jtolds/gls.EnsureGoroutineId.func1()
      /home/kwatanabe/go/1.25.11/pkg/mod/github.com/jtolds/gls@v4.20.0+incompatible/gid.go:24 +0x38
  github.com/jtolds/gls._m()
      /home/kwatanabe/go/1.25.11/pkg/mod/github.com/jtolds/gls@v4.20.0+incompatible/stack_tags.go:108 +0x38
  github.com/jtolds/gls.github_com_jtolds_gls_markS()
      /home/kwatanabe/go/1.25.11/pkg/mod/github.com/jtolds/gls@v4.20.0+incompatible/stack_tags.go:56 +0x33
  github.com/jtolds/gls.addStackTag()
      /home/kwatanabe/go/1.25.11/pkg/mod/github.com/jtolds/gls@v4.20.0+incompatible/stack_tags.go:49 +0x15c
  github.com/jtolds/gls.EnsureGoroutineId()
      /home/kwatanabe/go/1.25.11/pkg/mod/github.com/jtolds/gls@v4.20.0+incompatible/gid.go:24 +0xcd
  github.com/jtolds/gls.(*ContextManager).SetValues()
      /home/kwatanabe/go/1.25.11/pkg/mod/github.com/jtolds/gls@v4.20.0+incompatible/context.go:63 +0x27c
  github.com/smartystreets/goconvey/convey.rootConvey()
      /home/kwatanabe/go/1.25.11/pkg/mod/github.com/smartystreets/goconvey@v1.7.2/convey/context.go:107 +0x54f
  github.com/smartystreets/goconvey/convey.Convey()
      /home/kwatanabe/go/1.25.11/pkg/mod/github.com/smartystreets/goconvey@v1.7.2/convey/doc.go:76 +0x9a
  github.com/bytedance/mockey.PatchConvey()
      /home/kwatanabe/go/1.25.11/pkg/mod/github.com/bytedance/mockey@v1.2.14/convey.go:48 +0x304
  github.com/juicedata/juicefs/pkg/chunk.TestUnknownInodeStatsShouldNotMarkCacheAsRawFull()
      /home/kwatanabe/.jfs-baseline-hwDf9E/pkg/chunk/disk_cache_test.go:506 +0x10e
  testing.tRunner()
      /home/kwatanabe/.goenv/versions/1.25.11/src/testing/testing.go:1934 +0x21c
  testing.(*T).Run.gowrap1()
      /home/kwatanabe/.goenv/versions/1.25.11/src/testing/testing.go:1997 +0x44
==================
==================
WARNING: DATA RACE
Read at 0x00c000bce740 by goroutine 227:
  reflect.callReflect()
      /home/kwatanabe/.goenv/versions/1.25.11/src/reflect/value.go:701 +0x85
  reflect.callReflect()
      <autogenerated>:1 +0x56
  reflect.makeFuncStub()
      /home/kwatanabe/.goenv/versions/1.25.11/src/reflect/asm_amd64.s:47 +0x6d
  github.com/juicedata/juicefs/pkg/chunk.(*cacheStore).checkErr()
      /home/kwatanabe/.jfs-baseline-hwDf9E/pkg/chunk/disk_cache.go:267 +0x28a
  github.com/juicedata/juicefs/pkg/chunk.(*cacheStore).curFreeRatio()
      /home/kwatanabe/.jfs-baseline-hwDf9E/pkg/chunk/disk_cache.go:493 +0x21c
  github.com/juicedata/juicefs/pkg/chunk.(*cacheStore).checkFreeSpace()
      /home/kwatanabe/.jfs-baseline-hwDf9E/pkg/chunk/disk_cache.go:355 +0x84
  github.com/juicedata/juicefs/pkg/chunk.newCacheStore.gowrap3()
      /home/kwatanabe/.jfs-baseline-hwDf9E/pkg/chunk/disk_cache.go:162 +0x33

Previous write at 0x00c000bce740 by goroutine 724:
  reflect.MakeFunc()
      /home/kwatanabe/.goenv/versions/1.25.11/src/reflect/makefunc.go:66 +0x22f
  github.com/bytedance/mockey.(*Mocker).buildHook()
      /home/kwatanabe/go/1.25.11/pkg/mod/github.com/bytedance/mockey@v1.2.14/mock.go:268 +0x7ee
  github.com/bytedance/mockey.(*MockBuilder).Build()
      /home/kwatanabe/go/1.25.11/pkg/mod/github.com/bytedance/mockey@v1.2.14/mock.go:216 +0x137
  github.com/juicedata/juicefs/pkg/chunk.TestUnknownInodeStatsShouldNotMarkCacheAsRawFull.func1()
      /home/kwatanabe/.jfs-baseline-hwDf9E/pkg/chunk/disk_cache_test.go:509 +0x69
  runtime.call16()
      /home/kwatanabe/.goenv/versions/1.25.11/src/runtime/asm_amd64.s:774 +0x42
  reflect.Value.Call()
      /home/kwatanabe/.goenv/versions/1.25.11/src/reflect/value.go:365 +0xb5
  github.com/bytedance/mockey/internal/tool.ReflectCall()
      /home/kwatanabe/go/1.25.11/pkg/mod/github.com/bytedance/mockey@v1.2.14/internal/tool/call.go:36 +0x199
  github.com/bytedance/mockey.PatchConvey.func1()
      /home/kwatanabe/go/1.25.11/pkg/mod/github.com/bytedance/mockey@v1.2.14/convey.go:43 +0x1d5
  reflect.callReflect()
      /home/kwatanabe/.goenv/versions/1.25.11/src/reflect/value.go:767 +0x9a2
  reflect.callReflect()
      <autogenerated>:1 +0x56
  reflect.makeFuncStub()
      /home/kwatanabe/.goenv/versions/1.25.11/src/reflect/asm_amd64.s:47 +0x6d
  github.com/smartystreets/goconvey/convey.(*context).conveyInner()
      /home/kwatanabe/go/1.25.11/pkg/mod/github.com/smartystreets/goconvey@v1.7.2/convey/context.go:279 +0x2ac
  github.com/smartystreets/goconvey/convey.rootConvey.func1()
      /home/kwatanabe/go/1.25.11/pkg/mod/github.com/smartystreets/goconvey@v1.7.2/convey/context.go:112 +0x1a4
  github.com/jtolds/gls.(*ContextManager).SetValues.func1()
      /home/kwatanabe/go/1.25.11/pkg/mod/github.com/jtolds/gls@v4.20.0+incompatible/context.go:97 +0x666
  github.com/jtolds/gls.EnsureGoroutineId.func1()
      /home/kwatanabe/go/1.25.11/pkg/mod/github.com/jtolds/gls@v4.20.0+incompatible/gid.go:24 +0x38
  github.com/jtolds/gls._m()
      /home/kwatanabe/go/1.25.11/pkg/mod/github.com/jtolds/gls@v4.20.0+incompatible/stack_tags.go:108 +0x38
  github.com/jtolds/gls.github_com_jtolds_gls_markS()
      /home/kwatanabe/go/1.25.11/pkg/mod/github.com/jtolds/gls@v4.20.0+incompatible/stack_tags.go:56 +0x33
  github.com/jtolds/gls.addStackTag()
      /home/kwatanabe/go/1.25.11/pkg/mod/github.com/jtolds/gls@v4.20.0+incompatible/stack_tags.go:49 +0x15c
  github.com/jtolds/gls.EnsureGoroutineId()
      /home/kwatanabe/go/1.25.11/pkg/mod/github.com/jtolds/gls@v4.20.0+incompatible/gid.go:24 +0xcd
  github.com/jtolds/gls.(*ContextManager).SetValues()
      /home/kwatanabe/go/1.25.11/pkg/mod/github.com/jtolds/gls@v4.20.0+incompatible/context.go:63 +0x27c
  github.com/smartystreets/goconvey/convey.rootConvey()
      /home/kwatanabe/go/1.25.11/pkg/mod/github.com/smartystreets/goconvey@v1.7.2/convey/context.go:107 +0x54f
  github.com/smartystreets/goconvey/convey.Convey()
      /home/kwatanabe/go/1.25.11/pkg/mod/github.com/smartystreets/goconvey@v1.7.2/convey/doc.go:76 +0x9a
  github.com/bytedance/mockey.PatchConvey()
      /home/kwatanabe/go/1.25.11/pkg/mod/github.com/bytedance/mockey@v1.2.14/convey.go:48 +0x304
  github.com/juicedata/juicefs/pkg/chunk.TestUnknownInodeStatsShouldNotMarkCacheAsRawFull()
      /home/kwatanabe/.jfs-baseline-hwDf9E/pkg/chunk/disk_cache_test.go:506 +0x10e
  testing.tRunner()
      /home/kwatanabe/.goenv/versions/1.25.11/src/testing/testing.go:1934 +0x21c
  testing.(*T).Run.gowrap1()
      /home/kwatanabe/.goenv/versions/1.25.11/src/testing/testing.go:1997 +0x44

Goroutine 227 (running) created at:
  github.com/juicedata/juicefs/pkg/chunk.newCacheStore()
      /home/kwatanabe/.jfs-baseline-hwDf9E/pkg/chunk/disk_cache.go:162 +0x108a
  github.com/juicedata/juicefs/pkg/chunk.newCacheManager()
      /home/kwatanabe/.jfs-baseline-hwDf9E/pkg/chunk/disk_cache.go:1174 +0xa15
  github.com/juicedata/juicefs/pkg/chunk.NewCachedStore()
      /home/kwatanabe/.jfs-baseline-hwDf9E/pkg/chunk/cached_store.go:865 +0xbf4
  github.com/juicedata/juicefs/pkg/chunk.TestStoreSmallBuffer()
      /home/kwatanabe/.jfs-baseline-hwDf9E/pkg/chunk/cached_store_test.go:178 +0xeb
  testing.tRunner()
      /home/kwatanabe/.goenv/versions/1.25.11/src/testing/testing.go:1934 +0x21c
  testing.(*T).Run.gowrap1()
      /home/kwatanabe/.goenv/versions/1.25.11/src/testing/testing.go:1997 +0x44

Goroutine 724 (running) created at:
  testing.(*T).Run()
      /home/kwatanabe/.goenv/versions/1.25.11/src/testing/testing.go:1997 +0x9d2
  testing.runTests.func1()
      /home/kwatanabe/.goenv/versions/1.25.11/src/testing/testing.go:2477 +0x84
  testing.tRunner()
      /home/kwatanabe/.goenv/versions/1.25.11/src/testing/testing.go:1934 +0x21c
  testing.runTests()
      /home/kwatanabe/.goenv/versions/1.25.11/src/testing/testing.go:2475 +0x96c
  testing.(*M).Run()
      /home/kwatanabe/.goenv/versions/1.25.11/src/testing/testing.go:2337 +0xed4
  main.main()
      _testmain.go:131 +0x164
==================
==================
WARNING: DATA RACE
Read at 0x00c000bce748 by goroutine 227:
  reflect.callReflect()
      /home/kwatanabe/.goenv/versions/1.25.11/src/reflect/value.go:702 +0xa4
  reflect.callReflect()
      <autogenerated>:1 +0x56
  reflect.makeFuncStub()
      /home/kwatanabe/.goenv/versions/1.25.11/src/reflect/asm_amd64.s:47 +0x6d
  github.com/juicedata/juicefs/pkg/chunk.(*cacheStore).checkErr()
      /home/kwatanabe/.jfs-baseline-hwDf9E/pkg/chunk/disk_cache.go:267 +0x28a
  github.com/juicedata/juicefs/pkg/chunk.(*cacheStore).curFreeRatio()
      /home/kwatanabe/.jfs-baseline-hwDf9E/pkg/chunk/disk_cache.go:493 +0x21c
  github.com/juicedata/juicefs/pkg/chunk.(*cacheStore).checkFreeSpace()
      /home/kwatanabe/.jfs-baseline-hwDf9E/pkg/chunk/disk_cache.go:355 +0x84
  github.com/juicedata/juicefs/pkg/chunk.newCacheStore.gowrap3()
      /home/kwatanabe/.jfs-baseline-hwDf9E/pkg/chunk/disk_cache.go:162 +0x33

Previous write at 0x00c000bce748 by goroutine 724:
  reflect.MakeFunc()
      /home/kwatanabe/.goenv/versions/1.25.11/src/reflect/makefunc.go:67 +0x277
  github.com/bytedance/mockey.(*Mocker).buildHook()
      /home/kwatanabe/go/1.25.11/pkg/mod/github.com/bytedance/mockey@v1.2.14/mock.go:268 +0x7ee
  github.com/bytedance/mockey.(*MockBuilder).Build()
      /home/kwatanabe/go/1.25.11/pkg/mod/github.com/bytedance/mockey@v1.2.14/mock.go:216 +0x137
  github.com/juicedata/juicefs/pkg/chunk.TestUnknownInodeStatsShouldNotMarkCacheAsRawFull.func1()
      /home/kwatanabe/.jfs-baseline-hwDf9E/pkg/chunk/disk_cache_test.go:509 +0x69
  runtime.call16()
      /home/kwatanabe/.goenv/versions/1.25.11/src/runtime/asm_amd64.s:774 +0x42
  reflect.Value.Call()
      /home/kwatanabe/.goenv/versions/1.25.11/src/reflect/value.go:365 +0xb5
  github.com/bytedance/mockey/internal/tool.ReflectCall()
      /home/kwatanabe/go/1.25.11/pkg/mod/github.com/bytedance/mockey@v1.2.14/internal/tool/call.go:36 +0x199
  github.com/bytedance/mockey.PatchConvey.func1()
      /home/kwatanabe/go/1.25.11/pkg/mod/github.com/bytedance/mockey@v1.2.14/convey.go:43 +0x1d5
  reflect.callReflect()
      /home/kwatanabe/.goenv/versions/1.25.11/src/reflect/value.go:767 +0x9a2
  reflect.callReflect()
      <autogenerated>:1 +0x56
  reflect.makeFuncStub()
      /home/kwatanabe/.goenv/versions/1.25.11/src/reflect/asm_amd64.s:47 +0x6d
  github.com/smartystreets/goconvey/convey.(*context).conveyInner()
      /home/kwatanabe/go/1.25.11/pkg/mod/github.com/smartystreets/goconvey@v1.7.2/convey/context.go:279 +0x2ac
  github.com/smartystreets/goconvey/convey.rootConvey.func1()
      /home/kwatanabe/go/1.25.11/pkg/mod/github.com/smartystreets/goconvey@v1.7.2/convey/context.go:112 +0x1a4
  github.com/jtolds/gls.(*ContextManager).SetValues.func1()
      /home/kwatanabe/go/1.25.11/pkg/mod/github.com/jtolds/gls@v4.20.0+incompatible/context.go:97 +0x666
  github.com/jtolds/gls.EnsureGoroutineId.func1()
      /home/kwatanabe/go/1.25.11/pkg/mod/github.com/jtolds/gls@v4.20.0+incompatible/gid.go:24 +0x38
  github.com/jtolds/gls._m()
      /home/kwatanabe/go/1.25.11/pkg/mod/github.com/jtolds/gls@v4.20.0+incompatible/stack_tags.go:108 +0x38
  github.com/jtolds/gls.github_com_jtolds_gls_markS()
      /home/kwatanabe/go/1.25.11/pkg/mod/github.com/jtolds/gls@v4.20.0+incompatible/stack_tags.go:56 +0x33
  github.com/jtolds/gls.addStackTag()
      /home/kwatanabe/go/1.25.11/pkg/mod/github.com/jtolds/gls@v4.20.0+incompatible/stack_tags.go:49 +0x15c
  github.com/jtolds/gls.EnsureGoroutineId()
      /home/kwatanabe/go/1.25.11/pkg/mod/github.com/jtolds/gls@v4.20.0+incompatible/gid.go:24 +0xcd
  github.com/jtolds/gls.(*ContextManager).SetValues()
      /home/kwatanabe/go/1.25.11/pkg/mod/github.com/jtolds/gls@v4.20.0+incompatible/context.go:63 +0x27c
  github.com/smartystreets/goconvey/convey.rootConvey()
      /home/kwatanabe/go/1.25.11/pkg/mod/github.com/smartystreets/goconvey@v1.7.2/convey/context.go:107 +0x54f
  github.com/smartystreets/goconvey/convey.Convey()
      /home/kwatanabe/go/1.25.11/pkg/mod/github.com/smartystreets/goconvey@v1.7.2/convey/doc.go:76 +0x9a
  github.com/bytedance/mockey.PatchConvey()
      /home/kwatanabe/go/1.25.11/pkg/mod/github.com/bytedance/mockey@v1.2.14/convey.go:48 +0x304
  github.com/juicedata/juicefs/pkg/chunk.TestUnknownInodeStatsShouldNotMarkCacheAsRawFull()
      /home/kwatanabe/.jfs-baseline-hwDf9E/pkg/chunk/disk_cache_test.go:506 +0x10e
  testing.tRunner()
      /home/kwatanabe/.goenv/versions/1.25.11/src/testing/testing.go:1934 +0x21c
  testing.(*T).Run.gowrap1()
      /home/kwatanabe/.goenv/versions/1.25.11/src/testing/testing.go:1997 +0x44

Goroutine 227 (running) created at:
  github.com/juicedata/juicefs/pkg/chunk.newCacheStore()
      /home/kwatanabe/.jfs-baseline-hwDf9E/pkg/chunk/disk_cache.go:162 +0x108a
  github.com/juicedata/juicefs/pkg/chunk.newCacheManager()
      /home/kwatanabe/.jfs-baseline-hwDf9E/pkg/chunk/disk_cache.go:1174 +0xa15
  github.com/juicedata/juicefs/pkg/chunk.NewCachedStore()
      /home/kwatanabe/.jfs-baseline-hwDf9E/pkg/chunk/cached_store.go:865 +0xbf4
  github.com/juicedata/juicefs/pkg/chunk.TestStoreSmallBuffer()
      /home/kwatanabe/.jfs-baseline-hwDf9E/pkg/chunk/cached_store_test.go:178 +0xeb
  testing.tRunner()
      /home/kwatanabe/.goenv/versions/1.25.11/src/testing/testing.go:1934 +0x21c
  testing.(*T).Run.gowrap1()
      /home/kwatanabe/.goenv/versions/1.25.11/src/testing/testing.go:1997 +0x44

Goroutine 724 (running) created at:
  testing.(*T).Run()
      /home/kwatanabe/.goenv/versions/1.25.11/src/testing/testing.go:1997 +0x9d2
  testing.runTests.func1()
      /home/kwatanabe/.goenv/versions/1.25.11/src/testing/testing.go:2477 +0x84
  testing.tRunner()
      /home/kwatanabe/.goenv/versions/1.25.11/src/testing/testing.go:1934 +0x21c
  testing.runTests()
      /home/kwatanabe/.goenv/versions/1.25.11/src/testing/testing.go:2475 +0x96c
  testing.(*M).Run()
      /home/kwatanabe/.goenv/versions/1.25.11/src/testing/testing.go:2337 +0xed4
  main.main()
      _testmain.go:131 +0x164
==================
==================
WARNING: DATA RACE
Write at 0x00c000bbd490 by goroutine 227:
  sync/atomic.AddInt64()
      /home/kwatanabe/.goenv/versions/1.25.11/src/runtime/race_amd64.s:289 +0xb
  sync/atomic.AddInt64()
      <autogenerated>:1 +0x15
  reflect.callReflect()
      /home/kwatanabe/.goenv/versions/1.25.11/src/reflect/value.go:767 +0x9a2
  reflect.callReflect()
      <autogenerated>:1 +0x56
  reflect.makeFuncStub()
      /home/kwatanabe/.goenv/versions/1.25.11/src/reflect/asm_amd64.s:47 +0x6d
  github.com/juicedata/juicefs/pkg/chunk.(*cacheStore).checkErr()
      /home/kwatanabe/.jfs-baseline-hwDf9E/pkg/chunk/disk_cache.go:267 +0x28a
  github.com/juicedata/juicefs/pkg/chunk.(*cacheStore).curFreeRatio()
      /home/kwatanabe/.jfs-baseline-hwDf9E/pkg/chunk/disk_cache.go:493 +0x21c
  github.com/juicedata/juicefs/pkg/chunk.(*cacheStore).checkFreeSpace()
      /home/kwatanabe/.jfs-baseline-hwDf9E/pkg/chunk/disk_cache.go:355 +0x84
  github.com/juicedata/juicefs/pkg/chunk.newCacheStore.gowrap3()
      /home/kwatanabe/.jfs-baseline-hwDf9E/pkg/chunk/disk_cache.go:162 +0x33

Previous write at 0x00c000bbd490 by goroutine 724:
  github.com/bytedance/mockey.(*MockBuilder).Build()
      /home/kwatanabe/go/1.25.11/pkg/mod/github.com/bytedance/mockey@v1.2.14/mock.go:215 +0xdb
  github.com/juicedata/juicefs/pkg/chunk.TestUnknownInodeStatsShouldNotMarkCacheAsRawFull.func1()
      /home/kwatanabe/.jfs-baseline-hwDf9E/pkg/chunk/disk_cache_test.go:509 +0x69
  runtime.call16()
      /home/kwatanabe/.goenv/versions/1.25.11/src/runtime/asm_amd64.s:774 +0x42
  reflect.Value.Call()
      /home/kwatanabe/.goenv/versions/1.25.11/src/reflect/value.go:365 +0xb5
  github.com/bytedance/mockey/internal/tool.ReflectCall()
      /home/kwatanabe/go/1.25.11/pkg/mod/github.com/bytedance/mockey@v1.2.14/internal/tool/call.go:36 +0x199
  github.com/bytedance/mockey.PatchConvey.func1()
      /home/kwatanabe/go/1.25.11/pkg/mod/github.com/bytedance/mockey@v1.2.14/convey.go:43 +0x1d5
  reflect.callReflect()
      /home/kwatanabe/.goenv/versions/1.25.11/src/reflect/value.go:767 +0x9a2
  reflect.callReflect()
      <autogenerated>:1 +0x56
  reflect.makeFuncStub()
      /home/kwatanabe/.goenv/versions/1.25.11/src/reflect/asm_amd64.s:47 +0x6d
  github.com/smartystreets/goconvey/convey.(*context).conveyInner()
      /home/kwatanabe/go/1.25.11/pkg/mod/github.com/smartystreets/goconvey@v1.7.2/convey/context.go:279 +0x2ac
  github.com/smartystreets/goconvey/convey.rootConvey.func1()
      /home/kwatanabe/go/1.25.11/pkg/mod/github.com/smartystreets/goconvey@v1.7.2/convey/context.go:112 +0x1a4
  github.com/jtolds/gls.(*ContextManager).SetValues.func1()
      /home/kwatanabe/go/1.25.11/pkg/mod/github.com/jtolds/gls@v4.20.0+incompatible/context.go:97 +0x666
  github.com/jtolds/gls.EnsureGoroutineId.func1()
      /home/kwatanabe/go/1.25.11/pkg/mod/github.com/jtolds/gls@v4.20.0+incompatible/gid.go:24 +0x38
  github.com/jtolds/gls._m()
      /home/kwatanabe/go/1.25.11/pkg/mod/github.com/jtolds/gls@v4.20.0+incompatible/stack_tags.go:108 +0x38
  github.com/jtolds/gls.github_com_jtolds_gls_markS()
      /home/kwatanabe/go/1.25.11/pkg/mod/github.com/jtolds/gls@v4.20.0+incompatible/stack_tags.go:56 +0x33
  github.com/jtolds/gls.addStackTag()
      /home/kwatanabe/go/1.25.11/pkg/mod/github.com/jtolds/gls@v4.20.0+incompatible/stack_tags.go:49 +0x15c
  github.com/jtolds/gls.EnsureGoroutineId()
      /home/kwatanabe/go/1.25.11/pkg/mod/github.com/jtolds/gls@v4.20.0+incompatible/gid.go:24 +0xcd
  github.com/jtolds/gls.(*ContextManager).SetValues()
      /home/kwatanabe/go/1.25.11/pkg/mod/github.com/jtolds/gls@v4.20.0+incompatible/context.go:63 +0x27c
  github.com/smartystreets/goconvey/convey.rootConvey()
      /home/kwatanabe/go/1.25.11/pkg/mod/github.com/smartystreets/goconvey@v1.7.2/convey/context.go:107 +0x54f
  github.com/smartystreets/goconvey/convey.Convey()
      /home/kwatanabe/go/1.25.11/pkg/mod/github.com/smartystreets/goconvey@v1.7.2/convey/doc.go:76 +0x9a
  github.com/bytedance/mockey.PatchConvey()
      /home/kwatanabe/go/1.25.11/pkg/mod/github.com/bytedance/mockey@v1.2.14/convey.go:48 +0x304
  github.com/juicedata/juicefs/pkg/chunk.TestUnknownInodeStatsShouldNotMarkCacheAsRawFull()
      /home/kwatanabe/.jfs-baseline-hwDf9E/pkg/chunk/disk_cache_test.go:506 +0x10e
  testing.tRunner()
      /home/kwatanabe/.goenv/versions/1.25.11/src/testing/testing.go:1934 +0x21c
  testing.(*T).Run.gowrap1()
      /home/kwatanabe/.goenv/versions/1.25.11/src/testing/testing.go:1997 +0x44

Goroutine 227 (running) created at:
  github.com/juicedata/juicefs/pkg/chunk.newCacheStore()
      /home/kwatanabe/.jfs-baseline-hwDf9E/pkg/chunk/disk_cache.go:162 +0x108a
  github.com/juicedata/juicefs/pkg/chunk.newCacheManager()
      /home/kwatanabe/.jfs-baseline-hwDf9E/pkg/chunk/disk_cache.go:1174 +0xa15
  github.com/juicedata/juicefs/pkg/chunk.NewCachedStore()
      /home/kwatanabe/.jfs-baseline-hwDf9E/pkg/chunk/cached_store.go:865 +0xbf4
  github.com/juicedata/juicefs/pkg/chunk.TestStoreSmallBuffer()
      /home/kwatanabe/.jfs-baseline-hwDf9E/pkg/chunk/cached_store_test.go:178 +0xeb
  testing.tRunner()
      /home/kwatanabe/.goenv/versions/1.25.11/src/testing/testing.go:1934 +0x21c
  testing.(*T).Run.gowrap1()
      /home/kwatanabe/.goenv/versions/1.25.11/src/testing/testing.go:1997 +0x44

Goroutine 724 (running) created at:
  testing.(*T).Run()
      /home/kwatanabe/.goenv/versions/1.25.11/src/testing/testing.go:1997 +0x9d2
  testing.runTests.func1()
      /home/kwatanabe/.goenv/versions/1.25.11/src/testing/testing.go:2477 +0x84
  testing.tRunner()
      /home/kwatanabe/.goenv/versions/1.25.11/src/testing/testing.go:1934 +0x21c
  testing.runTests()
      /home/kwatanabe/.goenv/versions/1.25.11/src/testing/testing.go:2475 +0x96c
  testing.(*M).Run()
      /home/kwatanabe/.goenv/versions/1.25.11/src/testing/testing.go:2337 +0xed4
  main.main()
      _testmain.go:131 +0x164
==================
[31m[0m[33m[0m[32m
1 total assertion[0m

--- FAIL: TestUnknownInodeStatsShouldNotMarkCacheAsRawFull (1.50s)
    testing.go:1617: race detected during execution of test
2026/10/02 18:44:26.345055 juicefs[630724] <WARNING>: unknown cache eviction policy: "", fallback to 2-random [newCacheStore@disk_cache.go:119]
2026/10/02 18:44:26.345385 juicefs[630724] <INFO>: Disk cache (/home/kwatanabe/.jfs-chunk-test-VlIrvK/Test2RandomEviction639933652/001/diskCache): used ratio - [space 19.4%, inode 4.4%] [newCacheStore@disk_cache.go:154]
[31m[0m[33m[0m[32m
1 total assertion[0m

2026/10/02 18:44:26.347230 juicefs[630724] <INFO>: Disk cache (/home/kwatanabe/.jfs-chunk-test-VlIrvK/TestLruEviction1053006230/001/diskCache): used ratio - [space 19.4%, inode 4.4%] [newCacheStore@disk_cache.go:154]
[31m[0m[33m[0m[32m
1 total assertion[0m

2026/10/02 18:44:26.348922 juicefs[630724] <INFO>: Disk cache (/home/kwatanabe/.jfs-chunk-test-VlIrvK/TestLruEviction1053006230/002/diskCache): used ratio - [space 19.4%, inode 4.4%] [newCacheStore@disk_cache.go:154]
==================
WARNING: DATA RACE
Read at 0x00c000e39da9 by goroutine 755:
  github.com/juicedata/juicefs/pkg/chunk.(*cacheStore).stage()
      /home/kwatanabe/.jfs-baseline-hwDf9E/pkg/chunk/disk_cache.go:785 +0x1c4
  github.com/juicedata/juicefs/pkg/chunk.TestLruEviction.func2()
      /home/kwatanabe/.jfs-baseline-hwDf9E/pkg/chunk/disk_cache_test.go:629 +0x3dc
  github.com/smartystreets/goconvey/convey.discover.parseAction.func1()
      /home/kwatanabe/go/1.25.11/pkg/mod/github.com/smartystreets/goconvey@v1.7.2/convey/discovery.go:89 +0x2e
  github.com/smartystreets/goconvey/convey.(*context).conveyInner()
      /home/kwatanabe/go/1.25.11/pkg/mod/github.com/smartystreets/goconvey@v1.7.2/convey/context.go:279 +0x2ac
  github.com/smartystreets/goconvey/convey.rootConvey.func1()
      /home/kwatanabe/go/1.25.11/pkg/mod/github.com/smartystreets/goconvey@v1.7.2/convey/context.go:112 +0x1a4
  github.com/jtolds/gls.(*ContextManager).SetValues.func1()
      /home/kwatanabe/go/1.25.11/pkg/mod/github.com/jtolds/gls@v4.20.0+incompatible/context.go:97 +0x666
  github.com/jtolds/gls.EnsureGoroutineId.func1()
      /home/kwatanabe/go/1.25.11/pkg/mod/github.com/jtolds/gls@v4.20.0+incompatible/gid.go:24 +0x38
  github.com/jtolds/gls._m()
      /home/kwatanabe/go/1.25.11/pkg/mod/github.com/jtolds/gls@v4.20.0+incompatible/stack_tags.go:108 +0x38
  github.com/jtolds/gls.github_com_jtolds_gls_markS()
      /home/kwatanabe/go/1.25.11/pkg/mod/github.com/jtolds/gls@v4.20.0+incompatible/stack_tags.go:56 +0x33
  github.com/jtolds/gls.addStackTag()
      /home/kwatanabe/go/1.25.11/pkg/mod/github.com/jtolds/gls@v4.20.0+incompatible/stack_tags.go:49 +0x15c
  github.com/jtolds/gls.EnsureGoroutineId()
      /home/kwatanabe/go/1.25.11/pkg/mod/github.com/jtolds/gls@v4.20.0+incompatible/gid.go:24 +0xcd
  github.com/jtolds/gls.(*ContextManager).SetValues()
      /home/kwatanabe/go/1.25.11/pkg/mod/github.com/jtolds/gls@v4.20.0+incompatible/context.go:63 +0x27c
  github.com/smartystreets/goconvey/convey.rootConvey()
      /home/kwatanabe/go/1.25.11/pkg/mod/github.com/smartystreets/goconvey@v1.7.2/convey/context.go:107 +0x54f
  github.com/smartystreets/goconvey/convey.Convey()
      /home/kwatanabe/go/1.25.11/pkg/mod/github.com/smartystreets/goconvey@v1.7.2/convey/doc.go:76 +0x9a
  github.com/juicedata/juicefs/pkg/chunk.TestLruEviction()
      /home/kwatanabe/.jfs-baseline-hwDf9E/pkg/chunk/disk_cache_test.go:607 +0x1fa
  testing.tRunner()
      /home/kwatanabe/.goenv/versions/1.25.11/src/testing/testing.go:1934 +0x21c
  testing.(*T).Run.gowrap1()
      /home/kwatanabe/.goenv/versions/1.25.11/src/testing/testing.go:1997 +0x44

Previous write at 0x00c000e39da9 by goroutine 765:
  github.com/juicedata/juicefs/pkg/chunk.(*cacheStore).checkFreeSpace()
      /home/kwatanabe/.jfs-baseline-hwDf9E/pkg/chunk/disk_cache.go:356 +0x133
  github.com/juicedata/juicefs/pkg/chunk.newCacheStore.gowrap3()
      /home/kwatanabe/.jfs-baseline-hwDf9E/pkg/chunk/disk_cache.go:162 +0x33

Goroutine 755 (running) created at:
  testing.(*T).Run()
      /home/kwatanabe/.goenv/versions/1.25.11/src/testing/testing.go:1997 +0x9d2
  testing.runTests.func1()
      /home/kwatanabe/.goenv/versions/1.25.11/src/testing/testing.go:2477 +0x84
  testing.tRunner()
      /home/kwatanabe/.goenv/versions/1.25.11/src/testing/testing.go:1934 +0x21c
  testing.runTests()
      /home/kwatanabe/.goenv/versions/1.25.11/src/testing/testing.go:2475 +0x96c
  testing.(*M).Run()
      /home/kwatanabe/.goenv/versions/1.25.11/src/testing/testing.go:2337 +0xed4
  main.main()
      _testmain.go:131 +0x164

Goroutine 765 (running) created at:
  github.com/juicedata/juicefs/pkg/chunk.newCacheStore()
      /home/kwatanabe/.jfs-baseline-hwDf9E/pkg/chunk/disk_cache.go:162 +0x108a
  github.com/juicedata/juicefs/pkg/chunk.TestLruEviction.func2()
      /home/kwatanabe/.jfs-baseline-hwDf9E/pkg/chunk/disk_cache_test.go:621 +0x218
  github.com/smartystreets/goconvey/convey.discover.parseAction.func1()
      /home/kwatanabe/go/1.25.11/pkg/mod/github.com/smartystreets/goconvey@v1.7.2/convey/discovery.go:89 +0x2e
  github.com/smartystreets/goconvey/convey.(*context).conveyInner()
      /home/kwatanabe/go/1.25.11/pkg/mod/github.com/smartystreets/goconvey@v1.7.2/convey/context.go:279 +0x2ac
  github.com/smartystreets/goconvey/convey.rootConvey.func1()
      /home/kwatanabe/go/1.25.11/pkg/mod/github.com/smartystreets/goconvey@v1.7.2/convey/context.go:112 +0x1a4
  github.com/jtolds/gls.(*ContextManager).SetValues.func1()
      /home/kwatanabe/go/1.25.11/pkg/mod/github.com/jtolds/gls@v4.20.0+incompatible/context.go:97 +0x666
  github.com/jtolds/gls.EnsureGoroutineId.func1()
      /home/kwatanabe/go/1.25.11/pkg/mod/github.com/jtolds/gls@v4.20.0+incompatible/gid.go:24 +0x38
  github.com/jtolds/gls._m()
      /home/kwatanabe/go/1.25.11/pkg/mod/github.com/jtolds/gls@v4.20.0+incompatible/stack_tags.go:108 +0x38
  github.com/jtolds/gls.github_com_jtolds_gls_markS()
      /home/kwatanabe/go/1.25.11/pkg/mod/github.com/jtolds/gls@v4.20.0+incompatible/stack_tags.go:56 +0x33
  github.com/jtolds/gls.addStackTag()
      /home/kwatanabe/go/1.25.11/pkg/mod/github.com/jtolds/gls@v4.20.0+incompatible/stack_tags.go:49 +0x15c
  github.com/jtolds/gls.EnsureGoroutineId()
      /home/kwatanabe/go/1.25.11/pkg/mod/github.com/jtolds/gls@v4.20.0+incompatible/gid.go:24 +0xcd
  github.com/jtolds/gls.(*ContextManager).SetValues()
      /home/kwatanabe/go/1.25.11/pkg/mod/github.com/jtolds/gls@v4.20.0+incompatible/context.go:63 +0x27c
  github.com/smartystreets/goconvey/convey.rootConvey()
      /home/kwatanabe/go/1.25.11/pkg/mod/github.com/smartystreets/goconvey@v1.7.2/convey/context.go:107 +0x54f
  github.com/smartystreets/goconvey/convey.Convey()
      /home/kwatanabe/go/1.25.11/pkg/mod/github.com/smartystreets/goconvey@v1.7.2/convey/doc.go:76 +0x9a
  github.com/juicedata/juicefs/pkg/chunk.TestLruEviction()
      /home/kwatanabe/.jfs-baseline-hwDf9E/pkg/chunk/disk_cache_test.go:607 +0x1fa
  testing.tRunner()
      /home/kwatanabe/.goenv/versions/1.25.11/src/testing/testing.go:1934 +0x21c
  testing.(*T).Run.gowrap1()
      /home/kwatanabe/.goenv/versions/1.25.11/src/testing/testing.go:1997 +0x44
==================
[31m[0m[33m[0m[32m
1 total assertion[0m

--- FAIL: TestLruEviction (0.01s)
    testing.go:1617: race detected during execution of test
2026/10/02 18:44:26.352079 juicefs[630724] <INFO>: Disk cache (/home/kwatanabe/.jfs-chunk-test-VlIrvK/TestCooldownAtimeOnWriteFixedOnLoad41094726/001): used ratio - [space 19.4%, inode 4.4%] [newCacheStore@disk_cache.go:154]
==================
WARNING: DATA RACE
Read at 0x00c000e57089 by goroutine 769:
  github.com/juicedata/juicefs/pkg/chunk.(*cacheStore).stage()
      /home/kwatanabe/.jfs-baseline-hwDf9E/pkg/chunk/disk_cache.go:785 +0x1c4
  github.com/juicedata/juicefs/pkg/chunk.TestCooldownAtimeOnWriteFixedOnLoad.func1()
      /home/kwatanabe/.jfs-baseline-hwDf9E/pkg/chunk/disk_cache_test.go:669 +0x20e
  runtime.call16()
      /home/kwatanabe/.goenv/versions/1.25.11/src/runtime/asm_amd64.s:774 +0x42
  reflect.Value.Call()
      /home/kwatanabe/.goenv/versions/1.25.11/src/reflect/value.go:365 +0xb5
  github.com/bytedance/mockey/internal/tool.ReflectCall()
      /home/kwatanabe/go/1.25.11/pkg/mod/github.com/bytedance/mockey@v1.2.14/internal/tool/call.go:36 +0x199
  github.com/bytedance/mockey.PatchConvey.func1()
      /home/kwatanabe/go/1.25.11/pkg/mod/github.com/bytedance/mockey@v1.2.14/convey.go:43 +0x1d5
  reflect.callReflect()
      /home/kwatanabe/.goenv/versions/1.25.11/src/reflect/value.go:767 +0x9a2
  reflect.callReflect()
      <autogenerated>:1 +0x56
  reflect.makeFuncStub()
      /home/kwatanabe/.goenv/versions/1.25.11/src/reflect/asm_amd64.s:47 +0x6d
  github.com/smartystreets/goconvey/convey.(*context).conveyInner()
      /home/kwatanabe/go/1.25.11/pkg/mod/github.com/smartystreets/goconvey@v1.7.2/convey/context.go:279 +0x2ac
  github.com/smartystreets/goconvey/convey.rootConvey.func1()
      /home/kwatanabe/go/1.25.11/pkg/mod/github.com/smartystreets/goconvey@v1.7.2/convey/context.go:112 +0x1a4
  github.com/jtolds/gls.(*ContextManager).SetValues.func1()
      /home/kwatanabe/go/1.25.11/pkg/mod/github.com/jtolds/gls@v4.20.0+incompatible/context.go:97 +0x666
  github.com/jtolds/gls.EnsureGoroutineId.func1()
      /home/kwatanabe/go/1.25.11/pkg/mod/github.com/jtolds/gls@v4.20.0+incompatible/gid.go:24 +0x38
  github.com/jtolds/gls._m()
      /home/kwatanabe/go/1.25.11/pkg/mod/github.com/jtolds/gls@v4.20.0+incompatible/stack_tags.go:108 +0x38
  github.com/jtolds/gls.github_com_jtolds_gls_markS()
      /home/kwatanabe/go/1.25.11/pkg/mod/github.com/jtolds/gls@v4.20.0+incompatible/stack_tags.go:56 +0x33
  github.com/jtolds/gls.addStackTag()
      /home/kwatanabe/go/1.25.11/pkg/mod/github.com/jtolds/gls@v4.20.0+incompatible/stack_tags.go:49 +0x15c
  github.com/jtolds/gls.EnsureGoroutineId()
      /home/kwatanabe/go/1.25.11/pkg/mod/github.com/jtolds/gls@v4.20.0+incompatible/gid.go:24 +0xcd
  github.com/jtolds/gls.(*ContextManager).SetValues()
      /home/kwatanabe/go/1.25.11/pkg/mod/github.com/jtolds/gls@v4.20.0+incompatible/context.go:63 +0x27c
  github.com/smartystreets/goconvey/convey.rootConvey()
      /home/kwatanabe/go/1.25.11/pkg/mod/github.com/smartystreets/goconvey@v1.7.2/convey/context.go:107 +0x54f
  github.com/smartystreets/goconvey/convey.Convey()
      /home/kwatanabe/go/1.25.11/pkg/mod/github.com/smartystreets/goconvey@v1.7.2/convey/doc.go:76 +0x9a
  github.com/bytedance/mockey.PatchConvey()
      /home/kwatanabe/go/1.25.11/pkg/mod/github.com/bytedance/mockey@v1.2.14/convey.go:48 +0x304
  github.com/juicedata/juicefs/pkg/chunk.TestCooldownAtimeOnWriteFixedOnLoad()
      /home/kwatanabe/.jfs-baseline-hwDf9E/pkg/chunk/disk_cache_test.go:666 +0x375
  testing.tRunner()
      /home/kwatanabe/.goenv/versions/1.25.11/src/testing/testing.go:1934 +0x21c
  testing.(*T).Run.gowrap1()
      /home/kwatanabe/.goenv/versions/1.25.11/src/testing/testing.go:1997 +0x44

Previous write at 0x00c000e57089 by goroutine 773:
  github.com/juicedata/juicefs/pkg/chunk.(*cacheStore).checkFreeSpace()
      /home/kwatanabe/.jfs-baseline-hwDf9E/pkg/chunk/disk_cache.go:356 +0x133
  github.com/juicedata/juicefs/pkg/chunk.newCacheStore.gowrap3()
      /home/kwatanabe/.jfs-baseline-hwDf9E/pkg/chunk/disk_cache.go:162 +0x33

Goroutine 769 (running) created at:
  testing.(*T).Run()
      /home/kwatanabe/.goenv/versions/1.25.11/src/testing/testing.go:1997 +0x9d2
  testing.runTests.func1()
      /home/kwatanabe/.goenv/versions/1.25.11/src/testing/testing.go:2477 +0x84
  testing.tRunner()
      /home/kwatanabe/.goenv/versions/1.25.11/src/testing/testing.go:1934 +0x21c
  testing.runTests()
      /home/kwatanabe/.goenv/versions/1.25.11/src/testing/testing.go:2475 +0x96c
  testing.(*M).Run()
      /home/kwatanabe/.goenv/versions/1.25.11/src/testing/testing.go:2337 +0xed4
  main.main()
      _testmain.go:131 +0x164

Goroutine 773 (running) created at:
  github.com/juicedata/juicefs/pkg/chunk.newCacheStore()
      /home/kwatanabe/.jfs-baseline-hwDf9E/pkg/chunk/disk_cache.go:162 +0x108a
  github.com/juicedata/juicefs/pkg/chunk.TestCooldownAtimeOnWriteFixedOnLoad()
      /home/kwatanabe/.jfs-baseline-hwDf9E/pkg/chunk/disk_cache_test.go:662 +0x193
  testing.tRunner()
      /home/kwatanabe/.goenv/versions/1.25.11/src/testing/testing.go:1934 +0x21c
  testing.(*T).Run.gowrap1()
      /home/kwatanabe/.goenv/versions/1.25.11/src/testing/testing.go:1997 +0x44
==================
[31m[0m[33m[0m[32m
1 total assertion[0m

--- FAIL: TestCooldownAtimeOnWriteFixedOnLoad (0.00s)
    testing.go:1617: race detected during execution of test
[31m[0m[33m[0m[32m
1 total assertion[0m

[31m[0m[33m[0m[32m
1 total assertion[0m

[31m[0m[33m[0m[32m
1 total assertion[0m

2026/10/02 18:44:26.700560 juicefs[630724] <WARNING>: statfs /home/kwatanabe/.jfs-chunk-test-VlIrvK/TestDiskCacheState1992529928/007/: no such file or directory [getDiskUsage@utils_unix.go:39]
2026/10/02 18:44:26.702457 juicefs[630724] <WARNING>: statfs /home/kwatanabe/.jfs-chunk-test-VlIrvK/TestDiskCacheState1992529928/006/: no such file or directory [getDiskUsage@utils_unix.go:39]
2026/10/02 18:44:26.702507 juicefs[630724] <WARNING>: statfs /home/kwatanabe/.jfs-chunk-test-VlIrvK/TestDiskCacheState1992529928/004/: no such file or directory [getDiskUsage@utils_unix.go:39]
2026/10/02 18:44:26.702560 juicefs[630724] <WARNING>: statfs /home/kwatanabe/.jfs-chunk-test-VlIrvK/TestDiskCacheState1992529928/002/: no such file or directory [getDiskUsage@utils_unix.go:39]
2026/10/02 18:44:26.702526 juicefs[630724] <WARNING>: statfs /home/kwatanabe/.jfs-chunk-test-VlIrvK/TestDiskCacheState1992529928/003/: no such file or directory [getDiskUsage@utils_unix.go:39]
2026/10/02 18:44:26.702764 juicefs[630724] <WARNING>: statfs /home/kwatanabe/.jfs-chunk-test-VlIrvK/TestDiskCacheState1992529928/009/: no such file or directory [getDiskUsage@utils_unix.go:39]
2026/10/02 18:44:26.706095 juicefs[630724] <WARNING>: statfs /home/kwatanabe/.jfs-chunk-test-VlIrvK/TestDiskCacheState1992529928/011/: no such file or directory [getDiskUsage@utils_unix.go:39]
2026/10/02 18:44:26.706099 juicefs[630724] <WARNING>: statfs /home/kwatanabe/.jfs-chunk-test-VlIrvK/TestDiskCacheState1992529928/008/: no such file or directory [getDiskUsage@utils_unix.go:39]
2026/10/02 18:44:26.707508 juicefs[630724] <WARNING>: statfs /home/kwatanabe/.jfs-chunk-test-VlIrvK/TestDiskCacheState1992529928/010/: no such file or directory [getDiskUsage@utils_unix.go:39]
2026/10/02 18:44:26.708512 juicefs[630724] <WARNING>: statfs /home/kwatanabe/.jfs-chunk-test-VlIrvK/diskCache-630724/1790934244697393759: no such file or directory [getDiskUsage@utils_unix.go:39]
2026/10/02 18:44:26.714715 juicefs[630724] <WARNING>: statfs /home/kwatanabe/.jfs-chunk-test-VlIrvK/diskCache-630724/1790934244698147427/: no such file or directory [getDiskUsage@utils_unix.go:39]
2026/10/02 18:44:26.819255 juicefs[630724] <WARNING>: statfs /home/kwatanabe/.jfs-chunk-test-VlIrvK/diskCache-630724/1790934244801684081: no such file or directory [getDiskUsage@utils_unix.go:39]
2026/10/02 18:44:26.843172 juicefs[630724] <WARNING>: statfs /home/kwatanabe/.jfs-chunk-test-VlIrvK/diskCache-630724/1790934264841180534: no such file or directory [getDiskUsage@utils_unix.go:39]
2026/10/02 18:44:26.844309 juicefs[630724] <WARNING>: statfs /home/kwatanabe/.jfs-chunk-test-VlIrvK/TestUnknownInodeStatsShouldNotMarkCacheAsRawFull1842058711/001: no such file or directory [getDiskUsage@utils_unix.go:39]
2026/10/02 18:44:26.857865 juicefs[630724] <WARNING>: statfs /home/kwatanabe/.jfs-chunk-test-VlIrvK/diskCache-630724/1790934264841993558: no such file or directory [getDiskUsage@utils_unix.go:39]
2026/10/02 18:44:27.345901 juicefs[630724] <WARNING>: statfs /home/kwatanabe/.jfs-chunk-test-VlIrvK/Test2RandomEviction639933652/001/diskCache: no such file or directory [getDiskUsage@utils_unix.go:39]
2026/10/02 18:44:27.349262 juicefs[630724] <WARNING>: statfs /home/kwatanabe/.jfs-chunk-test-VlIrvK/TestLruEviction1053006230/002/diskCache: no such file or directory [getDiskUsage@utils_unix.go:39]
2026/10/02 18:44:27.356666 juicefs[630724] <WARNING>: statfs /home/kwatanabe/.jfs-chunk-test-VlIrvK/TestCooldownAtimeOnWriteFixedOnLoad41094726/001: no such file or directory [getDiskUsage@utils_unix.go:39]
2026/10/02 18:44:27.364382 juicefs[630724] <WARNING>: statfs /home/kwatanabe/.jfs-chunk-test-VlIrvK/TestLruEviction1053006230/001/diskCache: no such file or directory [getDiskUsage@utils_unix.go:39]
2026/10/02 18:44:27.700723 juicefs[630724] <WARNING>: statfs /home/kwatanabe/.jfs-chunk-test-VlIrvK/TestDiskCacheState1992529928/007/: no such file or directory [getDiskUsage@utils_unix.go:39]
2026/10/02 18:44:27.702992 juicefs[630724] <WARNING>: statfs /home/kwatanabe/.jfs-chunk-test-VlIrvK/TestDiskCacheState1992529928/006/: no such file or directory [getDiskUsage@utils_unix.go:39]
2026/10/02 18:44:27.703084 juicefs[630724] <WARNING>: statfs /home/kwatanabe/.jfs-chunk-test-VlIrvK/TestDiskCacheState1992529928/003/: no such file or directory [getDiskUsage@utils_unix.go:39]
2026/10/02 18:44:27.704113 juicefs[630724] <WARNING>: statfs /home/kwatanabe/.jfs-chunk-test-VlIrvK/TestDiskCacheState1992529928/002/: no such file or directory [getDiskUsage@utils_unix.go:39]
2026/10/02 18:44:27.705237 juicefs[630724] <WARNING>: statfs /home/kwatanabe/.jfs-chunk-test-VlIrvK/TestDiskCacheState1992529928/004/: no such file or directory [getDiskUsage@utils_unix.go:39]
2026/10/02 18:44:27.705282 juicefs[630724] <WARNING>: statfs /home/kwatanabe/.jfs-chunk-test-VlIrvK/TestDiskCacheState1992529928/009/: no such file or directory [getDiskUsage@utils_unix.go:39]
2026/10/02 18:44:27.706317 juicefs[630724] <WARNING>: statfs /home/kwatanabe/.jfs-chunk-test-VlIrvK/TestDiskCacheState1992529928/011/: no such file or directory [getDiskUsage@utils_unix.go:39]
2026/10/02 18:44:27.706420 juicefs[630724] <WARNING>: statfs /home/kwatanabe/.jfs-chunk-test-VlIrvK/TestDiskCacheState1992529928/008/: no such file or directory [getDiskUsage@utils_unix.go:39]
2026/10/02 18:44:27.707691 juicefs[630724] <WARNING>: statfs /home/kwatanabe/.jfs-chunk-test-VlIrvK/TestDiskCacheState1992529928/010/: no such file or directory [getDiskUsage@utils_unix.go:39]
2026/10/02 18:44:27.709748 juicefs[630724] <WARNING>: statfs /home/kwatanabe/.jfs-chunk-test-VlIrvK/diskCache-630724/1790934244697393759: no such file or directory [getDiskUsage@utils_unix.go:39]
2026/10/02 18:44:27.715432 juicefs[630724] <WARNING>: statfs /home/kwatanabe/.jfs-chunk-test-VlIrvK/diskCache-630724/1790934244698147427/: no such file or directory [getDiskUsage@utils_unix.go:39]
2026/10/02 18:44:27.819392 juicefs[630724] <WARNING>: statfs /home/kwatanabe/.jfs-chunk-test-VlIrvK/diskCache-630724/1790934244801684081: no such file or directory [getDiskUsage@utils_unix.go:39]
2026/10/02 18:44:27.843470 juicefs[630724] <WARNING>: statfs /home/kwatanabe/.jfs-chunk-test-VlIrvK/diskCache-630724/1790934264841180534: no such file or directory [getDiskUsage@utils_unix.go:39]
2026/10/02 18:44:27.844757 juicefs[630724] <WARNING>: statfs /home/kwatanabe/.jfs-chunk-test-VlIrvK/TestUnknownInodeStatsShouldNotMarkCacheAsRawFull1842058711/001: no such file or directory [getDiskUsage@utils_unix.go:39]
2026/10/02 18:44:27.858539 juicefs[630724] <WARNING>: statfs /home/kwatanabe/.jfs-chunk-test-VlIrvK/diskCache-630724/1790934264841993558: no such file or directory [getDiskUsage@utils_unix.go:39]
2026/10/02 18:44:28.346210 juicefs[630724] <WARNING>: statfs /home/kwatanabe/.jfs-chunk-test-VlIrvK/Test2RandomEviction639933652/001/diskCache: no such file or directory [getDiskUsage@utils_unix.go:39]
2026/10/02 18:44:28.349950 juicefs[630724] <WARNING>: statfs /home/kwatanabe/.jfs-chunk-test-VlIrvK/TestLruEviction1053006230/002/diskCache: no such file or directory [getDiskUsage@utils_unix.go:39]
2026/10/02 18:44:28.356887 juicefs[630724] <WARNING>: statfs /home/kwatanabe/.jfs-chunk-test-VlIrvK/TestCooldownAtimeOnWriteFixedOnLoad41094726/001: no such file or directory [getDiskUsage@utils_unix.go:39]
2026/10/02 18:44:28.365222 juicefs[630724] <WARNING>: statfs /home/kwatanabe/.jfs-chunk-test-VlIrvK/TestLruEviction1053006230/001/diskCache: no such file or directory [getDiskUsage@utils_unix.go:39]
--- FAIL: TestSingleFlight (2.19s)
    singleflight_test.go:76: singleflight doesn't take effect: 1001
FAIL
FAIL	github.com/juicedata/juicefs/pkg/chunk	44.500s
FAIL
